date,ticker,close_price
2023-01-02,NOVX,198.48
2023-01-03,NOVX,198.34
2023-01-04,NOVX,199.52
2023-01-05,NOVX,198.52
2023-01-06,NOVX,200.83
2023-01-09,NOVX,199.5
2023-01-10,NOVX,199.85
2023-01-11,NOVX,199.66
2023-01-12,NOVX,201.95
2023-01-13,NOVX,203.12
2023-01-16,NOVX,209.13
2023-01-17,NOVX,209.96
2023-01-18,NOVX,210.22
2023-01-19,NOVX,209.63
2023-01-20,NOVX,209.94
2023-01-23,NOVX,205.15
2023-01-24,NOVX,204.28
2023-01-25,NOVX,203.78
2023-01-26,NOVX,201.14
2023-01-27,NOVX,200.6
2023-01-30,NOVX,199.94
2023-01-31,NOVX,203.34
2023-02-01,NOVX,202.3
2023-02-02,NOVX,203.99
2023-02-03,NOVX,207.52
2023-02-06,NOVX,205.92
2023-02-07,NOVX,204.04
2023-02-08,NOVX,201.04
2023-02-10,NOVX,200.13
2023-02-13,NOVX,200.44
2023-02-14,NOVX,201.17
2023-02-15,NOVX,199.86
2023-02-16,NOVX,200.55
2023-02-17,NOVX,200.31
2023-02-20,NOVX,200.5
2023-02-21,NOVX,197.53
2023-02-22,NOVX,196.24
2023-02-23,NOVX,195.83
2023-02-24,NOVX,196.33
2023-02-27,NOVX,198.39
2023-02-28,NOVX,196.26
2023-03-01,NOVX,201.42
2023-03-02,NOVX,200.53
2023-03-03,NOVX,200.43
2023-03-06,NOVX,199.35
2023-03-07,NOVX,198.69
2023-03-08,NOVX,197.84
2023-03-09,NOVX,196.92
2023-03-10,NOVX,198.06
2023-03-13,NOVX,198.6
2023-03-14,NOVX,201.33
2023-03-15,NOVX,204.36
2023-03-16,NOVX,205.05
2023-03-17,NOVX,201.88
2023-03-20,NOVX,200.2
2023-03-21,NOVX,200.97
2023-03-22,NOVX,198.63
2023-03-23,NOVX,194.22
2023-03-24,NOVX,192.42
2023-03-27,NOVX,195.24
2023-03-28,NOVX,193.55
2023-03-29,NOVX,194.11
2023-03-30,NOVX,195.72
2023-03-31,NOVX,194.87
2023-04-03,NOVX,200.99
2023-04-04,NOVX,203.07
2023-04-05,NOVX,206.14
2023-04-06,NOVX,204.58
2023-04-07,NOVX,204.99
2023-04-10,NOVX,206.74
2023-04-11,NOVX,208.15
2023-04-12,NOVX,208.01
2023-04-13,NOVX,203.98
2023-04-14,NOVX,206.05
2023-04-17,NOVX,205.85
2023-04-18,NOVX,204.82
2023-04-19,NOVX,202.86
2023-04-20,NOVX,201.8
2023-04-21,NOVX,200.01
2023-04-24,NOVX,198.97
2023-04-25,NOVX,199.65
2023-04-26,NOVX,199.47
2023-04-27,NOVX,198.89
2023-04-28,NOVX,197.76
2023-05-01,NOVX,197.81
2023-05-02,NOVX,200.12
2023-05-03,NOVX,198.28
2023-05-04,NOVX,197.23
2023-05-05,NOVX,196.96
2023-05-08,NOVX,195.71
2023-05-09,NOVX,195.25
2023-05-10,NOVX,196.66
2023-05-11,NOVX,190.71
2023-05-12,NOVX,192.25
2023-05-15,NOVX,192.55
2023-05-16,NOVX,193.83
2023-05-17,NOVX,195.0
2023-05-18,NOVX,193.87
2023-05-19,NOVX,193.2
2023-05-22,NOVX,190.98
2023-05-23,NOVX,194.04
2023-05-24,NOVX,194.19
2023-05-25,NOVX,195.03
2023-05-26,NOVX,194.69
2023-05-29,NOVX,193.41
2023-05-30,NOVX,192.96
2023-05-31,NOVX,193.64
2023-06-01,NOVX,195.93
2023-06-02,NOVX,198.66
2023-06-05,NOVX,196.78
2023-06-06,NOVX,196.76
2023-06-07,NOVX,196.89
2023-06-08,NOVX,196.68
2023-06-09,NOVX,199.48
2023-06-12,NOVX,200.17
2023-06-13,NOVX,200.2
2023-06-14,NOVX,197.03
2023-06-15,NOVX,196.11
2023-06-16,NOVX,197.12
2023-06-19,NOVX,198.18
2023-06-20,NOVX,200.54
2023-06-21,NOVX,197.67
2023-06-22,NOVX,200.06
2023-06-23,NOVX,201.88
2023-06-26,NOVX,201.14
2023-06-27,NOVX,200.43
2023-06-28,NOVX,203.58
2023-06-29,NOVX,203.1
2023-06-30,NOVX,202.96
2023-07-03,NOVX,201.37
2023-07-04,NOVX,203.47
2023-07-05,NOVX,201.03
2023-07-06,NOVX,203.79
2023-07-07,NOVX,206.05
2023-07-10,NOVX,206.85
2023-07-11,NOVX,205.02
2023-07-12,NOVX,205.07
2023-07-13,NOVX,205.46
2023-07-14,NOVX,208.53
2023-07-17,NOVX,204.95
2023-07-18,NOVX,200.89
2023-07-19,NOVX,203.79
2023-07-20,NOVX,207.31
2023-07-21,NOVX,210.48
2023-07-24,NOVX,210.39
2023-07-25,NOVX,211.26
2023-07-26,NOVX,210.28
2023-07-27,NOVX,212.58
2023-07-28,NOVX,211.32
2023-08-01,NOVX,212.69
2023-08-02,NOVX,211.65
2023-08-03,NOVX,210.81
2023-08-04,NOVX,209.27
2023-08-07,NOVX,208.51
2023-08-08,NOVX,209.88
2023-08-09,NOVX,209.39
2023-08-10,NOVX,210.88
2023-08-11,NOVX,210.6
2023-08-14,NOVX,211.52
2023-08-15,NOVX,209.76
2023-08-16,NOVX,206.22
2023-08-17,NOVX,206.17
2023-08-18,NOVX,206.15
2023-08-21,NOVX,203.85
2023-08-22,NOVX,202.6
2023-08-23,NOVX,203.05
2023-08-24,NOVX,204.99
2023-08-25,NOVX,205.35
2023-08-28,NOVX,206.01
2023-08-29,NOVX,204.32
2023-08-30,NOVX,207.14
2023-08-31,NOVX,207.33
2023-09-01,NOVX,208.51
2023-09-04,NOVX,205.01
2023-09-05,NOVX,205.55
2023-09-06,NOVX,204.74
2023-09-07,NOVX,203.89
2023-09-08,NOVX,203.98
2023-09-11,NOVX,206.57
2023-09-12,NOVX,206.67
2023-09-13,NOVX,205.82
2023-09-14,NOVX,207.91
2023-09-15,NOVX,207.33
2023-09-18,NOVX,208.49
2023-09-19,NOVX,206.85
2023-09-20,NOVX,209.26
2023-09-21,NOVX,209.07
2023-09-22,NOVX,206.86
2023-09-25,NOVX,204.99
2023-09-26,NOVX,201.35
2023-09-27,NOVX,200.24
2023-09-28,NOVX,200.16
2023-09-29,NOVX,201.47
2023-10-02,NOVX,199.03
2023-10-03,NOVX,198.7
2023-10-04,NOVX,198.39
2023-10-05,NOVX,199.73
2023-10-06,NOVX,200.54
2023-10-09,NOVX,201.5
2023-10-10,NOVX,203.15
2023-10-11,NOVX,203.86
2023-10-12,NOVX,204.35
2023-10-13,NOVX,206.13
2023-10-16,NOVX,204.94
2023-10-17,NOVX,201.63
2023-10-18,NOVX,203.26
2023-10-19,NOVX,203.31
2023-10-20,NOVX,205.08
2023-10-23,NOVX,204.54
2023-10-24,NOVX,203.53
2023-10-25,NOVX,202.77
2023-10-26,NOVX,204.34
2023-10-27,NOVX,204.63
2023-10-30,NOVX,205.64
2023-10-31,NOVX,207.37
2023-11-01,NOVX,209.15
2023-11-02,NOVX,209.45
2023-11-03,NOVX,208.83
2023-11-06,NOVX,208.06
2023-11-07,NOVX,207.15
2023-11-08,NOVX,208.01
2023-11-09,NOVX,205.81
2023-11-10,NOVX,207.87
2023-11-13,NOVX,208.18
2023-11-14,NOVX,208.35
2023-11-15,NOVX,206.8
2023-11-16,NOVX,208.91
2023-11-17,NOVX,209.02
2023-11-20,NOVX,204.57
2023-11-21,NOVX,205.1
2023-11-22,NOVX,205.86
2023-11-23,NOVX,206.41
2023-11-24,NOVX,209.14
2023-11-27,NOVX,206.77
2023-11-28,NOVX,204.9
2023-11-29,NOVX,205.73
2023-11-30,NOVX,205.54
2023-12-01,NOVX,203.55
2023-12-04,NOVX,199.54
2023-12-05,NOVX,201.9
2023-12-06,NOVX,203.13
2023-12-07,NOVX,203.61
2023-12-08,NOVX,200.19
2023-12-11,NOVX,203.21
2023-12-12,NOVX,202.9
2023-12-13,NOVX,201.45
2023-12-14,NOVX,202.96
2023-12-15,NOVX,203.33
2023-12-18,NOVX,202.57
2023-12-19,NOVX,203.88
2023-12-20,NOVX,201.43
2023-12-21,NOVX,202.78
2023-12-22,NOVX,202.48
2023-12-25,NOVX,200.6
2023-12-26,NOVX,200.79
2023-12-27,NOVX,202.75
2023-12-28,NOVX,200.08
2023-12-29,NOVX,200.15
2024-01-01,NOVX,202.09
2024-01-02,NOVX,205.47
2024-01-03,NOVX,206.09
2024-01-04,NOVX,206.57
2024-01-05,NOVX,205.0
2024-01-08,NOVX,204.95
2024-01-09,NOVX,205.2
2024-01-10,NOVX,204.81
2024-01-11,NOVX,202.78
2024-01-12,NOVX,201.53
2024-01-15,NOVX,199.91
2024-01-16,NOVX,200.38
2024-01-17,NOVX,203.01
2024-01-18,NOVX,200.86
2024-01-19,NOVX,201.22
2024-01-22,NOVX,199.89
2024-01-23,NOVX,202.25
2024-01-24,NOVX,203.09
2024-01-25,NOVX,203.88
2024-01-26,NOVX,203.96
2024-01-29,NOVX,202.83
2024-01-30,NOVX,202.05
2024-01-31,NOVX,197.29
2024-02-01,NOVX,198.2
2024-02-02,NOVX,198.86
2024-02-05,NOVX,200.99
2024-02-06,NOVX,201.18
2024-02-07,NOVX,198.62
2024-02-08,NOVX,197.74
2024-02-09,NOVX,194.24
2024-02-12,NOVX,194.44
2024-02-13,NOVX,193.43
2024-02-14,NOVX,193.82
2024-02-15,NOVX,190.71
2024-02-16,NOVX,191.14
2024-02-19,NOVX,190.75
2024-02-20,NOVX,190.35
2024-02-21,NOVX,188.59
2024-02-22,NOVX,193.53
2024-02-23,NOVX,191.19
2024-02-26,NOVX,189.36
2024-02-27,NOVX,187.66
2024-02-28,NOVX,188.2
2024-02-29,NOVX,187.42
2024-03-01,NOVX,189.55
2024-03-04,NOVX,190.62
2024-03-05,NOVX,190.25
2024-03-06,NOVX,190.81
2024-03-08,NOVX,189.52
2024-03-11,NOVX,190.2
2024-03-12,NOVX,189.51
2024-03-13,NOVX,187.03
2024-03-14,NOVX,189.57
2024-03-15,NOVX,188.23
2024-03-18,NOVX,189.8
2024-03-19,NOVX,189.1
2024-03-20,NOVX,191.68
2024-03-21,NOVX,189.97
2024-03-22,NOVX,189.0
2024-03-25,NOVX,191.55
2024-03-26,NOVX,193.36
2024-03-27,NOVX,195.17
2024-03-28,NOVX,193.18
2024-03-29,NOVX,193.17
2024-04-01,NOVX,191.82
2024-04-02,NOVX,192.42
2024-04-03,NOVX,195.52
2024-04-04,NOVX,194.75
2024-04-05,NOVX,197.27
2024-04-08,NOVX,197.26
2024-04-09,NOVX,197.34
2024-04-10,NOVX,195.4
2024-04-11,NOVX,196.34
2024-04-12,NOVX,198.39
2024-04-15,NOVX,199.73
2024-04-16,NOVX,200.6
2024-04-17,NOVX,201.58
2024-04-18,NOVX,200.35
2024-04-19,NOVX,203.36
2024-04-22,NOVX,202.26
2024-04-23,NOVX,201.64
2024-04-24,NOVX,203.06
2024-04-25,NOVX,197.82
2024-04-26,NOVX,197.34
2024-04-29,NOVX,196.39
2024-04-30,NOVX,196.96
2024-05-01,NOVX,194.92
2024-05-02,NOVX,192.88
2024-05-03,NOVX,194.5
2024-05-06,NOVX,193.7
2024-05-07,NOVX,195.97
2024-05-08,NOVX,195.57
2024-05-09,NOVX,193.52
2024-05-10,NOVX,192.85
2024-05-13,NOVX,194.44
2024-05-14,NOVX,193.46
2024-05-15,NOVX,190.78
2024-05-16,NOVX,190.8
2024-05-17,NOVX,193.16
2024-05-20,NOVX,189.1
2024-05-21,NOVX,186.33
2024-05-22,NOVX,188.77
2024-05-23,NOVX,189.64
2024-05-24,NOVX,188.63
2024-05-27,NOVX,190.42
2024-05-28,NOVX,189.63
2024-05-29,NOVX,188.96
2024-05-30,NOVX,191.05
2024-05-31,NOVX,192.27
2024-06-03,NOVX,193.94
2024-06-04,NOVX,192.15
2024-06-05,NOVX,191.65
2024-06-06,NOVX,190.94
2024-06-07,NOVX,188.89
2024-06-10,NOVX,191.5
2024-06-11,NOVX,192.24
2024-06-12,NOVX,190.38
2024-06-13,NOVX,191.98
2024-06-14,NOVX,191.52
2024-06-17,NOVX,191.53
2024-06-18,NOVX,193.84
2024-06-19,NOVX,191.33
2024-06-20,NOVX,188.76
2024-06-21,NOVX,189.46
2024-06-24,NOVX,190.51
2024-06-25,NOVX,192.04
2024-06-26,NOVX,191.19
2024-06-27,NOVX,188.93
2024-06-28,NOVX,189.94
2024-07-01,NOVX,188.69
2024-07-02,NOVX,188.88
2024-07-03,NOVX,185.55
2024-07-04,NOVX,183.07
2024-07-05,NOVX,180.44
2024-07-08,NOVX,179.78
2024-07-09,NOVX,180.06
2024-07-10,NOVX,177.8
2024-07-11,NOVX,178.62
2024-07-12,NOVX,178.99
2024-07-15,NOVX,177.74
2024-07-16,NOVX,175.78
2024-07-17,NOVX,175.39
2024-07-18,NOVX,178.1
2024-07-19,NOVX,179.59
2024-07-22,NOVX,180.33
2024-07-23,NOVX,179.87
2024-07-24,NOVX,179.86
2024-07-25,NOVX,180.08
2024-07-26,NOVX,179.67
2024-07-29,NOVX,178.84
2024-07-30,NOVX,176.94
2024-07-31,NOVX,175.79
2024-08-01,NOVX,176.36
2024-08-02,NOVX,175.51
2024-08-05,NOVX,175.67
2024-08-06,NOVX,177.65
2024-08-07,NOVX,176.45
2024-08-08,NOVX,180.52
2024-08-09,NOVX,178.33
2024-08-12,NOVX,177.38
2024-08-13,NOVX,175.95
2024-08-14,NOVX,174.84
2024-08-15,NOVX,175.46
2024-08-16,NOVX,173.47
2024-08-19,NOVX,171.82
2024-08-20,NOVX,170.27
2024-08-21,NOVX,171.36
2024-08-22,NOVX,169.58
2024-08-23,NOVX,169.0
2024-08-26,NOVX,170.47
2024-08-27,NOVX,171.52
2024-08-28,NOVX,172.19
2024-08-29,NOVX,173.44
2024-08-30,NOVX,174.83
2024-09-02,NOVX,177.28
2024-09-03,NOVX,175.77
2024-09-04,NOVX,173.01
2024-09-05,NOVX,173.32
2024-09-06,NOVX,176.22
2024-09-09,NOVX,178.82
2024-09-10,NOVX,180.42
2024-09-11,NOVX,178.47
2024-09-12,NOVX,178.97
2024-09-13,NOVX,177.56
2024-09-16,NOVX,175.9
2024-09-17,NOVX,175.52
2024-09-18,NOVX,173.06
2024-09-19,NOVX,171.64
2024-09-20,NOVX,171.67
2024-09-23,NOVX,172.0
2024-09-24,NOVX,172.91
2024-09-25,NOVX,172.37
2024-09-26,NOVX,173.44
2024-09-27,NOVX,172.75
2024-09-30,NOVX,173.95
2024-10-01,NOVX,173.52
2024-10-02,NOVX,174.14
2024-10-03,NOVX,173.6
2024-10-04,NOVX,173.44
2024-10-07,NOVX,169.8
2024-10-08,NOVX,170.66
2024-10-09,NOVX,171.92
2024-10-10,NOVX,168.84
2024-10-11,NOVX,170.81
2024-10-14,NOVX,167.39
2024-10-15,NOVX,168.63
2024-10-16,NOVX,167.9
2024-10-17,NOVX,166.21
2024-10-18,NOVX,165.46
2024-10-21,NOVX,166.01
2024-10-22,NOVX,163.96
2024-10-23,NOVX,164.55
2024-10-24,NOVX,167.04
2024-10-25,NOVX,167.38
2024-10-28,NOVX,166.88
2024-10-29,NOVX,166.66
2024-10-30,NOVX,167.28
2024-10-31,NOVX,170.15
2024-11-01,NOVX,170.23
2024-11-04,NOVX,170.17
2024-11-05,NOVX,170.93
2024-11-06,NOVX,171.75
2024-11-07,NOVX,172.01
2024-11-08,NOVX,172.05
2024-11-11,NOVX,171.63
2024-11-12,NOVX,172.45
2024-11-13,NOVX,170.0
2024-11-14,NOVX,169.6
2024-11-15,NOVX,168.89
2024-11-18,NOVX,168.83
2024-11-19,NOVX,171.3
2024-11-20,NOVX,172.0
2024-11-21,NOVX,168.27
2024-11-22,NOVX,169.25
2024-11-25,NOVX,167.42
2024-11-26,NOVX,168.7
2024-11-27,NOVX,169.24
2024-11-28,NOVX,169.5
2024-11-29,NOVX,169.17
2024-12-02,NOVX,171.23
2024-12-03,NOVX,173.06
2024-12-04,NOVX,172.99
2024-12-05,NOVX,174.89
2024-12-06,NOVX,176.27
2024-12-09,NOVX,176.56
2024-12-10,NOVX,174.12
2024-12-11,NOVX,174.3
2024-12-12,NOVX,175.67
2024-12-13,NOVX,177.0
2024-12-16,NOVX,177.91
2024-12-17,NOVX,179.92
2024-12-18,NOVX,182.82
2024-12-19,NOVX,183.42
2024-12-20,NOVX,183.81
2024-12-23,NOVX,181.81
2024-12-24,NOVX,181.08
2024-12-25,NOVX,182.14
2024-12-26,NOVX,183.16
2024-12-27,NOVX,184.88
2024-12-30,NOVX,182.98
2024-12-31,NOVX,181.73
2023-01-02,ATLX,171.05
2023-01-03,ATLX,172.92
2023-01-04,ATLX,173.1
2023-01-05,ATLX,170.76
2023-01-06,ATLX,173.99
2023-01-09,ATLX,173.45
2023-01-10,ATLX,177.53
2023-01-11,ATLX,178.23
2023-01-12,ATLX,179.44
2023-01-13,ATLX,182.07
2023-01-16,ATLX,185.88
2023-01-17,ATLX,186.02
2023-01-18,ATLX,187.74
2023-01-19,ATLX,189.88
2023-01-20,ATLX,190.32
2023-01-23,ATLX,192.33
2023-01-24,ATLX,191.71
2023-01-25,ATLX,188.32
2023-01-26,ATLX,189.4
2023-01-27,ATLX,189.77
2023-01-30,ATLX,189.36
2023-01-31,ATLX,192.22
2023-02-01,ATLX,191.73
2023-02-02,ATLX,195.03
2023-02-03,ATLX,194.4
2023-02-06,ATLX,197.37
2023-02-07,ATLX,199.33
2023-02-08,ATLX,199.91
2023-02-09,ATLX,199.46
2023-02-10,ATLX,200.8
2023-02-13,ATLX,200.68
2023-02-14,ATLX,200.9
2023-02-15,ATLX,198.52
2023-02-16,ATLX,200.72
2023-02-17,ATLX,200.99
2023-02-20,ATLX,200.23
2023-02-21,ATLX,204.88
2023-02-22,ATLX,205.44
2023-02-23,ATLX,202.43
2023-02-24,ATLX,200.96
2023-02-27,ATLX,202.79
2023-02-28,ATLX,203.03
2023-03-01,ATLX,205.35
2023-03-02,ATLX,201.18
2023-03-03,ATLX,201.3
2023-03-06,ATLX,204.08
2023-03-07,ATLX,203.36
2023-03-08,ATLX,205.14
2023-03-09,ATLX,204.09
2023-03-10,ATLX,204.02
2023-03-13,ATLX,202.02
2023-03-14,ATLX,204.76
2023-03-15,ATLX,204.86
2023-03-16,ATLX,206.04
2023-03-17,ATLX,206.24
2023-03-20,ATLX,203.12
2023-03-21,ATLX,199.58
2023-03-22,ATLX,199.71
2023-03-23,ATLX,202.08
2023-03-24,ATLX,200.83
2023-03-27,ATLX,202.75
2023-03-28,ATLX,200.52
2023-03-29,ATLX,198.87
2023-03-30,ATLX,199.48
2023-03-31,ATLX,197.7
2023-04-03,ATLX,197.61
2023-04-04,ATLX,198.01
2023-04-05,ATLX,197.29
2023-04-06,ATLX,195.46
2023-04-07,ATLX,193.86
2023-04-10,ATLX,194.97
2023-04-11,ATLX,190.81
2023-04-12,ATLX,189.79
2023-04-13,ATLX,188.37
2023-04-14,ATLX,189.21
2023-04-17,ATLX,189.56
2023-04-18,ATLX,189.04
2023-04-19,ATLX,186.76
2023-04-20,ATLX,184.83
2023-04-21,ATLX,185.62
2023-04-24,ATLX,184.52
2023-04-25,ATLX,185.63
2023-04-26,ATLX,182.85
2023-04-27,ATLX,180.91
2023-04-28,ATLX,183.25
2023-05-01,ATLX,184.85
2023-05-02,ATLX,182.54
2023-05-03,ATLX,179.1
2023-05-04,ATLX,178.21
2023-05-05,ATLX,177.69
2023-05-08,ATLX,177.1
2023-05-09,ATLX,175.36
2023-05-10,ATLX,174.71
2023-05-11,ATLX,176.35
2023-05-12,ATLX,174.69
2023-05-15,ATLX,171.7
2023-05-16,ATLX,169.16
2023-05-17,ATLX,168.74
2023-05-18,ATLX,168.02
2023-05-19,ATLX,168.85
2023-05-22,ATLX,167.6
2023-05-23,ATLX,167.7
2023-05-24,ATLX,168.15
2023-05-25,ATLX,167.48
2023-05-26,ATLX,167.83
2023-05-29,ATLX,167.5
2023-05-30,ATLX,168.65
2023-05-31,ATLX,169.9
2023-06-01,ATLX,170.32
2023-06-02,ATLX,167.12
2023-06-05,ATLX,164.91
2023-06-06,ATLX,166.28
2023-06-07,ATLX,165.65
2023-06-08,ATLX,168.43
2023-06-09,ATLX,167.27
2023-06-12,ATLX,170.21
2023-06-13,ATLX,167.31
2023-06-14,ATLX,170.42
2023-06-15,ATLX,170.07
2023-06-16,ATLX,171.76
2023-06-19,ATLX,173.07
2023-06-20,ATLX,170.12
2023-06-21,ATLX,167.84
2023-06-22,ATLX,165.09
2023-06-23,ATLX,166.98
2023-06-26,ATLX,164.19
2023-06-27,ATLX,163.66
2023-06-28,ATLX,167.3
2023-06-29,ATLX,168.46
2023-06-30,ATLX,168.05
2023-07-03,ATLX,168.62
2023-07-04,ATLX,168.71
2023-07-05,ATLX,170.4
2023-07-06,ATLX,170.34
2023-07-07,ATLX,171.7
2023-07-10,ATLX,169.51
2023-07-11,ATLX,168.74
2023-07-12,ATLX,171.95
2023-07-13,ATLX,171.41
2023-07-14,ATLX,169.54
2023-07-17,ATLX,169.41
2023-07-18,ATLX,172.74
2023-07-19,ATLX,171.88
2023-07-20,ATLX,171.73
2023-07-21,ATLX,173.5
2023-07-24,ATLX,174.05
2023-07-25,ATLX,177.06
2023-07-26,ATLX,179.61
2023-07-27,ATLX,178.23
2023-07-28,ATLX,178.09
2023-07-31,ATLX,177.06
2023-08-01,ATLX,176.15
2023-08-02,ATLX,180.41
2023-08-03,ATLX,183.0
2023-08-04,ATLX,177.34
2023-08-07,ATLX,177.08
2023-08-08,ATLX,174.51
2023-08-09,ATLX,174.99
2023-08-10,ATLX,178.17
2023-08-11,ATLX,178.5
2023-08-14,ATLX,176.29
2023-08-15,ATLX,174.02
2023-08-16,ATLX,176.2
2023-08-17,ATLX,176.83
2023-08-18,ATLX,177.2
2023-08-21,ATLX,175.17
2023-08-22,ATLX,175.41
2023-08-23,ATLX,174.8
2023-08-24,ATLX,174.65
2023-08-25,ATLX,175.17
2023-08-28,ATLX,177.17
2023-08-29,ATLX,176.26
2023-08-30,ATLX,176.2
2023-08-31,ATLX,179.25
2023-09-01,ATLX,179.97
2023-09-04,ATLX,176.29
2023-09-05,ATLX,173.69
2023-09-06,ATLX,176.48
2023-09-07,ATLX,172.73
2023-09-08,ATLX,175.89
2023-09-11,ATLX,177.85
2023-09-12,ATLX,176.83
2023-09-13,ATLX,179.01
2023-09-14,ATLX,180.21
2023-09-15,ATLX,179.88
2023-09-18,ATLX,180.56
2023-09-19,ATLX,178.98
2023-09-20,ATLX,177.8
2023-09-21,ATLX,181.39
2023-09-22,ATLX,182.39
2023-09-25,ATLX,181.57
2023-09-26,ATLX,186.78
2023-09-27,ATLX,185.58
2023-09-28,ATLX,184.18
2023-09-29,ATLX,185.19
2023-10-02,ATLX,184.88
2023-10-03,ATLX,185.57
2023-10-04,ATLX,185.72
2023-10-05,ATLX,183.87
2023-10-06,ATLX,185.53
2023-10-09,ATLX,187.28
2023-10-10,ATLX,186.69
2023-10-11,ATLX,184.76
2023-10-12,ATLX,184.41
2023-10-13,ATLX,186.76
2023-10-16,ATLX,188.83
2023-10-17,ATLX,187.41
2023-10-18,ATLX,186.83
2023-10-19,ATLX,188.42
2023-10-20,ATLX,188.38
2023-10-23,ATLX,191.12
2023-10-24,ATLX,193.82
2023-10-25,ATLX,193.01
2023-10-26,ATLX,193.29
2023-10-27,ATLX,192.51
2023-10-30,ATLX,194.17
2023-10-31,ATLX,197.22
2023-11-01,ATLX,194.7
2023-11-02,ATLX,192.36
2023-11-03,ATLX,189.66
2023-11-06,ATLX,189.98
2023-11-07,ATLX,191.01
2023-11-08,ATLX,189.21
2023-11-09,ATLX,188.58
2023-11-10,ATLX,187.94
2023-11-13,ATLX,187.4
2023-11-14,ATLX,186.93
2023-11-15,ATLX,184.61
2023-11-16,ATLX,189.19
2023-11-17,ATLX,191.54
2023-11-20,ATLX,190.76
2023-11-21,ATLX,189.11
2023-11-22,ATLX,188.31
2023-11-23,ATLX,187.35
2023-11-24,ATLX,187.91
2023-11-27,ATLX,187.55
2023-11-28,ATLX,188.43
2023-11-29,ATLX,189.91
2023-11-30,ATLX,193.8
2023-12-01,ATLX,192.25
2023-12-04,ATLX,190.58
2023-12-05,ATLX,188.69
2023-12-06,ATLX,186.43
2023-12-07,ATLX,185.94
2023-12-08,ATLX,187.54
2023-12-11,ATLX,189.89
2023-12-12,ATLX,191.28
2023-12-13,ATLX,189.14
2023-12-14,ATLX,191.84
2023-12-15,ATLX,192.64
2023-12-18,ATLX,192.85
2023-12-19,ATLX,190.78
2023-12-20,ATLX,189.64
2023-12-21,ATLX,188.47
2023-12-22,ATLX,189.46
2023-12-25,ATLX,186.64
2023-12-26,ATLX,188.58
2023-12-27,ATLX,189.35
2023-12-28,ATLX,188.01
2023-12-29,ATLX,186.96
2024-01-01,ATLX,190.34
2024-01-02,ATLX,186.21
2024-01-03,ATLX,184.64
2024-01-04,ATLX,184.0
2024-01-05,ATLX,184.01
2024-01-08,ATLX,184.87
2024-01-09,ATLX,183.78
2024-01-10,ATLX,182.82
2024-01-11,ATLX,181.65
2024-01-12,ATLX,183.83
2024-01-15,ATLX,181.53
2024-01-16,ATLX,181.56
2024-01-17,ATLX,186.05
2024-01-18,ATLX,186.72
2024-01-19,ATLX,187.11
2024-01-22,ATLX,188.87
2024-01-23,ATLX,190.98
2024-01-24,ATLX,189.03
2024-01-25,ATLX,190.22
2024-01-26,ATLX,188.5
2024-01-29,ATLX,188.66
2024-01-30,ATLX,186.79
2024-01-31,ATLX,187.63
2024-02-01,ATLX,189.95
2024-02-02,ATLX,190.09
2024-02-05,ATLX,188.49
2024-02-06,ATLX,192.39
2024-02-07,ATLX,196.07
2024-02-08,ATLX,193.51
2024-02-09,ATLX,197.53
2024-02-12,ATLX,195.12
2024-02-13,ATLX,194.98
2024-02-14,ATLX,193.83
2024-02-15,ATLX,195.8
2024-02-16,ATLX,194.0
2024-02-19,ATLX,193.82
2024-02-20,ATLX,197.11
2024-02-21,ATLX,196.9
2024-02-22,ATLX,198.09
2024-02-23,ATLX,195.85
2024-02-26,ATLX,196.63
2024-02-27,ATLX,194.83
2024-02-28,ATLX,191.71
2024-02-29,ATLX,189.92
2024-03-01,ATLX,192.12
2024-03-04,ATLX,192.49
2024-03-05,ATLX,192.92
2024-03-06,ATLX,190.32
2024-03-07,ATLX,191.65
2024-03-08,ATLX,194.11
2024-03-11,ATLX,195.93
2024-03-12,ATLX,198.38
2024-03-13,ATLX,198.69
2024-03-14,ATLX,198.94
2024-03-15,ATLX,198.16
2024-03-18,ATLX,196.19
2024-03-19,ATLX,198.5
2024-03-20,ATLX,196.09
2024-03-21,ATLX,196.56
2024-03-22,ATLX,198.3
2024-03-25,ATLX,197.81
2024-03-26,ATLX,198.97
2024-03-27,ATLX,196.8
2024-03-28,ATLX,199.58
2024-03-29,ATLX,198.58
2024-04-01,ATLX,195.93
2024-04-02,ATLX,194.57
2024-04-03,ATLX,194.05
2024-04-04,ATLX,193.71
2024-04-05,ATLX,195.04
2024-04-08,ATLX,192.29
2024-04-09,ATLX,196.07
2024-04-10,ATLX,198.27
2024-04-11,ATLX,200.41
2024-04-12,ATLX,202.56
2024-04-15,ATLX,197.8
2024-04-16,ATLX,197.04
2024-04-17,ATLX,200.18
2024-04-18,ATLX,200.08
2024-04-19,ATLX,202.45
2024-04-22,ATLX,205.4
2024-04-23,ATLX,204.05
2024-04-24,ATLX,202.7
2024-04-25,ATLX,201.88
2024-04-26,ATLX,201.43
2024-04-29,ATLX,200.91
2024-04-30,ATLX,203.79
2024-05-01,ATLX,205.93
2024-05-02,ATLX,207.9
2024-05-03,ATLX,206.94
2024-05-06,ATLX,205.52
2024-05-07,ATLX,205.72
2024-05-08,ATLX,202.87
2024-05-09,ATLX,199.22
2024-05-10,ATLX,195.98
2024-05-13,ATLX,195.26
2024-05-14,ATLX,197.16
2024-05-15,ATLX,200.93
2024-05-16,ATLX,203.02
2024-05-17,ATLX,202.98
2024-05-20,ATLX,207.65
2024-05-21,ATLX,206.49
2024-05-22,ATLX,205.55
2024-05-23,ATLX,205.13
2024-05-24,ATLX,207.78
2024-05-27,ATLX,207.59
2024-05-28,ATLX,209.03
2024-05-29,ATLX,207.06
2024-05-30,ATLX,208.3
2024-05-31,ATLX,210.34
2024-06-03,ATLX,210.01
2024-06-04,ATLX,206.16
2024-06-05,ATLX,208.06
2024-06-06,ATLX,211.85
2024-06-07,ATLX,210.92
2024-06-10,ATLX,210.82
2024-06-11,ATLX,212.05
2024-06-12,ATLX,213.55
2024-06-13,ATLX,213.88
2024-06-14,ATLX,217.58
2024-06-17,ATLX,217.51
2024-06-18,ATLX,217.17
2024-06-19,ATLX,218.21
2024-06-20,ATLX,218.64
2024-06-21,ATLX,213.82
2024-06-24,ATLX,213.74
2024-06-25,ATLX,217.39
2024-06-26,ATLX,220.76
2024-06-27,ATLX,221.0
2024-06-28,ATLX,222.2
2024-07-01,ATLX,220.31
2024-07-02,ATLX,218.84
2024-07-03,ATLX,215.57
2024-07-04,ATLX,214.8
2024-07-05,ATLX,214.93
2024-07-08,ATLX,210.39
2024-07-09,ATLX,210.14
2024-07-10,ATLX,209.29
2024-07-11,ATLX,206.82
2024-07-12,ATLX,206.06
2024-07-15,ATLX,204.84
2024-07-16,ATLX,207.11
2024-07-17,ATLX,206.29
2024-07-18,ATLX,205.82
2024-07-19,ATLX,203.36
2024-07-22,ATLX,204.09
2024-07-23,ATLX,200.35
2024-07-24,ATLX,201.23
2024-07-25,ATLX,202.62
2024-07-26,ATLX,199.44
2024-07-29,ATLX,199.01
2024-07-30,ATLX,199.63
2024-07-31,ATLX,204.01
2024-08-01,ATLX,206.08
2024-08-02,ATLX,206.51
2024-08-05,ATLX,202.87
2024-08-06,ATLX,197.06
2024-08-07,ATLX,200.14
2024-08-08,ATLX,201.82
2024-08-09,ATLX,200.69
2024-08-12,ATLX,197.75
2024-08-13,ATLX,197.01
2024-08-14,ATLX,194.57
2024-08-15,ATLX,193.99
2024-08-16,ATLX,194.41
2024-08-19,ATLX,194.42
2024-08-20,ATLX,192.03
2024-08-21,ATLX,191.34
2024-08-22,ATLX,190.43
2024-08-23,ATLX,191.74
2024-08-26,ATLX,194.48
2024-08-27,ATLX,196.87
2024-08-28,ATLX,197.14
2024-08-29,ATLX,196.89
2024-08-30,ATLX,199.59
2024-09-02,ATLX,200.17
2024-09-03,ATLX,200.04
2024-09-04,ATLX,197.93
2024-09-05,ATLX,198.39
2024-09-06,ATLX,197.85
2024-09-09,ATLX,199.19
2024-09-10,ATLX,196.11
2024-09-11,ATLX,195.27
2024-09-12,ATLX,193.69
2024-09-13,ATLX,192.93
2024-09-16,ATLX,191.73
2024-09-17,ATLX,195.61
2024-09-18,ATLX,194.27
2024-09-19,ATLX,192.15
2024-09-20,ATLX,193.18
2024-09-23,ATLX,191.51
2024-09-24,ATLX,188.43
2024-09-25,ATLX,189.55
2024-09-26,ATLX,191.09
2024-09-27,ATLX,192.07
2024-09-30,ATLX,190.69
2024-10-01,ATLX,192.88
2024-10-02,ATLX,191.56
2024-10-03,ATLX,192.54
2024-10-04,ATLX,193.65
2024-10-07,ATLX,197.09
2024-10-08,ATLX,195.22
2024-10-09,ATLX,195.8
2024-10-10,ATLX,197.3
2024-10-11,ATLX,198.22
2024-10-14,ATLX,197.27
2024-10-15,ATLX,195.08
2024-10-16,ATLX,194.24
2024-10-17,ATLX,194.58
2024-10-18,ATLX,194.48
2024-10-21,ATLX,200.36
2024-10-22,ATLX,205.87
2024-10-23,ATLX,204.72
2024-10-24,ATLX,203.83
2024-10-25,ATLX,204.16
2024-10-28,ATLX,202.11
2024-10-29,ATLX,201.92
2024-10-30,ATLX,204.42
2024-10-31,ATLX,206.79
2024-11-01,ATLX,206.51
2024-11-04,ATLX,204.98
2024-11-05,ATLX,206.57
2024-11-06,ATLX,207.58
2024-11-07,ATLX,208.91
2024-11-08,ATLX,207.82
2024-11-11,ATLX,208.43
2024-11-12,ATLX,209.7
2024-11-13,ATLX,207.47
2024-11-14,ATLX,207.29
2024-11-15,ATLX,211.27
2024-11-18,ATLX,209.94
2024-11-19,ATLX,210.01
2024-11-20,ATLX,209.54
2024-11-21,ATLX,207.06
2024-11-22,ATLX,206.59
2024-11-25,ATLX,206.0
2024-11-26,ATLX,208.99
2024-11-27,ATLX,207.9
2024-11-28,ATLX,208.75
2024-11-29,ATLX,207.43
2024-12-02,ATLX,205.35
2024-12-03,ATLX,205.27
2024-12-04,ATLX,203.45
2024-12-05,ATLX,201.82
2024-12-06,ATLX,201.51
2024-12-09,ATLX,201.4
2024-12-10,ATLX,201.78
2024-12-11,ATLX,201.72
2024-12-12,ATLX,203.31
2024-12-13,ATLX,198.96
2024-12-16,ATLX,199.76
2024-12-17,ATLX,200.84
2024-12-18,ATLX,200.61
2024-12-19,ATLX,202.69
2024-12-20,ATLX,196.81
2024-12-23,ATLX,194.33
2024-12-24,ATLX,196.03
2024-12-25,ATLX,193.6
2024-12-26,ATLX,195.23
2024-12-27,ATLX,196.32
2024-12-30,ATLX,197.57
2024-12-31,ATLX,197.64
2023-01-02,VERX,200.41
2023-01-03,VERX,198.89
2023-01-04,VERX,198.67
2023-01-05,VERX,203.33
2023-01-06,VERX,199.35
2023-01-09,VERX,209.65
2023-01-10,VERX,204.26
2023-01-11,VERX,208.61
2023-01-12,VERX,206.56
2023-01-13,VERX,206.73
2023-01-16,VERX,198.01
2023-01-17,VERX,200.13
2023-01-18,VERX,203.58
2023-01-19,VERX,207.54
2023-01-20,VERX,204.56
2023-01-23,VERX,213.41
2023-01-24,VERX,212.8
2023-01-25,VERX,218.64
2023-01-26,VERX,220.78
2023-01-27,VERX,222.59
2023-01-30,VERX,207.87
2023-01-31,VERX,212.31
2023-02-01,VERX,213.2
2023-02-02,VERX,204.84
2023-02-03,VERX,215.21
2023-02-06,VERX,213.96
2023-02-07,VERX,211.95
2023-02-08,VERX,211.46
2023-02-09,VERX,209.23
2023-02-10,VERX,203.13
2023-02-13,VERX,196.51
2023-02-14,VERX,201.09
2023-02-15,VERX,201.29
2023-02-16,VERX,203.69
2023-02-17,VERX,206.35
2023-02-20,VERX,205.33
2023-02-21,VERX,206.08
2023-02-22,VERX,202.12
2023-02-23,VERX,199.39
2023-02-24,VERX,197.73
2023-02-27,VERX,199.23
2023-02-28,VERX,206.19
2023-03-01,VERX,205.25
2023-03-02,VERX,208.31
2023-03-03,VERX,211.99
2023-03-06,VERX,206.58
2023-03-07,VERX,208.95
2023-03-08,VERX,208.96
2023-03-09,VERX,213.23
2023-03-10,VERX,214.2
2023-03-13,VERX,216.84
2023-03-14,VERX,212.89
2023-03-15,VERX,219.86
2023-03-16,VERX,214.4
2023-03-17,VERX,223.59
2023-03-20,VERX,227.11
2023-03-21,VERX,231.22
2023-03-22,VERX,224.97
2023-03-23,VERX,239.4
2023-03-24,VERX,236.93
2023-03-27,VERX,230.03
2023-03-28,VERX,221.98
2023-03-29,VERX,229.75
2023-03-30,VERX,222.2
2023-03-31,VERX,219.13
2023-04-03,VERX,205.34
2023-04-04,VERX,201.16
2023-04-05,VERX,197.06
2023-04-06,VERX,198.77
2023-04-07,VERX,200.37
2023-04-10,VERX,195.12
2023-04-11,VERX,195.56
2023-04-12,VERX,203.3
2023-04-13,VERX,218.29
2023-04-14,VERX,226.39
2023-04-17,VERX,212.77
2023-04-18,VERX,212.29
2023-04-19,VERX,213.71
2023-04-20,VERX,208.52
2023-04-21,VERX,207.04
2023-04-24,VERX,205.3
2023-04-25,VERX,200.48
2023-04-26,VERX,206.67
2023-04-27,VERX,204.25
2023-04-28,VERX,199.33
2023-05-01,VERX,198.67
2023-05-02,VERX,199.05
2023-05-03,VERX,192.1
2023-05-04,VERX,191.34
2023-05-05,VERX,184.53
2023-05-08,VERX,189.97
2023-05-09,VERX,189.38
2023-05-10,VERX,190.37
2023-05-11,VERX,192.88
2023-05-12,VERX,192.32
2023-05-15,VERX,190.21
2023-05-16,VERX,195.47
2023-05-17,VERX,189.94
2023-05-18,VERX,190.81
2023-05-19,VERX,187.95
2023-05-22,VERX,196.75
2023-05-23,VERX,192.05
2023-05-24,VERX,185.88
2023-05-25,VERX,186.04
2023-05-26,VERX,189.18
2023-05-29,VERX,192.8
2023-05-30,VERX,191.88
2023-05-31,VERX,188.44
2023-06-01,VERX,184.33
2023-06-02,VERX,186.53
2023-06-05,VERX,192.93
2023-06-06,VERX,195.35
2023-06-07,VERX,203.83
2023-06-08,VERX,212.8
2023-06-09,VERX,219.77
2023-06-12,VERX,215.38
2023-06-13,VERX,216.63
2023-06-14,VERX,211.65
2023-06-15,VERX,205.82
2023-06-16,VERX,199.7
2023-06-19,VERX,208.22
2023-06-20,VERX,206.99
2023-06-21,VERX,202.54
2023-06-22,VERX,204.41
2023-06-23,VERX,206.52
2023-06-26,VERX,204.26
2023-06-27,VERX,198.16
2023-06-28,VERX,195.66
2023-06-29,VERX,197.96
2023-06-30,VERX,184.05
2023-07-03,VERX,167.3
2023-07-04,VERX,169.83
2023-07-05,VERX,172.94
2023-07-06,VERX,172.57
2023-07-07,VERX,173.11
2023-07-10,VERX,178.54
2023-07-11,VERX,177.3
2023-07-12,VERX,169.47
2023-07-13,VERX,173.93
2023-07-14,VERX,181.73
2023-07-17,VERX,183.37
2023-07-18,VERX,180.51
2023-07-19,VERX,179.86
2023-07-20,VERX,180.52
2023-07-21,VERX,174.47
2023-07-24,VERX,175.88
2023-07-25,VERX,167.24
2023-07-26,VERX,174.2
2023-07-27,VERX,176.17
2023-07-28,VERX,183.34
2023-07-31,VERX,188.96
2023-08-01,VERX,194.55
2023-08-02,VERX,194.58
2023-08-03,VERX,179.12
2023-08-04,VERX,184.92
2023-08-07,VERX,187.43
2023-08-08,VERX,181.25
2023-08-09,VERX,179.32
2023-08-10,VERX,177.22
2023-08-11,VERX,177.71
2023-08-14,VERX,179.36
2023-08-15,VERX,175.27
2023-08-16,VERX,174.31
2023-08-17,VERX,173.35
2023-08-18,VERX,182.54
2023-08-21,VERX,192.99
2023-08-22,VERX,200.53
2023-08-23,VERX,211.39
2023-08-24,VERX,210.91
2023-08-25,VERX,210.98
2023-08-28,VERX,219.97
2023-08-29,VERX,216.96
2023-08-30,VERX,210.97
2023-08-31,VERX,205.69
2023-09-01,VERX,208.85
2023-09-04,VERX,214.54
2023-09-05,VERX,218.43
2023-09-06,VERX,208.7
2023-09-08,VERX,220.32
2023-09-11,VERX,210.87
2023-09-12,VERX,208.18
2023-09-13,VERX,203.71
2023-09-14,VERX,204.93
2023-09-15,VERX,210.7
2023-09-18,VERX,213.18
2023-09-19,VERX,208.65
2023-09-20,VERX,203.58
2023-09-21,VERX,204.09
2023-09-22,VERX,211.92
2023-09-25,VERX,217.82
2023-09-27,VERX,216.86
2023-09-28,VERX,219.55
2023-09-29,VERX,228.21
2023-10-02,VERX,235.98
2023-10-03,VERX,248.43
2023-10-04,VERX,248.48
2023-10-05,VERX,254.98
2023-10-06,VERX,250.39
2023-10-09,VERX,253.94
2023-10-11,VERX,239.49
2023-10-12,VERX,242.65
2023-10-13,VERX,246.17
2023-10-16,VERX,242.15
2023-10-17,VERX,230.91
2023-10-18,VERX,232.57
2023-10-19,VERX,234.4
2023-10-20,VERX,238.82
2023-10-23,VERX,242.22
2023-10-24,VERX,243.88
2023-10-25,VERX,233.1
2023-10-26,VERX,237.96
2023-10-27,VERX,244.17
2023-10-30,VERX,234.46
2023-10-31,VERX,238.23
2023-11-01,VERX,230.0
2023-11-02,VERX,235.02
2023-11-03,VERX,243.6
2023-11-06,VERX,250.12
2023-11-07,VERX,255.86
2023-11-08,VERX,254.56
2023-11-09,VERX,262.12
2023-11-10,VERX,266.71
2023-11-13,VERX,268.76
2023-11-14,VERX,257.95
2023-11-15,VERX,255.35
2023-11-16,VERX,263.27
2023-11-17,VERX,262.66
2023-11-20,VERX,265.0
2023-11-21,VERX,261.58
2023-11-22,VERX,261.76
2023-11-23,VERX,242.73
2023-11-24,VERX,239.61
2023-11-27,VERX,248.31
2023-11-28,VERX,258.14
2023-11-29,VERX,253.4
2023-11-30,VERX,242.92
2023-12-01,VERX,245.41
2023-12-04,VERX,245.73
2023-12-05,VERX,256.62
2023-12-06,VERX,261.19
2023-12-07,VERX,253.99
2023-12-08,VERX,254.0
2023-12-11,VERX,244.87
2023-12-12,VERX,242.86
2023-12-13,VERX,238.53
2023-12-14,VERX,238.29
2023-12-15,VERX,231.32
2023-12-18,VERX,236.97
2023-12-19,VERX,246.05
2023-12-20,VERX,250.25
2023-12-21,VERX,252.98
2023-12-22,VERX,254.07
2023-12-25,VERX,249.58
2023-12-26,VERX,246.0
2023-12-27,VERX,253.65
2023-12-28,VERX,261.01
2023-12-29,VERX,269.24
2024-01-01,VERX,266.75
2024-01-02,VERX,268.67
2024-01-03,VERX,272.0
2024-01-04,VERX,281.57
2024-01-05,VERX,273.13
2024-01-08,VERX,272.83
2024-01-09,VERX,275.54
2024-01-10,VERX,282.83
2024-01-11,VERX,286.8
2024-01-12,VERX,280.14
2024-01-15,VERX,277.27
2024-01-16,VERX,266.66
2024-01-17,VERX,261.59
2024-01-18,VERX,275.14
2024-01-19,VERX,279.24
2024-01-22,VERX,276.13
2024-01-23,VERX,279.04
2024-01-24,VERX,263.41
2024-01-25,VERX,258.36
2024-01-26,VERX,255.29
2024-01-29,VERX,261.76
2024-01-30,VERX,267.82
2024-01-31,VERX,271.16
2024-02-01,VERX,276.88
2024-02-02,VERX,289.09
2024-02-05,VERX,297.05
2024-02-06,VERX,300.87
2024-02-07,VERX,296.16
2024-02-08,VERX,305.17
2024-02-09,VERX,298.82
2024-02-12,VERX,296.22
2024-02-13,VERX,288.51
2024-02-14,VERX,283.66
2024-02-15,VERX,294.18
2024-02-16,VERX,286.43
2024-02-19,VERX,281.76
2024-02-20,VERX,284.79
2024-02-22,VERX,284.68
2024-02-23,VERX,291.94
2024-02-26,VERX,281.74
2024-02-27,VERX,282.46
2024-02-28,VERX,291.34
2024-02-29,VERX,290.59
2024-03-01,VERX,287.31
2024-03-04,VERX,275.48
2024-03-05,VERX,274.13
2024-03-06,VERX,277.04
2024-03-07,VERX,278.81
2024-03-08,VERX,287.53
2024-03-11,VERX,292.14
2024-03-12,VERX,292.72
2024-03-13,VERX,298.89
2024-03-14,VERX,294.98
2024-03-15,VERX,282.74
2024-03-18,VERX,287.37
2024-03-19,VERX,289.79
2024-03-20,VERX,292.48
2024-03-21,VERX,296.46
2024-03-22,VERX,276.46
2024-03-25,VERX,272.23
2024-03-26,VERX,271.95
2024-03-27,VERX,275.7
2024-03-28,VERX,281.05
2024-03-29,VERX,270.77
2024-04-01,VERX,269.34
2024-04-02,VERX,272.21
2024-04-03,VERX,261.31
2024-04-04,VERX,260.49
2024-04-05,VERX,267.55
2024-04-08,VERX,269.03
2024-04-09,VERX,269.11
2024-04-10,VERX,277.23
2024-04-11,VERX,291.3
2024-04-12,VERX,292.48
2024-04-15,VERX,295.94
2024-04-16,VERX,289.14
2024-04-17,VERX,283.99
2024-04-18,VERX,281.14
2024-04-19,VERX,296.2
2024-04-22,VERX,303.04
2024-04-23,VERX,315.79
2024-04-24,VERX,306.9
2024-04-25,VERX,302.13
2024-04-26,VERX,303.4
2024-04-29,VERX,301.9
2024-04-30,VERX,303.19
2024-05-01,VERX,304.42
2024-05-02,VERX,309.64
2024-05-03,VERX,321.01
2024-05-06,VERX,323.68
2024-05-07,VERX,314.39
2024-05-08,VERX,320.09
2024-05-09,VERX,323.9
2024-05-10,VERX,328.39
2024-05-13,VERX,317.65
2024-05-14,VERX,306.48
2024-05-15,VERX,308.11
2024-05-16,VERX,300.53
2024-05-17,VERX,308.75
2024-05-20,VERX,303.71
2024-05-21,VERX,301.38
2024-05-22,VERX,306.63
2024-05-23,VERX,330.46
2024-05-24,VERX,340.41
2024-05-27,VERX,365.22
2024-05-28,VERX,365.24
2024-05-29,VERX,363.46
2024-05-30,VERX,381.44
2024-05-31,VERX,388.75
2024-06-03,VERX,388.68
2024-06-04,VERX,376.56
2024-06-05,VERX,391.95
2024-06-06,VERX,376.1
2024-06-07,VERX,366.14
2024-06-10,VERX,381.28
2024-06-11,VERX,384.18
2024-06-12,VERX,378.13
2024-06-13,VERX,375.69
2024-06-14,VERX,367.11
2024-06-17,VERX,367.62
2024-06-18,VERX,368.47
2024-06-20,VERX,381.46
2024-06-21,VERX,378.17
2024-06-24,VERX,395.36
2024-06-25,VERX,385.46
2024-06-26,VERX,365.77
2024-06-27,VERX,354.5
2024-06-28,VERX,370.11
2024-07-01,VERX,350.78
2024-07-02,VERX,347.42
2024-07-03,VERX,350.14
2024-07-04,VERX,362.82
2024-07-05,VERX,382.77
2024-07-08,VERX,379.1
2024-07-09,VERX,374.12
2024-07-10,VERX,390.16
2024-07-11,VERX,382.28
2024-07-12,VERX,386.36
2024-07-15,VERX,394.38
2024-07-16,VERX,391.06
2024-07-17,VERX,365.76
2024-07-18,VERX,391.31
2024-07-19,VERX,390.43
2024-07-22,VERX,414.69
2024-07-23,VERX,400.9
2024-07-24,VERX,406.47
2024-07-25,VERX,404.24
2024-07-26,VERX,410.89
2024-07-29,VERX,410.26
2024-07-30,VERX,406.35
2024-07-31,VERX,391.37
2024-08-01,VERX,390.71
2024-08-02,VERX,398.73
2024-08-05,VERX,399.25
2024-08-06,VERX,399.7
2024-08-07,VERX,421.7
2024-08-08,VERX,417.26
2024-08-09,VERX,412.4
2024-08-12,VERX,411.04
2024-08-13,VERX,401.33
2024-08-14,VERX,388.07
2024-08-15,VERX,393.1
2024-08-16,VERX,385.92
2024-08-19,VERX,391.67
2024-08-20,VERX,394.66
2024-08-21,VERX,373.08
2024-08-22,VERX,366.93
2024-08-23,VERX,358.46
2024-08-26,VERX,351.31
2024-08-27,VERX,361.49
2024-08-28,VERX,379.14
2024-08-29,VERX,381.06
2024-08-30,VERX,387.55
2024-09-02,VERX,386.62
2024-09-03,VERX,378.62
2024-09-04,VERX,391.33
2024-09-05,VERX,395.64
2024-09-06,VERX,388.53
2024-09-09,VERX,397.09
2024-09-10,VERX,391.43
2024-09-11,VERX,387.4
2024-09-12,VERX,386.38
2024-09-13,VERX,390.62
2024-09-16,VERX,380.99
2024-09-17,VERX,388.22
2024-09-18,VERX,381.9
2024-09-19,VERX,380.2
2024-09-20,VERX,372.77
2024-09-23,VERX,375.48
2024-09-24,VERX,375.15
2024-09-25,VERX,378.82
2024-09-26,VERX,386.94
2024-09-27,VERX,391.93
2024-09-30,VERX,380.72
2024-10-01,VERX,373.87
2024-10-02,VERX,363.12
2024-10-03,VERX,369.12
2024-10-04,VERX,377.52
2024-10-07,VERX,369.8
2024-10-08,VERX,367.29
2024-10-09,VERX,356.01
2024-10-10,VERX,350.25
2024-10-11,VERX,338.57
2024-10-14,VERX,350.88
2024-10-15,VERX,375.03
2024-10-16,VERX,382.55
2024-10-17,VERX,390.33
2024-10-18,VERX,405.17
2024-10-21,VERX,405.01
2024-10-22,VERX,425.54
2024-10-23,VERX,412.18
2024-10-24,VERX,404.42
2024-10-25,VERX,410.32
2024-10-28,VERX,424.0
2024-10-29,VERX,409.81
2024-10-30,VERX,399.94
2024-10-31,VERX,405.42
2024-11-01,VERX,406.89
2024-11-04,VERX,381.11
2024-11-05,VERX,387.98
2024-11-06,VERX,393.15
2024-11-07,VERX,384.45
2024-11-08,VERX,389.94
2024-11-11,VERX,398.22
2024-11-12,VERX,400.33
2024-11-13,VERX,399.38
2024-11-14,VERX,396.65
2024-11-15,VERX,398.12
2024-11-18,VERX,415.88
2024-11-19,VERX,436.43
2024-11-20,VERX,439.28
2024-11-21,VERX,421.19
2024-11-22,VERX,422.22
2024-11-25,VERX,442.71
2024-11-26,VERX,466.88
2024-11-27,VERX,465.41
2024-11-28,VERX,478.42
2024-11-29,VERX,484.3
2024-12-02,VERX,507.97
2024-12-03,VERX,525.11
2024-12-04,VERX,505.84
2024-12-05,VERX,499.92
2024-12-06,VERX,514.85
2024-12-09,VERX,517.42
2024-12-10,VERX,515.23
2024-12-11,VERX,520.81
2024-12-12,VERX,511.89
2024-12-13,VERX,508.92
2024-12-16,VERX,498.55
2024-12-17,VERX,494.13
2024-12-18,VERX,489.12
2024-12-19,VERX,482.42
2024-12-20,VERX,478.02
2024-12-23,VERX,473.64
2024-12-24,VERX,479.92
2024-12-25,VERX,476.08
2024-12-26,VERX,466.48
2024-12-27,VERX,437.44
2024-12-30,VERX,424.2
2024-12-31,VERX,420.35
2023-01-02,SUMX,24.61
2023-01-03,SUMX,24.19
2023-01-04,SUMX,23.71
2023-01-05,SUMX,23.08
2023-01-06,SUMX,23.25
2023-01-09,SUMX,22.8
2023-01-10,SUMX,22.32
2023-01-11,SUMX,22.58
2023-01-12,SUMX,21.76
2023-01-13,SUMX,21.94
2023-01-16,SUMX,22.47
2023-01-17,SUMX,22.88
2023-01-18,SUMX,22.31
2023-01-19,SUMX,22.89
2023-01-20,SUMX,23.06
2023-01-23,SUMX,23.2
2023-01-24,SUMX,23.5
2023-01-25,SUMX,23.16
2023-01-26,SUMX,23.08
2023-01-27,SUMX,23.4
2023-01-30,SUMX,23.76
2023-01-31,SUMX,22.77
2023-02-01,SUMX,22.4
2023-02-02,SUMX,21.6
2023-02-03,SUMX,21.58
2023-02-06,SUMX,22.15
2023-02-07,SUMX,21.97
2023-02-08,SUMX,21.29
2023-02-09,SUMX,21.41
2023-02-10,SUMX,22.07
2023-02-13,SUMX,21.77
2023-02-14,SUMX,21.21
2023-02-15,SUMX,21.46
2023-02-16,SUMX,21.23
2023-02-17,SUMX,21.19
2023-02-20,SUMX,22.16
2023-02-21,SUMX,21.95
2023-02-22,SUMX,21.51
2023-02-23,SUMX,21.51
2023-02-24,SUMX,21.06
2023-02-27,SUMX,21.04
2023-02-28,SUMX,21.48
2023-03-01,SUMX,21.96
2023-03-02,SUMX,21.44
2023-03-03,SUMX,21.93
2023-03-06,SUMX,21.53
2023-03-07,SUMX,21.48
2023-03-08,SUMX,21.66
2023-03-09,SUMX,21.84
2023-03-10,SUMX,22.38
2023-03-13,SUMX,21.92
2023-03-14,SUMX,22.05
2023-03-15,SUMX,21.29
2023-03-16,SUMX,21.36
2023-03-17,SUMX,21.79
2023-03-20,SUMX,21.81
2023-03-21,SUMX,21.88
2023-03-22,SUMX,21.26
2023-03-23,SUMX,20.71
2023-03-24,SUMX,20.23
2023-03-27,SUMX,20.14
2023-03-28,SUMX,20.24
2023-03-29,SUMX,20.69
2023-03-30,SUMX,20.74
2023-03-31,SUMX,20.43
2023-04-03,SUMX,19.8
2023-04-04,SUMX,19.66
2023-04-05,SUMX,19.88
2023-04-06,SUMX,20.35
2023-04-07,SUMX,21.18
2023-04-10,SUMX,21.09
2023-04-11,SUMX,20.4
2023-04-12,SUMX,20.87
2023-04-13,SUMX,20.86
2023-04-14,SUMX,21.35
2023-04-17,SUMX,22.56
2023-04-18,SUMX,22.69
2023-04-19,SUMX,23.6
2023-04-20,SUMX,23.31
2023-04-21,SUMX,23.13
2023-04-24,SUMX,24.28
2023-04-25,SUMX,24.58
2023-04-26,SUMX,26.48
2023-04-27,SUMX,27.13
2023-04-28,SUMX,28.17
2023-05-01,SUMX,28.31
2023-05-02,SUMX,27.56
2023-05-03,SUMX,27.35
2023-05-04,SUMX,26.96
2023-05-05,SUMX,26.56
2023-05-08,SUMX,26.46
2023-05-09,SUMX,27.36
2023-05-10,SUMX,28.23
2023-05-11,SUMX,28.93
2023-05-12,SUMX,29.32
2023-05-15,SUMX,29.63
2023-05-16,SUMX,29.15
2023-05-17,SUMX,29.09
2023-05-18,SUMX,29.93
2023-05-19,SUMX,30.15
2023-05-22,SUMX,30.14
2023-05-23,SUMX,30.2
2023-05-24,SUMX,30.78
2023-05-25,SUMX,29.82
2023-05-26,SUMX,28.64
2023-05-29,SUMX,28.57
2023-05-30,SUMX,28.84
2023-05-31,SUMX,30.98
2023-06-01,SUMX,31.38
2023-06-02,SUMX,31.68
2023-06-05,SUMX,31.91
2023-06-06,SUMX,31.27
2023-06-07,SUMX,31.3
2023-06-08,SUMX,31.07
2023-06-09,SUMX,31.43
2023-06-12,SUMX,32.09
2023-06-13,SUMX,32.36
2023-06-14,SUMX,32.13
2023-06-15,SUMX,30.48
2023-06-16,SUMX,31.63
2023-06-19,SUMX,32.47
2023-06-20,SUMX,31.32
2023-06-21,SUMX,32.24
2023-06-22,SUMX,33.07
2023-06-23,SUMX,33.54
2023-06-26,SUMX,34.28
2023-06-27,SUMX,34.06
2023-06-28,SUMX,33.59
2023-06-29,SUMX,34.86
2023-06-30,SUMX,35.11
2023-07-03,SUMX,36.46
2023-07-04,SUMX,37.97
2023-07-05,SUMX,38.7
2023-07-06,SUMX,38.93
2023-07-07,SUMX,38.22
2023-07-10,SUMX,36.77
2023-07-11,SUMX,38.14
2023-07-12,SUMX,37.96
2023-07-13,SUMX,37.85
2023-07-14,SUMX,37.46
2023-07-17,SUMX,36.68
2023-07-18,SUMX,37.83
2023-07-19,SUMX,35.24
2023-07-20,SUMX,34.32
2023-07-21,SUMX,35.25
2023-07-24,SUMX,36.69
2023-07-25,SUMX,37.65
2023-07-26,SUMX,38.16
2023-07-27,SUMX,38.82
2023-07-28,SUMX,39.05
2023-07-31,SUMX,39.16
2023-08-01,SUMX,40.26
2023-08-02,SUMX,40.95
2023-08-03,SUMX,40.1
2023-08-04,SUMX,39.85
2023-08-07,SUMX,39.49
2023-08-08,SUMX,39.93
2023-08-09,SUMX,39.95
2023-08-10,SUMX,39.57
2023-08-11,SUMX,40.69
2023-08-14,SUMX,41.63
2023-08-15,SUMX,41.34
2023-08-16,SUMX,40.09
2023-08-17,SUMX,40.47
2023-08-18,SUMX,39.61
2023-08-21,SUMX,38.32
2023-08-22,SUMX,38.49
2023-08-23,SUMX,39.37
2023-08-24,SUMX,39.07
2023-08-25,SUMX,40.23
2023-08-28,SUMX,40.53
2023-08-29,SUMX,41.02
2023-08-30,SUMX,42.14
2023-08-31,SUMX,43.05
2023-09-01,SUMX,42.15
2023-09-04,SUMX,42.89
2023-09-05,SUMX,43.77
2023-09-06,SUMX,44.49
2023-09-07,SUMX,42.89
2023-09-08,SUMX,41.94
2023-09-11,SUMX,42.5
2023-09-12,SUMX,42.36
2023-09-13,SUMX,44.73
2023-09-14,SUMX,45.53
2023-09-15,SUMX,43.0
2023-09-18,SUMX,42.9
2023-09-19,SUMX,42.84
2023-09-20,SUMX,42.31
2023-09-21,SUMX,43.25
2023-09-22,SUMX,42.41
2023-09-25,SUMX,43.97
2023-09-26,SUMX,43.06
2023-09-27,SUMX,44.23
2023-09-28,SUMX,44.03
2023-09-29,SUMX,43.48
2023-10-02,SUMX,41.79
2023-10-03,SUMX,42.86
2023-10-04,SUMX,41.59
2023-10-05,SUMX,42.05
2023-10-06,SUMX,43.46
2023-10-09,SUMX,42.05
2023-10-10,SUMX,39.46
2023-10-11,SUMX,37.96
2023-10-12,SUMX,37.94
2023-10-13,SUMX,37.31
2023-10-16,SUMX,38.18
2023-10-17,SUMX,36.82
2023-10-18,SUMX,37.59
2023-10-19,SUMX,38.59
2023-10-20,SUMX,37.17
2023-10-23,SUMX,38.03
2023-10-24,SUMX,39.16
2023-10-25,SUMX,39.6
2023-10-26,SUMX,40.31
2023-10-27,SUMX,40.02
2023-10-30,SUMX,39.26
2023-10-31,SUMX,39.46
2023-11-01,SUMX,39.05
2023-11-02,SUMX,40.13
2023-11-03,SUMX,38.91
2023-11-06,SUMX,39.3
2023-11-07,SUMX,37.6
2023-11-08,SUMX,38.45
2023-11-09,SUMX,38.04
2023-11-10,SUMX,37.6
2023-11-13,SUMX,38.71
2023-11-14,SUMX,37.5
2023-11-15,SUMX,36.4
2023-11-16,SUMX,37.62
2023-11-17,SUMX,36.86
2023-11-20,SUMX,35.69
2023-11-21,SUMX,35.35
2023-11-22,SUMX,35.22
2023-11-23,SUMX,35.76
2023-11-24,SUMX,36.27
2023-11-27,SUMX,37.24
2023-11-28,SUMX,36.8
2023-11-29,SUMX,36.65
2023-11-30,SUMX,35.97
2023-12-01,SUMX,37.21
2023-12-04,SUMX,37.1
2023-12-05,SUMX,37.38
2023-12-06,SUMX,36.83
2023-12-07,SUMX,35.94
2023-12-08,SUMX,36.12
2023-12-11,SUMX,35.37
2023-12-12,SUMX,36.33
2023-12-13,SUMX,36.79
2023-12-14,SUMX,37.35
2023-12-15,SUMX,37.73
2023-12-18,SUMX,37.32
2023-12-19,SUMX,37.84
2023-12-20,SUMX,39.6
2023-12-21,SUMX,39.58
2023-12-22,SUMX,39.08
2023-12-25,SUMX,38.17
2023-12-26,SUMX,36.45
2023-12-27,SUMX,34.89
2023-12-28,SUMX,36.71
2023-12-29,SUMX,35.61
2024-01-01,SUMX,35.23
2024-01-02,SUMX,37.13
2024-01-03,SUMX,37.47
2024-01-04,SUMX,36.53
2024-01-05,SUMX,36.93
2024-01-08,SUMX,37.98
2024-01-09,SUMX,39.13
2024-01-10,SUMX,38.82
2024-01-11,SUMX,38.04
2024-01-12,SUMX,36.62
2024-01-15,SUMX,37.54
2024-01-16,SUMX,38.26
2024-01-17,SUMX,38.49
2024-01-18,SUMX,37.14
2024-01-19,SUMX,37.74
2024-01-22,SUMX,38.61
2024-01-23,SUMX,40.24
2024-01-24,SUMX,40.85
2024-01-25,SUMX,40.98
2024-01-26,SUMX,41.78
2024-01-29,SUMX,41.62
2024-01-30,SUMX,41.72
2024-01-31,SUMX,40.82
2024-02-01,SUMX,39.75
2024-02-02,SUMX,39.65
2024-02-05,SUMX,39.3
2024-02-06,SUMX,39.51
2024-02-07,SUMX,38.71
2024-02-08,SUMX,37.84
2024-02-09,SUMX,38.21
2024-02-12,SUMX,37.73
2024-02-13,SUMX,37.64
2024-02-14,SUMX,35.37
2024-02-15,SUMX,34.75
2024-02-16,SUMX,36.09
2024-02-19,SUMX,35.28
2024-02-20,SUMX,36.36
2024-02-21,SUMX,36.01
2024-02-22,SUMX,37.24
2024-02-23,SUMX,37.29
2024-02-26,SUMX,36.79
2024-02-27,SUMX,38.24
2024-02-28,SUMX,37.08
2024-02-29,SUMX,37.79
2024-03-01,SUMX,38.13
2024-03-04,SUMX,39.92
2024-03-05,SUMX,40.53
2024-03-06,SUMX,38.67
2024-03-07,SUMX,39.76
2024-03-08,SUMX,39.74
2024-03-11,SUMX,40.16
2024-03-12,SUMX,40.37
2024-03-13,SUMX,40.13
2024-03-14,SUMX,40.6
2024-03-15,SUMX,39.03
2024-03-18,SUMX,37.63
2024-03-19,SUMX,37.05
2024-03-20,SUMX,36.54
2024-03-21,SUMX,36.03
2024-03-22,SUMX,36.63
2024-03-25,SUMX,36.67
2024-03-26,SUMX,37.33
2024-03-27,SUMX,37.61
2024-03-28,SUMX,37.2
2024-03-29,SUMX,36.37
2024-04-01,SUMX,36.58
2024-04-02,SUMX,37.16
2024-04-03,SUMX,38.3
2024-04-04,SUMX,39.07
2024-04-05,SUMX,40.02
2024-04-08,SUMX,40.39
2024-04-09,SUMX,40.59
2024-04-10,SUMX,41.91
2024-04-11,SUMX,42.2
2024-04-12,SUMX,43.32
2024-04-15,SUMX,42.58
2024-04-16,SUMX,40.8
2024-04-17,SUMX,41.12
2024-04-18,SUMX,41.37
2024-04-19,SUMX,39.73
2024-04-22,SUMX,38.76
2024-04-23,SUMX,38.71
2024-04-24,SUMX,39.73
2024-04-25,SUMX,38.29
2024-04-26,SUMX,37.27
2024-04-29,SUMX,37.2
2024-04-30,SUMX,35.91
2024-05-01,SUMX,33.95
2024-05-02,SUMX,33.59
2024-05-03,SUMX,34.06
2024-05-06,SUMX,33.9
2024-05-07,SUMX,34.1
2024-05-08,SUMX,33.5
2024-05-09,SUMX,34.23
2024-05-10,SUMX,34.99
2024-05-13,SUMX,34.91
2024-05-14,SUMX,35.72
2024-05-15,SUMX,34.26
2024-05-16,SUMX,34.84
2024-05-17,SUMX,35.98
2024-05-20,SUMX,36.55
2024-05-21,SUMX,35.62
2024-05-22,SUMX,34.81
2024-05-23,SUMX,34.74
2024-05-24,SUMX,33.59
2024-05-27,SUMX,33.73
2024-05-28,SUMX,33.91
2024-05-29,SUMX,34.22
2024-05-30,SUMX,34.55
2024-05-31,SUMX,35.31
2024-06-03,SUMX,35.53
2024-06-04,SUMX,37.14
2024-06-05,SUMX,36.53
2024-06-06,SUMX,36.63
2024-06-07,SUMX,36.91
2024-06-10,SUMX,36.96
2024-06-11,SUMX,36.8
2024-06-12,SUMX,36.63
2024-06-13,SUMX,36.61
2024-06-14,SUMX,37.2
2024-06-17,SUMX,37.05
2024-06-18,SUMX,37.0
2024-06-19,SUMX,36.93
2024-06-20,SUMX,37.33
2024-06-21,SUMX,37.73
2024-06-24,SUMX,37.32
2024-06-25,SUMX,37.81
2024-06-26,SUMX,36.15
2024-06-27,SUMX,36.04
2024-06-28,SUMX,37.48
2024-07-01,SUMX,36.93
2024-07-02,SUMX,36.59
2024-07-03,SUMX,37.14
2024-07-04,SUMX,38.9
2024-07-05,SUMX,39.18
2024-07-08,SUMX,39.55
2024-07-09,SUMX,41.24
2024-07-10,SUMX,41.69
2024-07-11,SUMX,41.16
2024-07-12,SUMX,41.24
2024-07-15,SUMX,42.67
2024-07-16,SUMX,41.58
2024-07-17,SUMX,41.39
2024-07-18,SUMX,41.63
2024-07-19,SUMX,42.24
2024-07-22,SUMX,40.5
2024-07-23,SUMX,40.42
2024-07-24,SUMX,38.74
2024-07-25,SUMX,39.49
2024-07-26,SUMX,40.34
2024-07-29,SUMX,39.93
2024-07-30,SUMX,41.94
2024-07-31,SUMX,41.49
2024-08-01,SUMX,39.74
2024-08-02,SUMX,41.2
2024-08-05,SUMX,41.28
2024-08-06,SUMX,40.92
2024-08-07,SUMX,41.38
2024-08-08,SUMX,42.06
2024-08-09,SUMX,41.21
2024-08-12,SUMX,40.5
2024-08-13,SUMX,38.99
2024-08-14,SUMX,38.08
2024-08-15,SUMX,38.19
2024-08-16,SUMX,37.9
2024-08-19,SUMX,38.73
2024-08-20,SUMX,39.62
2024-08-21,SUMX,38.49
2024-08-22,SUMX,38.33
2024-08-23,SUMX,37.81
2024-08-26,SUMX,37.19
2024-08-27,SUMX,38.21
2024-08-28,SUMX,39.53
2024-08-29,SUMX,41.7
2024-08-30,SUMX,43.16
2024-09-02,SUMX,45.12
2024-09-03,SUMX,45.22
2024-09-04,SUMX,45.69
2024-09-05,SUMX,47.27
2024-09-06,SUMX,47.14
2024-09-09,SUMX,44.84
2024-09-10,SUMX,43.31
2024-09-11,SUMX,42.66
2024-09-12,SUMX,42.94
2024-09-13,SUMX,42.9
2024-09-16,SUMX,43.19
2024-09-17,SUMX,43.28
2024-09-18,SUMX,43.95
2024-09-19,SUMX,44.61
2024-09-20,SUMX,44.63
2024-09-23,SUMX,43.98
2024-09-24,SUMX,44.87
2024-09-25,SUMX,44.85
2024-09-26,SUMX,44.45
2024-09-27,SUMX,45.65
2024-09-30,SUMX,43.46
2024-10-01,SUMX,43.23
2024-10-02,SUMX,44.7
2024-10-03,SUMX,43.95
2024-10-04,SUMX,43.58
2024-10-07,SUMX,44.41
2024-10-08,SUMX,44.84
2024-10-09,SUMX,47.05
2024-10-10,SUMX,46.43
2024-10-11,SUMX,45.42
2024-10-14,SUMX,42.68
2024-10-15,SUMX,42.82
2024-10-16,SUMX,40.12
2024-10-17,SUMX,39.94
2024-10-18,SUMX,39.84
2024-10-21,SUMX,37.73
2024-10-22,SUMX,35.5
2024-10-23,SUMX,34.63
2024-10-24,SUMX,36.62
2024-10-25,SUMX,36.97
2024-10-28,SUMX,36.38
2024-10-29,SUMX,36.55
2024-10-30,SUMX,36.24
2024-10-31,SUMX,35.1
2024-11-01,SUMX,36.59
2024-11-04,SUMX,35.79
2024-11-05,SUMX,34.02
2024-11-06,SUMX,33.88
2024-11-07,SUMX,32.19
2024-11-08,SUMX,32.2
2024-11-11,SUMX,33.33
2024-11-12,SUMX,34.43
2024-11-13,SUMX,33.83
2024-11-14,SUMX,33.94
2024-11-15,SUMX,32.9
2024-11-18,SUMX,32.22
2024-11-19,SUMX,31.6
2024-11-20,SUMX,32.23
2024-11-21,SUMX,31.56
2024-11-22,SUMX,31.47
2024-11-25,SUMX,32.03
2024-11-26,SUMX,32.32
2024-11-27,SUMX,31.46
2024-11-28,SUMX,30.53
2024-11-29,SUMX,31.26
2024-12-02,SUMX,31.0
2024-12-03,SUMX,30.2
2024-12-04,SUMX,30.46
2024-12-05,SUMX,31.44
2024-12-06,SUMX,31.39
2024-12-09,SUMX,32.39
2024-12-10,SUMX,31.82
2024-12-11,SUMX,31.34
2024-12-12,SUMX,31.12
2024-12-13,SUMX,30.43
2024-12-16,SUMX,30.61
2024-12-17,SUMX,30.99
2024-12-18,SUMX,31.5
2024-12-19,SUMX,31.87
2024-12-20,SUMX,31.56
2024-12-23,SUMX,31.88
2024-12-24,SUMX,32.06
2024-12-25,SUMX,31.6
2024-12-26,SUMX,32.17
2024-12-27,SUMX,31.4
2024-12-30,SUMX,31.11
2024-12-31,SUMX,32.06
2023-01-02,PIOX,178.82
2023-01-03,PIOX,175.33
2023-01-04,PIOX,171.68
2023-01-05,PIOX,162.08
2023-01-06,PIOX,158.46
2023-01-09,PIOX,164.4
2023-01-10,PIOX,170.29
2023-01-11,PIOX,164.59
2023-01-12,PIOX,161.73
2023-01-13,PIOX,157.86
2023-01-16,PIOX,162.67
2023-01-17,PIOX,165.82
2023-01-18,PIOX,163.1
2023-01-19,PIOX,164.65
2023-01-20,PIOX,166.66
2023-01-23,PIOX,162.82
2023-01-24,PIOX,158.76
2023-01-25,PIOX,160.29
2023-01-26,PIOX,162.81
2023-01-27,PIOX,162.12
2023-01-30,PIOX,168.1
2023-01-31,PIOX,170.77
2023-02-01,PIOX,167.56
2023-02-02,PIOX,165.16
2023-02-03,PIOX,166.54
2023-02-06,PIOX,161.13
2023-02-07,PIOX,152.67
2023-02-08,PIOX,153.57
2023-02-09,PIOX,155.15
2023-02-10,PIOX,154.24
2023-02-13,PIOX,153.94
2023-02-14,PIOX,156.61
2023-02-15,PIOX,158.17
2023-02-16,PIOX,160.8
2023-02-17,PIOX,158.41
2023-02-20,PIOX,156.86
2023-02-21,PIOX,155.3
2023-02-22,PIOX,151.15
2023-02-23,PIOX,144.47
2023-02-24,PIOX,149.06
2023-02-27,PIOX,148.29
2023-02-28,PIOX,154.1
2023-03-01,PIOX,152.9
2023-03-02,PIOX,149.05
2023-03-03,PIOX,145.0
2023-03-06,PIOX,142.91
2023-03-07,PIOX,140.44
2023-03-08,PIOX,141.74
2023-03-09,PIOX,137.99
2023-03-10,PIOX,137.95
2023-03-13,PIOX,137.97
2023-03-14,PIOX,135.72
2023-03-15,PIOX,138.98
2023-03-16,PIOX,142.84
2023-03-17,PIOX,141.44
2023-03-20,PIOX,140.71
2023-03-21,PIOX,143.23
2023-03-22,PIOX,139.17
2023-03-23,PIOX,141.58
2023-03-24,PIOX,141.26
2023-03-27,PIOX,137.62
2023-03-28,PIOX,135.27
2023-03-29,PIOX,136.46
2023-03-30,PIOX,138.34
2023-03-31,PIOX,133.23
2023-04-03,PIOX,134.5
2023-04-04,PIOX,131.12
2023-04-05,PIOX,129.91
2023-04-06,PIOX,134.54
2023-04-07,PIOX,132.9
2023-04-10,PIOX,131.34
2023-04-11,PIOX,129.19
2023-04-12,PIOX,128.7
2023-04-13,PIOX,127.51
2023-04-14,PIOX,122.3
2023-04-17,PIOX,119.38
2023-04-18,PIOX,119.48
2023-04-19,PIOX,122.92
2023-04-20,PIOX,122.85
2023-04-21,PIOX,127.18
2023-04-24,PIOX,120.41
2023-04-25,PIOX,123.56
2023-04-26,PIOX,125.1
2023-04-27,PIOX,127.58
2023-04-28,PIOX,121.9
2023-05-01,PIOX,121.92
2023-05-02,PIOX,127.32
2023-05-03,PIOX,130.89
2023-05-04,PIOX,131.66
2023-05-05,PIOX,135.47
2023-05-08,PIOX,135.01
2023-05-09,PIOX,132.8
2023-05-10,PIOX,137.13
2023-05-11,PIOX,134.42
2023-05-12,PIOX,134.05
2023-05-15,PIOX,139.3
2023-05-16,PIOX,134.6
2023-05-17,PIOX,132.5
2023-05-18,PIOX,130.23
2023-05-19,PIOX,134.56
2023-05-22,PIOX,138.74
2023-05-23,PIOX,139.57
2023-05-24,PIOX,135.53
2023-05-25,PIOX,137.25
2023-05-26,PIOX,138.34
2023-05-29,PIOX,149.39
2023-05-30,PIOX,143.82
2023-05-31,PIOX,140.24
2023-06-01,PIOX,135.76
2023-06-02,PIOX,136.82
2023-06-05,PIOX,146.77
2023-06-06,PIOX,148.14
2023-06-07,PIOX,144.24
2023-06-08,PIOX,142.96
2023-06-09,PIOX,144.49
2023-06-12,PIOX,141.57
2023-06-13,PIOX,142.73
2023-06-14,PIOX,144.03
2023-06-15,PIOX,147.19
2023-06-16,PIOX,151.3
2023-06-19,PIOX,143.7
2023-06-20,PIOX,145.43
2023-06-21,PIOX,148.01
2023-06-22,PIOX,153.46
2023-06-23,PIOX,153.46
2023-06-26,PIOX,161.22
2023-06-27,PIOX,162.16
2023-06-28,PIOX,161.02
2023-06-29,PIOX,154.98
2023-06-30,PIOX,150.3
2023-07-03,PIOX,149.59
2023-07-04,PIOX,147.13
2023-07-05,PIOX,152.0
2023-07-06,PIOX,158.81
2023-07-07,PIOX,161.96
2023-07-10,PIOX,163.37
2023-07-11,PIOX,168.01
2023-07-12,PIOX,171.27
2023-07-13,PIOX,165.68
2023-07-14,PIOX,165.5
2023-07-17,PIOX,169.57
2023-07-18,PIOX,172.26
2023-07-19,PIOX,170.94
2023-07-20,PIOX,177.89
2023-07-21,PIOX,181.85
2023-07-24,PIOX,186.34
2023-07-25,PIOX,184.42
2023-07-26,PIOX,186.07
2023-07-27,PIOX,182.65
2023-07-28,PIOX,178.84
2023-07-31,PIOX,189.32
2023-08-01,PIOX,188.36
2023-08-02,PIOX,182.39
2023-08-03,PIOX,182.42
2023-08-04,PIOX,189.01
2023-08-07,PIOX,186.99
2023-08-08,PIOX,188.12
2023-08-09,PIOX,181.13
2023-08-10,PIOX,182.88
2023-08-11,PIOX,184.88
2023-08-14,PIOX,189.25
2023-08-15,PIOX,194.53
2023-08-16,PIOX,194.44
2023-08-17,PIOX,198.87
2023-08-18,PIOX,198.59
2023-08-21,PIOX,191.06
2023-08-22,PIOX,194.4
2023-08-23,PIOX,196.3
2023-08-24,PIOX,204.71
2023-08-25,PIOX,210.29
2023-08-28,PIOX,208.84
2023-08-29,PIOX,216.05
2023-08-30,PIOX,215.21
2023-08-31,PIOX,213.67
2023-09-01,PIOX,218.07
2023-09-04,PIOX,228.43
2023-09-05,PIOX,229.89
2023-09-06,PIOX,222.69
2023-09-07,PIOX,220.22
2023-09-08,PIOX,225.39
2023-09-11,PIOX,226.64
2023-09-12,PIOX,222.89
2023-09-13,PIOX,220.78
2023-09-14,PIOX,210.41
2023-09-15,PIOX,217.55
2023-09-18,PIOX,218.44
2023-09-19,PIOX,215.05
2023-09-20,PIOX,204.23
2023-09-21,PIOX,198.87
2023-09-22,PIOX,198.03
2023-09-25,PIOX,191.33
2023-09-26,PIOX,191.9
2023-09-27,PIOX,187.31
2023-09-28,PIOX,193.89
2023-09-29,PIOX,186.37
2023-10-02,PIOX,185.76
2023-10-03,PIOX,185.29
2023-10-04,PIOX,184.8
2023-10-05,PIOX,186.08
2023-10-06,PIOX,182.64
2023-10-09,PIOX,182.56
2023-10-10,PIOX,178.52
2023-10-11,PIOX,181.62
2023-10-12,PIOX,182.28
2023-10-13,PIOX,186.09
2023-10-16,PIOX,191.52
2023-10-17,PIOX,194.69
2023-10-18,PIOX,199.78
2023-10-19,PIOX,202.86
2023-10-20,PIOX,207.29
2023-10-23,PIOX,212.41
2023-10-24,PIOX,214.9
2023-10-25,PIOX,222.14
2023-10-26,PIOX,231.07
2023-10-27,PIOX,235.55
2023-10-30,PIOX,243.22
2023-10-31,PIOX,248.2
2023-11-01,PIOX,244.45
2023-11-02,PIOX,252.09
2023-11-03,PIOX,261.06
2023-11-06,PIOX,260.29
2023-11-07,PIOX,261.5
2023-11-08,PIOX,263.09
2023-11-09,PIOX,254.99
2023-11-10,PIOX,262.88
2023-11-13,PIOX,278.48
2023-11-14,PIOX,284.35
2023-11-15,PIOX,284.83
2023-11-16,PIOX,283.68
2023-11-17,PIOX,282.13
2023-11-20,PIOX,282.57
2023-11-21,PIOX,285.08
2023-11-22,PIOX,293.65
2023-11-23,PIOX,293.08
2023-11-24,PIOX,288.88
2023-11-27,PIOX,279.26
2023-11-28,PIOX,273.89
2023-11-29,PIOX,271.2
2023-11-30,PIOX,283.27
2023-12-01,PIOX,282.69
2023-12-04,PIOX,281.87
2023-12-05,PIOX,288.24
2023-12-06,PIOX,279.41
2023-12-07,PIOX,286.41
2023-12-08,PIOX,278.42
2023-12-11,PIOX,281.65
2023-12-12,PIOX,281.12
2023-12-13,PIOX,276.49
2023-12-14,PIOX,275.54
2023-12-15,PIOX,276.83
2023-12-18,PIOX,276.12
2023-12-19,PIOX,272.49
2023-12-20,PIOX,278.56
2023-12-21,PIOX,272.47
2023-12-22,PIOX,280.36
2023-12-25,PIOX,267.04
2023-12-26,PIOX,266.9
2023-12-27,PIOX,276.67
2023-12-28,PIOX,268.26
2023-12-29,PIOX,267.47
2024-01-01,PIOX,271.33
2024-01-02,PIOX,277.17
2024-01-03,PIOX,280.82
2024-01-04,PIOX,277.09
2024-01-05,PIOX,273.39
2024-01-08,PIOX,288.62
2024-01-09,PIOX,285.55
2024-01-10,PIOX,286.59
2024-01-11,PIOX,290.46
2024-01-12,PIOX,294.62
2024-01-15,PIOX,289.59
2024-01-16,PIOX,305.88
2024-01-17,PIOX,325.48
2024-01-18,PIOX,342.61
2024-01-19,PIOX,334.46
2024-01-22,PIOX,338.54
2024-01-23,PIOX,337.09
2024-01-24,PIOX,334.9
2024-01-25,PIOX,320.23
2024-01-26,PIOX,312.57
2024-01-29,PIOX,317.16
2024-01-30,PIOX,323.11
2024-01-31,PIOX,320.33
2024-02-01,PIOX,325.89
2024-02-02,PIOX,338.97
2024-02-05,PIOX,333.11
2024-02-06,PIOX,330.51
2024-02-07,PIOX,322.17
2024-02-08,PIOX,331.98
2024-02-09,PIOX,321.19
2024-02-12,PIOX,313.11
2024-02-13,PIOX,308.66
2024-02-14,PIOX,308.85
2024-02-15,PIOX,308.93
2024-02-16,PIOX,307.49
2024-02-19,PIOX,306.31
2024-02-20,PIOX,282.63
2024-02-21,PIOX,301.72
2024-02-22,PIOX,291.61
2024-02-23,PIOX,287.78
2024-02-26,PIOX,295.08
2024-02-27,PIOX,307.07
2024-02-28,PIOX,310.39
2024-02-29,PIOX,300.22
2024-03-01,PIOX,291.92
2024-03-04,PIOX,301.32
2024-03-05,PIOX,291.62
2024-03-06,PIOX,292.61
2024-03-07,PIOX,290.59
2024-03-08,PIOX,280.82
2024-03-11,PIOX,288.01
2024-03-12,PIOX,286.35
2024-03-13,PIOX,284.58
2024-03-14,PIOX,279.89
2024-03-15,PIOX,292.65
2024-03-18,PIOX,290.68
2024-03-19,PIOX,288.99
2024-03-20,PIOX,292.9
2024-03-21,PIOX,285.56
2024-03-22,PIOX,288.65
2024-03-25,PIOX,271.27
2024-03-26,PIOX,264.64
2024-03-27,PIOX,268.48
2024-03-28,PIOX,267.35
2024-03-29,PIOX,262.79
2024-04-01,PIOX,257.43
2024-04-02,PIOX,243.82
2024-04-03,PIOX,246.0
2024-04-04,PIOX,248.16
2024-04-05,PIOX,241.86
2024-04-08,PIOX,240.91
2024-04-09,PIOX,246.66
2024-04-10,PIOX,244.69
2024-04-11,PIOX,251.62
2024-04-12,PIOX,247.17
2024-04-15,PIOX,249.87
2024-04-16,PIOX,246.84
2024-04-17,PIOX,242.81
2024-04-18,PIOX,252.79
2024-04-19,PIOX,255.33
2024-04-22,PIOX,257.65
2024-04-23,PIOX,257.47
2024-04-24,PIOX,264.82
2024-04-25,PIOX,278.97
2024-04-26,PIOX,279.47
2024-04-29,PIOX,272.07
2024-04-30,PIOX,273.13
2024-05-01,PIOX,273.39
2024-05-02,PIOX,282.26
2024-05-03,PIOX,283.27
2024-05-06,PIOX,281.16
2024-05-07,PIOX,295.02
2024-05-08,PIOX,298.4
2024-05-09,PIOX,293.14
2024-05-10,PIOX,309.4
2024-05-13,PIOX,314.56
2024-05-14,PIOX,325.47
2024-05-15,PIOX,313.15
2024-05-16,PIOX,305.08
2024-05-17,PIOX,288.94
2024-05-20,PIOX,280.65
2024-05-21,PIOX,275.79
2024-05-22,PIOX,280.88
2024-05-23,PIOX,275.08
2024-05-24,PIOX,273.19
2024-05-27,PIOX,271.82
2024-05-28,PIOX,280.3
2024-05-29,PIOX,277.59
2024-05-30,PIOX,275.31
2024-05-31,PIOX,283.44
2024-06-03,PIOX,282.72
2024-06-04,PIOX,288.68
2024-06-05,PIOX,288.11
2024-06-06,PIOX,264.07
2024-06-07,PIOX,260.49
2024-06-10,PIOX,252.9
2024-06-11,PIOX,249.82
2024-06-12,PIOX,253.57
2024-06-13,PIOX,261.67
2024-06-14,PIOX,263.13
2024-06-17,PIOX,263.1
2024-06-18,PIOX,270.13
2024-06-19,PIOX,259.85
2024-06-20,PIOX,255.47
2024-06-21,PIOX,262.77
2024-06-24,PIOX,264.4
2024-06-25,PIOX,269.67
2024-06-26,PIOX,263.45
2024-06-27,PIOX,263.16
2024-06-28,PIOX,257.18
2024-07-01,PIOX,266.12
2024-07-02,PIOX,268.86
2024-07-03,PIOX,274.39
2024-07-04,PIOX,285.32
2024-07-05,PIOX,278.64
2024-07-08,PIOX,267.98
2024-07-09,PIOX,257.44
2024-07-10,PIOX,258.86
2024-07-11,PIOX,252.05
2024-07-12,PIOX,248.81
2024-07-15,PIOX,258.63
2024-07-16,PIOX,261.24
2024-07-17,PIOX,271.14
2024-07-18,PIOX,259.85
2024-07-19,PIOX,273.96
2024-07-22,PIOX,283.83
2024-07-23,PIOX,282.72
2024-07-24,PIOX,275.11
2024-07-25,PIOX,281.2
2024-07-26,PIOX,279.4
2024-07-29,PIOX,273.31
2024-07-30,PIOX,268.06
2024-07-31,PIOX,268.11
2024-08-01,PIOX,269.31
2024-08-02,PIOX,275.06
2024-08-05,PIOX,277.75
2024-08-06,PIOX,262.04
2024-08-07,PIOX,254.06
2024-08-08,PIOX,254.86
2024-08-09,PIOX,253.94
2024-08-12,PIOX,245.94
2024-08-13,PIOX,254.1
2024-08-14,PIOX,245.24
2024-08-15,PIOX,252.06
2024-08-16,PIOX,259.78
2024-08-19,PIOX,259.14
2024-08-20,PIOX,259.01
2024-08-21,PIOX,256.6
2024-08-22,PIOX,254.98
2024-08-23,PIOX,245.33
2024-08-26,PIOX,244.09
2024-08-27,PIOX,238.97
2024-08-28,PIOX,251.02
2024-08-29,PIOX,250.03
2024-08-30,PIOX,255.59
2024-09-02,PIOX,258.68
2024-09-03,PIOX,262.97
2024-09-04,PIOX,258.31
2024-09-05,PIOX,257.87
2024-09-06,PIOX,264.4
2024-09-09,PIOX,272.66
2024-09-10,PIOX,281.4
2024-09-11,PIOX,285.7
2024-09-12,PIOX,291.37
2024-09-13,PIOX,297.54
2024-09-16,PIOX,305.16
2024-09-17,PIOX,307.88
2024-09-18,PIOX,295.17
2024-09-19,PIOX,287.12
2024-09-20,PIOX,281.83
2024-09-23,PIOX,294.23
2024-09-24,PIOX,274.08
2024-09-25,PIOX,270.04
2024-09-26,PIOX,278.66
2024-09-27,PIOX,288.35
2024-09-30,PIOX,277.4
2024-10-01,PIOX,280.36
2024-10-02,PIOX,280.91
2024-10-03,PIOX,286.02
2024-10-04,PIOX,292.29
2024-10-07,PIOX,288.31
2024-10-08,PIOX,291.99
2024-10-09,PIOX,276.76
2024-10-10,PIOX,270.13
2024-10-11,PIOX,271.09
2024-10-14,PIOX,272.13
2024-10-15,PIOX,262.54
2024-10-16,PIOX,267.5
2024-10-17,PIOX,256.19
2024-10-18,PIOX,258.31
2024-10-21,PIOX,250.31
2024-10-22,PIOX,244.34
2024-10-23,PIOX,238.82
2024-10-24,PIOX,232.66
2024-10-25,PIOX,241.93
2024-10-28,PIOX,231.76
2024-10-29,PIOX,235.9
2024-10-30,PIOX,234.58
2024-10-31,PIOX,232.46
2024-11-01,PIOX,224.38
2024-11-04,PIOX,225.0
2024-11-05,PIOX,226.56
2024-11-06,PIOX,223.24
2024-11-07,PIOX,231.43
2024-11-08,PIOX,238.33
2024-11-11,PIOX,229.23
2024-11-12,PIOX,229.51
2024-11-13,PIOX,239.24
2024-11-15,PIOX,232.5
2024-11-18,PIOX,235.19
2024-11-19,PIOX,231.61
2024-11-20,PIOX,229.71
2024-11-21,PIOX,217.78
2024-11-22,PIOX,212.42
2024-11-25,PIOX,198.03
2024-11-26,PIOX,203.82
2024-11-27,PIOX,219.25
2024-11-28,PIOX,220.06
2024-11-29,PIOX,218.53
2024-12-02,PIOX,223.72
2024-12-03,PIOX,220.58
2024-12-04,PIOX,210.41
2024-12-05,PIOX,213.03
2024-12-06,PIOX,209.98
2024-12-09,PIOX,207.73
2024-12-10,PIOX,212.5
2024-12-11,PIOX,209.21
2024-12-12,PIOX,203.93
2024-12-13,PIOX,212.89
2024-12-16,PIOX,208.04
2024-12-17,PIOX,206.61
2024-12-18,PIOX,204.06
2024-12-19,PIOX,202.94
2024-12-20,PIOX,196.94
2024-12-23,PIOX,203.21
2024-12-24,PIOX,207.01
2024-12-25,PIOX,208.74
2024-12-26,PIOX,201.57
2024-12-27,PIOX,194.93
2024-12-30,PIOX,194.52
2024-12-31,PIOX,197.19
2023-01-02,HORX,214.76
2023-01-03,HORX,219.89
2023-01-04,HORX,212.12
2023-01-05,HORX,220.4
2023-01-06,HORX,224.04
2023-01-09,HORX,227.23
2023-01-10,HORX,225.78
2023-01-11,HORX,213.54
2023-01-12,HORX,211.93
2023-01-13,HORX,212.29
2023-01-16,HORX,205.73
2023-01-17,HORX,206.84
2023-01-18,HORX,202.14
2023-01-19,HORX,197.01
2023-01-20,HORX,193.4
2023-01-23,HORX,198.71
2023-01-24,HORX,192.67
2023-01-25,HORX,193.82
2023-01-26,HORX,194.72
2023-01-27,HORX,191.8
2023-01-30,HORX,191.77
2023-01-31,HORX,185.89
2023-02-01,HORX,183.76
2023-02-02,HORX,184.12
2023-02-03,HORX,185.89
2023-02-06,HORX,181.27
2023-02-07,HORX,174.54
2023-02-08,HORX,174.31
2023-02-09,HORX,173.04
2023-02-10,HORX,179.42
2023-02-13,HORX,181.5
2023-02-14,HORX,185.62
2023-02-15,HORX,186.59
2023-02-16,HORX,184.01
2023-02-17,HORX,186.13
2023-02-20,HORX,179.42
2023-02-21,HORX,184.29
2023-02-22,HORX,190.75
2023-02-23,HORX,196.98
2023-02-24,HORX,196.72
2023-02-27,HORX,195.04
2023-02-28,HORX,193.09
2023-03-01,HORX,189.23
2023-03-02,HORX,184.51
2023-03-03,HORX,182.12
2023-03-06,HORX,183.86
2023-03-07,HORX,180.51
2023-03-08,HORX,179.82
2023-03-09,HORX,184.06
2023-03-10,HORX,189.66
2023-03-13,HORX,184.49
2023-03-14,HORX,186.16
2023-03-15,HORX,193.82
2023-03-16,HORX,195.92
2023-03-17,HORX,188.33
2023-03-20,HORX,191.66
2023-03-21,HORX,191.48
2023-03-22,HORX,193.13
2023-03-23,HORX,194.01
2023-03-24,HORX,187.93
2023-03-27,HORX,189.03
2023-03-28,HORX,192.1
2023-03-29,HORX,186.88
2023-03-30,HORX,185.31
2023-03-31,HORX,186.66
2023-04-03,HORX,187.61
2023-04-04,HORX,187.12
2023-04-05,HORX,189.41
2023-04-06,HORX,194.29
2023-04-07,HORX,192.25
2023-04-10,HORX,188.53
2023-04-11,HORX,184.23
2023-04-12,HORX,187.74
2023-04-13,HORX,191.55
2023-04-14,HORX,199.14
2023-04-17,HORX,197.48
2023-04-18,HORX,188.85
2023-04-19,HORX,190.59
2023-04-20,HORX,189.95
2023-04-21,HORX,193.72
2023-04-24,HORX,192.74
2023-04-25,HORX,194.69
2023-04-26,HORX,192.22
2023-04-27,HORX,194.43
2023-04-28,HORX,194.06
2023-05-01,HORX,198.02
2023-05-02,HORX,196.2
2023-05-03,HORX,194.7
2023-05-04,HORX,195.0
2023-05-05,HORX,192.41
2023-05-08,HORX,192.04
2023-05-09,HORX,190.37
2023-05-10,HORX,190.36
2023-05-11,HORX,194.29
2023-05-12,HORX,188.82
2023-05-15,HORX,182.37
2023-05-16,HORX,180.05
2023-05-17,HORX,172.98
2023-05-18,HORX,176.53
2023-05-19,HORX,175.09
2023-05-22,HORX,176.22
2023-05-23,HORX,170.44
2023-05-24,HORX,176.18
2023-05-25,HORX,174.42
2023-05-26,HORX,177.29
2023-05-29,HORX,176.03
2023-05-30,HORX,170.32
2023-05-31,HORX,164.27
2023-06-01,HORX,165.51
2023-06-02,HORX,165.2
2023-06-05,HORX,164.02
2023-06-06,HORX,162.46
2023-06-07,HORX,164.19
2023-06-08,HORX,168.68
2023-06-09,HORX,167.82
2023-06-12,HORX,168.86
2023-06-13,HORX,170.2
2023-06-14,HORX,171.83
2023-06-15,HORX,170.65
2023-06-16,HORX,170.73
2023-06-19,HORX,164.71
2023-06-20,HORX,163.45
2023-06-21,HORX,164.47
2023-06-22,HORX,164.72
2023-06-23,HORX,168.91
2023-06-26,HORX,172.85
2023-06-27,HORX,169.92
2023-06-28,HORX,163.99
2023-06-29,HORX,164.75
2023-06-30,HORX,164.36
2023-07-03,HORX,157.47
2023-07-04,HORX,158.68
2023-07-05,HORX,159.94
2023-07-06,HORX,161.31
2023-07-07,HORX,162.23
2023-07-10,HORX,158.95
2023-07-11,HORX,159.54
2023-07-12,HORX,158.22
2023-07-13,HORX,159.22
2023-07-14,HORX,164.6
2023-07-17,HORX,169.29
2023-07-18,HORX,168.75
2023-07-19,HORX,167.2
2023-07-20,HORX,166.4
2023-07-21,HORX,166.78
2023-07-24,HORX,162.53
2023-07-25,HORX,164.56
2023-07-26,HORX,167.07
2023-07-27,HORX,160.35
2023-07-28,HORX,162.96
2023-07-31,HORX,165.42
2023-08-01,HORX,161.86
2023-08-02,HORX,161.52
2023-08-03,HORX,161.54
2023-08-04,HORX,157.82
2023-08-07,HORX,152.71
2023-08-08,HORX,153.34
2023-08-09,HORX,148.9
2023-08-10,HORX,146.0
2023-08-11,HORX,145.59
2023-08-14,HORX,147.29
2023-08-15,HORX,147.7
2023-08-16,HORX,144.27
2023-08-17,HORX,140.83
2023-08-18,HORX,140.95
2023-08-21,HORX,142.28
2023-08-22,HORX,139.32
2023-08-23,HORX,142.74
2023-08-24,HORX,143.25
2023-08-25,HORX,139.28
2023-08-28,HORX,140.44
2023-08-29,HORX,136.54
2023-08-30,HORX,138.27
2023-08-31,HORX,141.78
2023-09-01,HORX,141.15
2023-09-04,HORX,143.95
2023-09-05,HORX,143.99
2023-09-06,HORX,143.17
2023-09-07,HORX,145.32
2023-09-08,HORX,149.65
2023-09-11,HORX,153.25
2023-09-12,HORX,150.39
2023-09-13,HORX,151.75
2023-09-14,HORX,155.87
2023-09-15,HORX,155.25
2023-09-18,HORX,156.44
2023-09-19,HORX,154.95
2023-09-20,HORX,156.41
2023-09-21,HORX,157.7
2023-09-22,HORX,156.63
2023-09-25,HORX,155.4
2023-09-26,HORX,156.44
2023-09-27,HORX,158.42
2023-09-28,HORX,158.11
2023-09-29,HORX,159.62
2023-10-02,HORX,160.22
2023-10-03,HORX,161.55
2023-10-04,HORX,164.03
2023-10-05,HORX,165.13
2023-10-06,HORX,160.78
2023-10-09,HORX,166.69
2023-10-10,HORX,165.52
2023-10-11,HORX,155.15
2023-10-12,HORX,155.81
2023-10-13,HORX,154.93
2023-10-16,HORX,159.62
2023-10-17,HORX,157.76
2023-10-18,HORX,161.25
2023-10-19,HORX,163.62
2023-10-20,HORX,166.9
2023-10-23,HORX,170.37
2023-10-24,HORX,171.28
2023-10-25,HORX,167.62
2023-10-26,HORX,166.91
2023-10-27,HORX,164.66
2023-10-30,HORX,165.34
2023-10-31,HORX,164.46
2023-11-01,HORX,156.84
2023-11-02,HORX,156.06
2023-11-03,HORX,155.02
2023-11-06,HORX,153.34
2023-11-07,HORX,147.81
2023-11-08,HORX,143.17
2023-11-09,HORX,144.48
2023-11-10,HORX,145.13
2023-11-13,HORX,142.56
2023-11-14,HORX,143.22
2023-11-15,HORX,142.41
2023-11-16,HORX,145.21
2023-11-17,HORX,145.8
2023-11-20,HORX,141.04
2023-11-21,HORX,139.78
2023-11-22,HORX,142.96
2023-11-23,HORX,139.93
2023-11-24,HORX,137.39
2023-11-27,HORX,132.52
2023-11-28,HORX,130.75
2023-11-29,HORX,129.13
2023-11-30,HORX,132.66
2023-12-01,HORX,134.28
2023-12-04,HORX,134.37
2023-12-05,HORX,135.62
2023-12-06,HORX,129.9
2023-12-07,HORX,126.88
2023-12-08,HORX,127.23
2023-12-11,HORX,129.46
2023-12-12,HORX,129.31
2023-12-13,HORX,130.18
2023-12-14,HORX,128.93
2023-12-15,HORX,128.72
2023-12-18,HORX,126.72
2023-12-19,HORX,126.31
2023-12-20,HORX,130.43
2023-12-21,HORX,128.91
2023-12-22,HORX,131.02
2023-12-25,HORX,129.28
2023-12-26,HORX,127.81
2023-12-27,HORX,133.73
2023-12-28,HORX,132.75
2023-12-29,HORX,129.95
2024-01-01,HORX,128.52
2024-01-02,HORX,127.05
2024-01-03,HORX,128.56
2024-01-04,HORX,130.22
2024-01-05,HORX,129.99
2024-01-08,HORX,130.85
2024-01-09,HORX,134.24
2024-01-10,HORX,133.05
2024-01-11,HORX,131.68
2024-01-12,HORX,129.91
2024-01-15,HORX,131.37
2024-01-16,HORX,129.1
2024-01-17,HORX,129.46
2024-01-18,HORX,127.99
2024-01-19,HORX,132.1
2024-01-22,HORX,131.31
2024-01-23,HORX,129.86
2024-01-24,HORX,130.26
2024-01-25,HORX,128.8
2024-01-26,HORX,135.23
2024-01-29,HORX,134.48
2024-01-30,HORX,133.2
2024-01-31,HORX,132.67
2024-02-01,HORX,133.87
2024-02-02,HORX,133.24
2024-02-05,HORX,132.98
2024-02-06,HORX,130.78
2024-02-07,HORX,133.0
2024-02-08,HORX,135.26
2024-02-09,HORX,134.0
2024-02-12,HORX,131.84
2024-02-13,HORX,132.41
2024-02-14,HORX,134.64
2024-02-15,HORX,134.29
2024-02-16,HORX,132.77
2024-02-19,HORX,138.65
2024-02-20,HORX,140.7
2024-02-21,HORX,143.46
2024-02-22,HORX,141.8
2024-02-23,HORX,137.74
2024-02-26,HORX,135.6
2024-02-27,HORX,134.9
2024-02-28,HORX,133.83
2024-02-29,HORX,134.2
2024-03-01,HORX,132.64
2024-03-04,HORX,131.74
2024-03-05,HORX,134.82
2024-03-06,HORX,135.27
2024-03-07,HORX,137.9
2024-03-08,HORX,139.54
2024-03-11,HORX,134.51
2024-03-12,HORX,130.75
2024-03-13,HORX,133.66
2024-03-14,HORX,137.66
2024-03-15,HORX,137.13
2024-03-18,HORX,139.5
2024-03-19,HORX,143.15
2024-03-20,HORX,145.45
2024-03-21,HORX,146.21
2024-03-22,HORX,144.04
2024-03-25,HORX,138.85
2024-03-26,HORX,141.44
2024-03-27,HORX,143.02
2024-03-28,HORX,143.97
2024-03-29,HORX,144.98
2024-04-01,HORX,144.9
2024-04-02,HORX,147.3
2024-04-03,HORX,148.82
2024-04-04,HORX,144.63
2024-04-05,HORX,143.14
2024-04-08,HORX,144.18
2024-04-09,HORX,146.66
2024-04-10,HORX,149.1
2024-04-11,HORX,144.32
2024-04-15,HORX,143.83
2024-04-16,HORX,148.83
2024-04-17,HORX,147.36
2024-04-18,HORX,149.64
2024-04-19,HORX,147.79
2024-04-22,HORX,147.83
2024-04-23,HORX,149.25
2024-04-24,HORX,153.54
2024-04-25,HORX,155.51
2024-04-26,HORX,158.32
2024-04-29,HORX,155.2
2024-04-30,HORX,157.79
2024-05-01,HORX,160.25
2024-05-02,HORX,160.8
2024-05-03,HORX,161.7
2024-05-06,HORX,162.91
2024-05-07,HORX,164.3
2024-05-08,HORX,166.8
2024-05-09,HORX,165.23
2024-05-10,HORX,168.71
2024-05-13,HORX,167.21
2024-05-14,HORX,171.62
2024-05-15,HORX,174.67
2024-05-16,HORX,177.01
2024-05-17,HORX,172.48
2024-05-20,HORX,171.92
2024-05-21,HORX,170.55
2024-05-22,HORX,174.46
2024-05-23,HORX,174.79
2024-05-24,HORX,170.85
2024-05-27,HORX,176.88
2024-05-28,HORX,177.27
2024-05-29,HORX,179.42
2024-05-30,HORX,181.46
2024-05-31,HORX,177.77
2024-06-03,HORX,177.84
2024-06-04,HORX,176.17
2024-06-05,HORX,179.36
2024-06-06,HORX,172.33
2024-06-07,HORX,168.4
2024-06-10,HORX,172.89
2024-06-11,HORX,173.14
2024-06-12,HORX,170.14
2024-06-13,HORX,171.04
2024-06-14,HORX,168.92
2024-06-17,HORX,169.16
2024-06-18,HORX,170.81
2024-06-19,HORX,168.74
2024-06-20,HORX,163.49
2024-06-21,HORX,163.53
2024-06-24,HORX,162.62
2024-06-25,HORX,161.54
2024-06-26,HORX,161.44
2024-06-27,HORX,165.61
2024-06-28,HORX,167.5
2024-07-01,HORX,169.4
2024-07-02,HORX,168.34
2024-07-03,HORX,167.51
2024-07-04,HORX,168.63
2024-07-05,HORX,171.44
2024-07-08,HORX,170.48
2024-07-09,HORX,170.16
2024-07-10,HORX,167.77
2024-07-11,HORX,167.29
2024-07-12,HORX,167.04
2024-07-15,HORX,165.67
2024-07-16,HORX,172.33
2024-07-17,HORX,174.18
2024-07-18,HORX,175.52
2024-07-19,HORX,172.54
2024-07-22,HORX,175.8
2024-07-23,HORX,177.11
2024-07-24,HORX,179.97
2024-07-25,HORX,180.21
2024-07-26,HORX,181.87
2024-07-29,HORX,183.31
2024-07-30,HORX,184.51
2024-07-31,HORX,183.56
2024-08-01,HORX,183.2
2024-08-02,HORX,182.21
2024-08-05,HORX,186.8
2024-08-06,HORX,182.56
2024-08-07,HORX,184.08
2024-08-08,HORX,184.58
2024-08-09,HORX,185.82
2024-08-12,HORX,184.86
2024-08-13,HORX,182.86
2024-08-14,HORX,185.81
2024-08-15,HORX,188.13
2024-08-16,HORX,190.38
2024-08-19,HORX,193.26
2024-08-20,HORX,202.31
2024-08-21,HORX,197.5
2024-08-22,HORX,194.83
2024-08-23,HORX,199.06
2024-08-26,HORX,202.26
2024-08-27,HORX,196.99
2024-08-28,HORX,194.38
2024-08-29,HORX,192.92
2024-08-30,HORX,189.54
2024-09-02,HORX,191.95
2024-09-03,HORX,189.0
2024-09-04,HORX,189.28
2024-09-05,HORX,189.26
2024-09-06,HORX,193.49
2024-09-09,HORX,194.47
2024-09-10,HORX,195.18
2024-09-11,HORX,198.77
2024-09-12,HORX,198.12
2024-09-13,HORX,196.9
2024-09-16,HORX,195.72
2024-09-17,HORX,196.45
2024-09-18,HORX,189.85
2024-09-19,HORX,187.04
2024-09-20,HORX,187.21
2024-09-23,HORX,178.78
2024-09-24,HORX,176.35
2024-09-25,HORX,179.19
2024-09-26,HORX,177.48
2024-09-27,HORX,176.63
2024-09-30,HORX,176.85
2024-10-01,HORX,175.12
2024-10-02,HORX,180.05
2024-10-03,HORX,179.2
2024-10-04,HORX,175.35
2024-10-07,HORX,172.63
2024-10-08,HORX,168.41
2024-10-09,HORX,170.73
2024-10-10,HORX,167.66
2024-10-11,HORX,172.01
2024-10-14,HORX,171.18
2024-10-15,HORX,170.85
2024-10-16,HORX,171.55
2024-10-17,HORX,168.42
2024-10-18,HORX,172.71
2024-10-21,HORX,171.9
2024-10-22,HORX,173.14
2024-10-23,HORX,170.26
2024-10-24,HORX,174.09
2024-10-25,HORX,168.0
2024-10-28,HORX,164.14
2024-10-29,HORX,163.82
2024-10-30,HORX,164.34
2024-10-31,HORX,166.99
2024-11-01,HORX,163.87
2024-11-04,HORX,162.49
2024-11-05,HORX,158.6
2024-11-06,HORX,155.56
2024-11-07,HORX,158.02
2024-11-08,HORX,156.78
2024-11-11,HORX,154.37
2024-11-12,HORX,152.2
2024-11-13,HORX,155.59
2024-11-14,HORX,149.84
2024-11-15,HORX,149.95
2024-11-18,HORX,147.66
2024-11-19,HORX,147.14
2024-11-20,HORX,145.5
2024-11-21,HORX,146.64
2024-11-22,HORX,147.34
2024-11-25,HORX,146.3
2024-11-26,HORX,147.29
2024-11-27,HORX,144.27
2024-11-28,HORX,142.92
2024-11-29,HORX,141.04
2024-12-02,HORX,139.3
2024-12-03,HORX,138.86
2024-12-04,HORX,134.56
2024-12-05,HORX,135.82
2024-12-06,HORX,134.33
2024-12-09,HORX,129.45
2024-12-10,HORX,133.39
2024-12-11,HORX,132.4
2024-12-12,HORX,128.99
2024-12-13,HORX,128.3
2024-12-16,HORX,125.16
2024-12-17,HORX,123.81
2024-12-18,HORX,124.62
2024-12-19,HORX,125.7
2024-12-20,HORX,123.77
2024-12-23,HORX,124.59
2024-12-24,HORX,125.29
2024-12-25,HORX,127.64
2024-12-26,HORX,127.51
2024-12-27,HORX,130.8
2024-12-30,HORX,131.46
2024-12-31,HORX,133.22
2023-01-02,BEAX,148.76
2023-01-03,BEAX,149.75
2023-01-04,BEAX,151.29
2023-01-05,BEAX,150.18
2023-01-06,BEAX,148.45
2023-01-09,BEAX,147.82
2023-01-10,BEAX,147.9
2023-01-11,BEAX,142.61
2023-01-12,BEAX,138.84
2023-01-13,BEAX,135.9
2023-01-16,BEAX,139.27
2023-01-17,BEAX,139.02
2023-01-18,BEAX,137.36
2023-01-19,BEAX,140.76
2023-01-20,BEAX,139.23
2023-01-23,BEAX,141.39
2023-01-24,BEAX,140.42
2023-01-25,BEAX,144.51
2023-01-26,BEAX,148.58
2023-01-27,BEAX,144.37
2023-01-30,BEAX,147.79
2023-01-31,BEAX,149.07
2023-02-01,BEAX,150.71
2023-02-02,BEAX,150.62
2023-02-03,BEAX,155.1
2023-02-06,BEAX,157.98
2023-02-07,BEAX,157.03
2023-02-08,BEAX,164.05
2023-02-09,BEAX,162.36
2023-02-10,BEAX,160.95
2023-02-13,BEAX,154.49
2023-02-14,BEAX,149.32
2023-02-15,BEAX,145.41
2023-02-16,BEAX,143.36
2023-02-17,BEAX,138.14
2023-02-20,BEAX,135.35
2023-02-21,BEAX,142.44
2023-02-22,BEAX,147.04
2023-02-23,BEAX,151.62
2023-02-24,BEAX,154.48
2023-02-27,BEAX,152.66
2023-02-28,BEAX,158.01
2023-03-01,BEAX,161.54
2023-03-02,BEAX,167.73
2023-03-03,BEAX,162.48
2023-03-06,BEAX,162.89
2023-03-07,BEAX,159.23
2023-03-08,BEAX,162.99
2023-03-09,BEAX,155.3
2023-03-10,BEAX,158.3
2023-03-13,BEAX,153.62
2023-03-14,BEAX,156.03
2023-03-15,BEAX,151.26
2023-03-16,BEAX,146.34
2023-03-17,BEAX,142.8
2023-03-20,BEAX,143.84
2023-03-21,BEAX,144.04
2023-03-22,BEAX,144.5
2023-03-23,BEAX,142.84
2023-03-24,BEAX,142.35
2023-03-27,BEAX,143.58
2023-03-28,BEAX,149.51
2023-03-29,BEAX,148.34
2023-03-30,BEAX,146.07
2023-03-31,BEAX,140.79
2023-04-03,BEAX,140.59
2023-04-04,BEAX,138.19
2023-04-05,BEAX,138.84
2023-04-06,BEAX,136.9
2023-04-07,BEAX,142.15
2023-04-10,BEAX,136.84
2023-04-11,BEAX,143.39
2023-04-12,BEAX,141.09
2023-04-13,BEAX,148.18
2023-04-14,BEAX,143.29
2023-04-17,BEAX,144.88
2023-04-18,BEAX,147.75
2023-04-19,BEAX,150.44
2023-04-20,BEAX,152.16
2023-04-21,BEAX,151.47
2023-04-24,BEAX,147.97
2023-04-25,BEAX,147.23
2023-04-26,BEAX,145.79
2023-04-27,BEAX,149.47
2023-04-28,BEAX,145.07
2023-05-01,BEAX,149.43
2023-05-02,BEAX,154.23
2023-05-03,BEAX,153.2
2023-05-04,BEAX,158.23
2023-05-05,BEAX,160.03
2023-05-08,BEAX,162.39
2023-05-09,BEAX,165.31
2023-05-10,BEAX,163.39
2023-05-11,BEAX,165.35
2023-05-12,BEAX,165.51
2023-05-15,BEAX,163.28
2023-05-16,BEAX,158.01
2023-05-17,BEAX,157.98
2023-05-18,BEAX,159.57
2023-05-19,BEAX,160.33
2023-05-22,BEAX,168.11
2023-05-23,BEAX,173.08
2023-05-24,BEAX,172.04
2023-05-25,BEAX,171.94
2023-05-26,BEAX,177.28
2023-05-29,BEAX,170.19
2023-05-30,BEAX,177.41
2023-05-31,BEAX,177.14
2023-06-01,BEAX,181.81
2023-06-02,BEAX,184.23
2023-06-05,BEAX,186.89
2023-06-06,BEAX,187.85
2023-06-07,BEAX,188.72
2023-06-08,BEAX,192.28
2023-06-09,BEAX,186.2
2023-06-12,BEAX,190.31
2023-06-13,BEAX,186.27
2023-06-14,BEAX,182.92
2023-06-15,BEAX,190.87
2023-06-16,BEAX,191.11
2023-06-19,BEAX,188.71
2023-06-20,BEAX,189.16
2023-06-21,BEAX,187.86
2023-06-22,BEAX,191.05
2023-06-23,BEAX,191.81
2023-06-26,BEAX,201.6
2023-06-27,BEAX,201.32
2023-06-28,BEAX,200.03
2023-06-29,BEAX,195.11
2023-06-30,BEAX,196.63
2023-07-03,BEAX,194.99
2023-07-04,BEAX,196.13
2023-07-05,BEAX,198.56
2023-07-06,BEAX,203.13
2023-07-07,BEAX,199.36
2023-07-10,BEAX,193.7
2023-07-11,BEAX,192.82
2023-07-12,BEAX,193.59
2023-07-13,BEAX,187.19
2023-07-14,BEAX,184.59
2023-07-17,BEAX,178.98
2023-07-18,BEAX,186.24
2023-07-19,BEAX,183.88
2023-07-20,BEAX,186.83
2023-07-21,BEAX,181.52
2023-07-24,BEAX,181.19
2023-07-25,BEAX,180.97
2023-07-26,BEAX,184.4
2023-07-27,BEAX,183.32
2023-07-28,BEAX,188.45
2023-07-31,BEAX,187.04
2023-08-01,BEAX,184.79
2023-08-02,BEAX,181.97
2023-08-03,BEAX,185.78
2023-08-04,BEAX,184.61
2023-08-07,BEAX,192.66
2023-08-08,BEAX,190.82
2023-08-09,BEAX,194.68
2023-08-10,BEAX,201.14
2023-08-11,BEAX,199.88
2023-08-14,BEAX,198.06
2023-08-15,BEAX,199.4
2023-08-16,BEAX,195.85
2023-08-17,BEAX,191.71
2023-08-18,BEAX,184.8
2023-08-21,BEAX,188.34
2023-08-22,BEAX,185.23
2023-08-23,BEAX,185.56
2023-08-24,BEAX,178.07
2023-08-25,BEAX,177.08
2023-08-28,BEAX,177.61
2023-08-29,BEAX,178.6
2023-08-30,BEAX,184.6
2023-08-31,BEAX,181.19
2023-09-01,BEAX,177.64
2023-09-04,BEAX,181.43
2023-09-05,BEAX,178.92
2023-09-06,BEAX,185.21
2023-09-07,BEAX,180.71
2023-09-08,BEAX,182.27
2023-09-11,BEAX,182.77
2023-09-12,BEAX,181.19
2023-09-13,BEAX,182.03
2023-09-14,BEAX,181.99
2023-09-15,BEAX,185.12
2023-09-18,BEAX,189.72
2023-09-19,BEAX,193.82
2023-09-20,BEAX,192.44
2023-09-21,BEAX,193.58
2023-09-22,BEAX,189.57
2023-09-25,BEAX,187.18
2023-09-26,BEAX,186.18
2023-09-27,BEAX,196.95
2023-09-28,BEAX,199.86
2023-09-29,BEAX,206.66
2023-10-02,BEAX,211.15
2023-10-03,BEAX,214.77
2023-10-04,BEAX,217.37
2023-10-05,BEAX,222.26
2023-10-06,BEAX,228.84
2023-10-09,BEAX,227.4
2023-10-10,BEAX,232.15
2023-10-11,BEAX,231.39
2023-10-12,BEAX,227.98
2023-10-13,BEAX,230.65
2023-10-16,BEAX,231.38
2023-10-17,BEAX,232.01
2023-10-18,BEAX,233.94
2023-10-19,BEAX,241.25
2023-10-20,BEAX,234.63
2023-10-23,BEAX,228.1
2023-10-24,BEAX,222.54
2023-10-25,BEAX,223.85
2023-10-26,BEAX,228.34
2023-10-27,BEAX,234.84
2023-10-30,BEAX,239.29
2023-10-31,BEAX,233.88
2023-11-01,BEAX,234.76
2023-11-02,BEAX,233.34
2023-11-03,BEAX,230.05
2023-11-06,BEAX,216.2
2023-11-07,BEAX,211.2
2023-11-08,BEAX,207.85
2023-11-09,BEAX,201.72
2023-11-10,BEAX,202.28
2023-11-13,BEAX,204.42
2023-11-14,BEAX,199.65
2023-11-15,BEAX,196.27
2023-11-16,BEAX,198.09
2023-11-17,BEAX,193.79
2023-11-20,BEAX,196.25
2023-11-21,BEAX,192.42
2023-11-22,BEAX,197.88
2023-11-23,BEAX,199.34
2023-11-24,BEAX,203.18
2023-11-27,BEAX,206.67
2023-11-28,BEAX,204.44
2023-11-29,BEAX,203.14
2023-11-30,BEAX,201.17
2023-12-01,BEAX,209.39
2023-12-04,BEAX,207.22
2023-12-05,BEAX,209.61
2023-12-06,BEAX,201.63
2023-12-07,BEAX,200.15
2023-12-08,BEAX,207.43
2023-12-11,BEAX,209.42
2023-12-12,BEAX,215.49
2023-12-13,BEAX,219.59
2023-12-14,BEAX,219.46
2023-12-15,BEAX,229.49
2023-12-18,BEAX,230.72
2023-12-19,BEAX,235.88
2023-12-20,BEAX,226.1
2023-12-21,BEAX,219.81
2023-12-22,BEAX,222.71
2023-12-25,BEAX,222.52
2023-12-26,BEAX,227.06
2023-12-27,BEAX,229.96
2023-12-28,BEAX,227.19
2023-12-29,BEAX,219.74
2024-01-01,BEAX,219.07
2024-01-02,BEAX,214.13
2024-01-03,BEAX,216.16
2024-01-04,BEAX,221.39
2024-01-05,BEAX,225.59
2024-01-08,BEAX,226.28
2024-01-09,BEAX,225.0
2024-01-10,BEAX,232.61
2024-01-11,BEAX,224.39
2024-01-12,BEAX,218.9
2024-01-15,BEAX,221.0
2024-01-16,BEAX,218.37
2024-01-17,BEAX,214.9
2024-01-18,BEAX,210.34
2024-01-19,BEAX,212.18
2024-01-22,BEAX,213.78
2024-01-23,BEAX,209.76
2024-01-24,BEAX,204.35
2024-01-25,BEAX,209.86
2024-01-26,BEAX,214.41
2024-01-29,BEAX,220.95
2024-01-30,BEAX,222.6
2024-01-31,BEAX,217.79
2024-02-01,BEAX,222.99
2024-02-02,BEAX,215.97
2024-02-05,BEAX,216.41
2024-02-06,BEAX,216.98
2024-02-07,BEAX,220.63
2024-02-08,BEAX,222.83
2024-02-09,BEAX,230.6
2024-02-12,BEAX,233.9
2024-02-13,BEAX,235.4
2024-02-14,BEAX,234.4
2024-02-15,BEAX,231.06
2024-02-16,BEAX,225.84
2024-02-19,BEAX,223.19
2024-02-20,BEAX,217.5
2024-02-21,BEAX,218.05
2024-02-22,BEAX,217.75
2024-02-23,BEAX,224.38
2024-02-26,BEAX,220.7
2024-02-27,BEAX,212.42
2024-02-28,BEAX,210.16
2024-02-29,BEAX,216.39
2024-03-01,BEAX,210.98
2024-03-04,BEAX,210.61
2024-03-05,BEAX,211.85
2024-03-06,BEAX,211.73
2024-03-07,BEAX,209.33
2024-03-08,BEAX,214.28
2024-03-11,BEAX,217.63
2024-03-12,BEAX,218.28
2024-03-13,BEAX,219.29
2024-03-14,BEAX,219.78
2024-03-15,BEAX,228.23
2024-03-18,BEAX,229.64
2024-03-19,BEAX,230.82
2024-03-20,BEAX,229.87
2024-03-21,BEAX,231.17
2024-03-22,BEAX,228.72
2024-03-25,BEAX,236.68
2024-03-26,BEAX,242.11
2024-03-27,BEAX,226.95
2024-03-28,BEAX,222.65
2024-03-29,BEAX,218.29
2024-04-01,BEAX,216.49
2024-04-02,BEAX,224.76
2024-04-03,BEAX,223.45
2024-04-04,BEAX,217.62
2024-04-05,BEAX,209.83
2024-04-08,BEAX,205.57
2024-04-09,BEAX,203.55
2024-04-10,BEAX,195.33
2024-04-11,BEAX,199.13
2024-04-12,BEAX,195.92
2024-04-15,BEAX,190.22
2024-04-16,BEAX,189.33
2024-04-17,BEAX,188.93
2024-04-18,BEAX,193.88
2024-04-19,BEAX,198.44
2024-04-22,BEAX,196.32
2024-04-23,BEAX,197.75
2024-04-24,BEAX,199.59
2024-04-25,BEAX,197.12
2024-04-26,BEAX,188.77
2024-04-29,BEAX,181.94
2024-04-30,BEAX,183.08
2024-05-01,BEAX,188.38
2024-05-02,BEAX,186.71
2024-05-03,BEAX,185.67
2024-05-06,BEAX,185.18
2024-05-07,BEAX,188.7
2024-05-08,BEAX,188.53
2024-05-09,BEAX,192.07
2024-05-10,BEAX,196.54
2024-05-13,BEAX,198.9
2024-05-14,BEAX,196.95
2024-05-15,BEAX,199.9
2024-05-16,BEAX,202.79
2024-05-17,BEAX,197.6
2024-05-20,BEAX,195.11
2024-05-21,BEAX,188.3
2024-05-22,BEAX,189.37
2024-05-23,BEAX,184.72
2024-05-24,BEAX,184.61
2024-05-27,BEAX,187.06
2024-05-28,BEAX,184.35
2024-05-29,BEAX,181.86
2024-05-30,BEAX,183.47
2024-05-31,BEAX,191.77
2024-06-03,BEAX,189.47
2024-06-04,BEAX,193.89
2024-06-05,BEAX,188.88
2024-06-06,BEAX,187.48
2024-06-07,BEAX,182.35
2024-06-10,BEAX,184.37
2024-06-11,BEAX,189.72
2024-06-12,BEAX,187.28
2024-06-13,BEAX,186.15
2024-06-14,BEAX,193.25
2024-06-17,BEAX,200.19
2024-06-18,BEAX,200.98
2024-06-19,BEAX,197.75
2024-06-20,BEAX,190.29
2024-06-21,BEAX,192.95
2024-06-24,BEAX,201.18
2024-06-25,BEAX,203.69
2024-06-26,BEAX,196.0
2024-06-27,BEAX,200.43
2024-06-28,BEAX,201.99
2024-07-01,BEAX,203.37
2024-07-02,BEAX,203.34
2024-07-03,BEAX,205.32
2024-07-04,BEAX,208.42
2024-07-05,BEAX,214.04
2024-07-08,BEAX,218.49
2024-07-09,BEAX,220.25
2024-07-10,BEAX,218.15
2024-07-11,BEAX,222.39
2024-07-12,BEAX,224.85
2024-07-15,BEAX,232.86
2024-07-16,BEAX,232.97
2024-07-17,BEAX,227.9
2024-07-18,BEAX,222.88
2024-07-19,BEAX,224.02
2024-07-22,BEAX,225.12
2024-07-23,BEAX,235.53
2024-07-24,BEAX,233.78
2024-07-25,BEAX,230.33
2024-07-26,BEAX,228.6
2024-07-29,BEAX,233.53
2024-07-30,BEAX,237.49
2024-07-31,BEAX,250.78
2024-08-01,BEAX,252.2
2024-08-02,BEAX,245.42
2024-08-05,BEAX,245.22
2024-08-06,BEAX,245.33
2024-08-08,BEAX,255.79
2024-08-09,BEAX,248.2
2024-08-12,BEAX,249.07
2024-08-13,BEAX,244.44
2024-08-14,BEAX,250.66
2024-08-15,BEAX,259.46
2024-08-16,BEAX,262.17
2024-08-19,BEAX,259.84
2024-08-20,BEAX,261.69
2024-08-21,BEAX,260.59
2024-08-22,BEAX,266.69
2024-08-23,BEAX,262.99
2024-08-26,BEAX,271.08
2024-08-27,BEAX,271.23
2024-08-28,BEAX,264.65
2024-08-29,BEAX,261.14
2024-08-30,BEAX,266.58
2024-09-03,BEAX,255.71
2024-09-04,BEAX,262.67
2024-09-05,BEAX,257.64
2024-09-06,BEAX,254.87
2024-09-09,BEAX,245.71
2024-09-10,BEAX,244.45
2024-09-11,BEAX,242.73
2024-09-12,BEAX,238.95
2024-09-13,BEAX,232.0
2024-09-16,BEAX,234.3
2024-09-17,BEAX,230.0
2024-09-18,BEAX,229.82
2024-09-19,BEAX,229.22
2024-09-20,BEAX,225.87
2024-09-23,BEAX,227.12
2024-09-24,BEAX,231.33
2024-09-25,BEAX,229.07
2024-09-26,BEAX,226.45
2024-09-27,BEAX,234.05
2024-09-30,BEAX,231.33
2024-10-01,BEAX,234.53
2024-10-02,BEAX,235.44
2024-10-03,BEAX,238.82
2024-10-04,BEAX,243.57
2024-10-07,BEAX,238.48
2024-10-08,BEAX,234.84
2024-10-09,BEAX,229.19
2024-10-10,BEAX,231.67
2024-10-11,BEAX,232.78
2024-10-14,BEAX,229.45
2024-10-15,BEAX,227.92
2024-10-16,BEAX,230.68
2024-10-17,BEAX,237.93
2024-10-18,BEAX,234.01
2024-10-21,BEAX,233.23
2024-10-22,BEAX,240.13
2024-10-23,BEAX,237.25
2024-10-24,BEAX,242.49
2024-10-25,BEAX,240.38
2024-10-28,BEAX,237.87
2024-10-29,BEAX,232.53
2024-10-30,BEAX,235.32
2024-10-31,BEAX,232.86
2024-11-01,BEAX,232.4
2024-11-04,BEAX,232.6
2024-11-05,BEAX,231.58
2024-11-06,BEAX,231.1
2024-11-07,BEAX,229.34
2024-11-08,BEAX,230.3
2024-11-11,BEAX,227.66
2024-11-12,BEAX,234.28
2024-11-13,BEAX,236.8
2024-11-14,BEAX,230.25
2024-11-15,BEAX,230.28
2024-11-18,BEAX,232.76
2024-11-19,BEAX,237.18
2024-11-20,BEAX,238.81
2024-11-21,BEAX,240.04
2024-11-22,BEAX,232.75
2024-11-25,BEAX,230.86
2024-11-26,BEAX,229.86
2024-11-27,BEAX,226.06
2024-11-28,BEAX,235.08
2024-11-29,BEAX,240.05
2024-12-02,BEAX,237.28
2024-12-03,BEAX,244.58
2024-12-04,BEAX,247.9
2024-12-05,BEAX,246.12
2024-12-06,BEAX,247.82
2024-12-09,BEAX,241.3
2024-12-10,BEAX,236.73
2024-12-11,BEAX,239.8
2024-12-12,BEAX,229.29
2024-12-13,BEAX,237.56
2024-12-16,BEAX,234.07
2024-12-17,BEAX,234.96
2024-12-18,BEAX,237.27
2024-12-19,BEAX,238.15
2024-12-20,BEAX,234.82
2024-12-23,BEAX,234.64
2024-12-24,BEAX,240.13
2024-12-25,BEAX,240.57
2024-12-26,BEAX,250.15
2024-12-27,BEAX,237.22
2024-12-30,BEAX,242.5
2024-12-31,BEAX,249.53
2023-01-02,ORBX,91.0
2023-01-03,ORBX,89.33
2023-01-04,ORBX,89.12
2023-01-05,ORBX,88.68
2023-01-06,ORBX,89.63
2023-01-09,ORBX,88.47
2023-01-10,ORBX,90.57
2023-01-11,ORBX,89.19
2023-01-12,ORBX,87.81
2023-01-13,ORBX,84.05
2023-01-16,ORBX,80.99
2023-01-17,ORBX,79.41
2023-01-18,ORBX,80.15
2023-01-19,ORBX,81.37
2023-01-20,ORBX,81.4
2023-01-23,ORBX,81.51
2023-01-24,ORBX,80.83
2023-01-25,ORBX,80.16
2023-01-26,ORBX,79.12
2023-01-27,ORBX,80.95
2023-01-30,ORBX,82.2
2023-01-31,ORBX,82.12
2023-02-01,ORBX,82.95
2023-02-02,ORBX,83.69
2023-02-03,ORBX,83.74
2023-02-06,ORBX,83.34
2023-02-07,ORBX,84.63
2023-02-08,ORBX,87.16
2023-02-09,ORBX,86.33
2023-02-10,ORBX,86.05
2023-02-13,ORBX,86.29
2023-02-14,ORBX,86.15
2023-02-15,ORBX,86.31
2023-02-16,ORBX,85.66
2023-02-17,ORBX,85.82
2023-02-20,ORBX,88.34
2023-02-21,ORBX,93.26
2023-02-22,ORBX,92.52
2023-02-23,ORBX,93.29
2023-02-24,ORBX,93.63
2023-02-27,ORBX,94.16
2023-02-28,ORBX,95.55
2023-03-01,ORBX,96.7
2023-03-02,ORBX,96.54
2023-03-03,ORBX,97.26
2023-03-06,ORBX,99.07
2023-03-07,ORBX,101.77
2023-03-08,ORBX,102.73
2023-03-09,ORBX,106.12
2023-03-10,ORBX,105.43
2023-03-13,ORBX,102.97
2023-03-14,ORBX,103.43
2023-03-15,ORBX,103.45
2023-03-16,ORBX,101.06
2023-03-17,ORBX,99.67
2023-03-20,ORBX,99.99
2023-03-21,ORBX,99.6
2023-03-22,ORBX,97.77
2023-03-23,ORBX,99.62
2023-03-24,ORBX,98.61
2023-03-27,ORBX,99.54
2023-03-28,ORBX,102.61
2023-03-29,ORBX,104.27
2023-03-30,ORBX,102.87
2023-03-31,ORBX,102.03
2023-04-03,ORBX,101.76
2023-04-04,ORBX,100.47
2023-04-05,ORBX,102.2
2023-04-06,ORBX,100.56
2023-04-07,ORBX,101.38
2023-04-10,ORBX,100.73
2023-04-11,ORBX,102.19
2023-04-12,ORBX,101.25
2023-04-13,ORBX,100.04
2023-04-14,ORBX,97.74
2023-04-17,ORBX,97.57
2023-04-18,ORBX,98.07
2023-04-19,ORBX,98.43
2023-04-20,ORBX,98.9
2023-04-21,ORBX,100.25
2023-04-24,ORBX,99.73
2023-04-25,ORBX,98.56
2023-04-26,ORBX,101.23
2023-04-27,ORBX,101.21
2023-04-28,ORBX,102.59
2023-05-01,ORBX,102.67
2023-05-02,ORBX,101.29
2023-05-03,ORBX,102.24
2023-05-04,ORBX,100.31
2023-05-05,ORBX,100.65
2023-05-08,ORBX,99.73
2023-05-09,ORBX,100.43
2023-05-10,ORBX,97.61
2023-05-11,ORBX,97.34
2023-05-12,ORBX,94.65
2023-05-15,ORBX,95.31
2023-05-16,ORBX,95.61
2023-05-17,ORBX,93.26
2023-05-18,ORBX,91.9
2023-05-19,ORBX,91.39
2023-05-22,ORBX,91.59
2023-05-23,ORBX,91.53
2023-05-24,ORBX,90.71
2023-05-25,ORBX,92.01
2023-05-26,ORBX,92.34
2023-05-29,ORBX,90.53
2023-05-30,ORBX,91.27
2023-05-31,ORBX,88.03
2023-06-01,ORBX,87.07
2023-06-02,ORBX,88.81
2023-06-05,ORBX,91.5
2023-06-06,ORBX,88.45
2023-06-07,ORBX,87.55
2023-06-08,ORBX,87.36
2023-06-09,ORBX,84.52
2023-06-12,ORBX,85.39
2023-06-13,ORBX,85.07
2023-06-14,ORBX,84.96
2023-06-15,ORBX,85.17
2023-06-16,ORBX,85.65
2023-06-19,ORBX,85.88
2023-06-20,ORBX,87.9
2023-06-21,ORBX,87.05
2023-06-22,ORBX,86.95
2023-06-23,ORBX,87.33
2023-06-26,ORBX,87.91
2023-06-27,ORBX,91.12
2023-06-28,ORBX,92.66
2023-06-29,ORBX,93.1
2023-06-30,ORBX,94.64
2023-07-03,ORBX,91.78
2023-07-04,ORBX,89.66
2023-07-05,ORBX,89.21
2023-07-06,ORBX,88.16
2023-07-07,ORBX,89.48
2023-07-10,ORBX,90.06
2023-07-11,ORBX,92.59
2023-07-12,ORBX,90.96
2023-07-13,ORBX,90.87
2023-07-14,ORBX,89.67
2023-07-17,ORBX,88.98
2023-07-18,ORBX,86.83
2023-07-19,ORBX,87.16
2023-07-20,ORBX,86.36
2023-07-21,ORBX,86.2
2023-07-24,ORBX,84.68
2023-07-25,ORBX,83.44
2023-07-26,ORBX,82.89
2023-07-27,ORBX,83.63
2023-07-28,ORBX,82.85
2023-07-31,ORBX,84.64
2023-08-01,ORBX,83.59
2023-08-02,ORBX,79.39
2023-08-03,ORBX,79.56
2023-08-04,ORBX,80.1
2023-08-07,ORBX,80.39
2023-08-08,ORBX,79.46
2023-08-09,ORBX,79.76
2023-08-10,ORBX,81.54
2023-08-11,ORBX,82.44
2023-08-14,ORBX,82.38
2023-08-15,ORBX,79.78
2023-08-16,ORBX,81.94
2023-08-17,ORBX,83.89
2023-08-18,ORBX,83.39
2023-08-21,ORBX,83.44
2023-08-22,ORBX,84.15
2023-08-23,ORBX,83.93
2023-08-24,ORBX,84.06
2023-08-25,ORBX,84.29
2023-08-28,ORBX,82.98
2023-08-29,ORBX,82.7
2023-08-30,ORBX,82.36
2023-08-31,ORBX,81.68
2023-09-01,ORBX,83.62
2023-09-04,ORBX,84.06
2023-09-05,ORBX,85.34
2023-09-06,ORBX,83.2
2023-09-07,ORBX,84.27
2023-09-08,ORBX,83.46
2023-09-11,ORBX,85.78
2023-09-12,ORBX,85.85
2023-09-13,ORBX,85.14
2023-09-14,ORBX,85.86
2023-09-15,ORBX,87.12
2023-09-18,ORBX,87.04
2023-09-19,ORBX,87.58
2023-09-20,ORBX,90.46
2023-09-21,ORBX,90.9
2023-09-22,ORBX,91.68
2023-09-25,ORBX,90.8
2023-09-26,ORBX,92.47
2023-09-27,ORBX,89.08
2023-09-28,ORBX,88.2
2023-09-29,ORBX,87.66
2023-10-02,ORBX,88.35
2023-10-03,ORBX,87.15
2023-10-04,ORBX,88.16
2023-10-05,ORBX,87.36
2023-10-06,ORBX,86.27
2023-10-09,ORBX,85.68
2023-10-10,ORBX,87.46
2023-10-11,ORBX,83.27
2023-10-12,ORBX,82.36
2023-10-13,ORBX,84.1
2023-10-16,ORBX,83.64
2023-10-17,ORBX,82.06
2023-10-18,ORBX,78.89
2023-10-19,ORBX,77.15
2023-10-20,ORBX,75.22
2023-10-23,ORBX,74.13
2023-10-24,ORBX,74.26
2023-10-25,ORBX,73.0
2023-10-26,ORBX,74.14
2023-10-27,ORBX,75.01
2023-10-30,ORBX,74.95
2023-10-31,ORBX,74.25
2023-11-01,ORBX,76.08
2023-11-02,ORBX,77.19
2023-11-03,ORBX,77.64
2023-11-06,ORBX,77.74
2023-11-07,ORBX,78.08
2023-11-08,ORBX,80.03
2023-11-09,ORBX,79.33
2023-11-10,ORBX,78.0
2023-11-13,ORBX,76.34
2023-11-14,ORBX,75.73
2023-11-15,ORBX,74.93
2023-11-16,ORBX,74.5
2023-11-17,ORBX,75.28
2023-11-20,ORBX,74.82
2023-11-21,ORBX,74.04
2023-11-22,ORBX,73.14
2023-11-23,ORBX,72.42
2023-11-24,ORBX,74.78
2023-11-27,ORBX,74.88
2023-11-28,ORBX,74.44
2023-11-29,ORBX,73.95
2023-11-30,ORBX,72.08
2023-12-01,ORBX,70.88
2023-12-04,ORBX,72.5
2023-12-05,ORBX,73.39
2023-12-06,ORBX,73.42
2023-12-07,ORBX,74.17
2023-12-08,ORBX,72.56
2023-12-11,ORBX,73.1
2023-12-12,ORBX,75.87
2023-12-13,ORBX,77.46
2023-12-14,ORBX,76.08
2023-12-15,ORBX,76.61
2023-12-18,ORBX,77.54
2023-12-19,ORBX,75.54
2023-12-20,ORBX,76.79
2023-12-21,ORBX,75.14
2023-12-22,ORBX,76.27
2023-12-25,ORBX,77.89
2023-12-26,ORBX,76.73
2023-12-27,ORBX,77.08
2023-12-28,ORBX,78.0
2023-12-29,ORBX,79.08
2024-01-01,ORBX,80.58
2024-01-02,ORBX,80.71
2024-01-03,ORBX,83.48
2024-01-04,ORBX,82.04
2024-01-05,ORBX,80.16
2024-01-08,ORBX,80.29
2024-01-09,ORBX,83.13
2024-01-10,ORBX,83.86
2024-01-11,ORBX,84.37
2024-01-12,ORBX,85.74
2024-01-15,ORBX,85.46
2024-01-16,ORBX,83.85
2024-01-17,ORBX,83.21
2024-01-18,ORBX,81.38
2024-01-19,ORBX,81.4
2024-01-22,ORBX,81.75
2024-01-23,ORBX,80.85
2024-01-24,ORBX,79.05
2024-01-25,ORBX,77.21
2024-01-26,ORBX,77.73
2024-01-29,ORBX,80.03
2024-01-30,ORBX,79.3
2024-01-31,ORBX,77.55
2024-02-01,ORBX,75.36
2024-02-02,ORBX,76.56
2024-02-05,ORBX,75.7
2024-02-06,ORBX,76.15
2024-02-07,ORBX,75.33
2024-02-08,ORBX,74.69
2024-02-09,ORBX,73.7
2024-02-12,ORBX,75.08
2024-02-13,ORBX,73.71
2024-02-14,ORBX,73.9
2024-02-15,ORBX,72.83
2024-02-16,ORBX,73.9
2024-02-19,ORBX,73.4
2024-02-20,ORBX,73.43
2024-02-21,ORBX,73.38
2024-02-22,ORBX,71.68
2024-02-23,ORBX,71.42
2024-02-26,ORBX,70.16
2024-02-27,ORBX,71.41
2024-02-28,ORBX,72.61
2024-02-29,ORBX,72.21
2024-03-01,ORBX,72.91
2024-03-04,ORBX,73.18
2024-03-05,ORBX,74.18
2024-03-06,ORBX,73.48
2024-03-07,ORBX,73.96
2024-03-08,ORBX,73.44
2024-03-11,ORBX,73.26
2024-03-12,ORBX,74.34
2024-03-13,ORBX,74.08
2024-03-14,ORBX,73.6
2024-03-15,ORBX,75.17
2024-03-18,ORBX,75.25
2024-03-19,ORBX,75.11
2024-03-20,ORBX,75.1
2024-03-21,ORBX,75.3
2024-03-22,ORBX,72.5
2024-03-25,ORBX,71.49
2024-03-26,ORBX,71.97
2024-03-27,ORBX,73.1
2024-03-28,ORBX,70.55
2024-03-29,ORBX,71.55
2024-04-01,ORBX,71.94
2024-04-02,ORBX,70.21
2024-04-03,ORBX,70.69
2024-04-04,ORBX,71.69
2024-04-05,ORBX,72.89
2024-04-08,ORBX,72.22
2024-04-09,ORBX,70.2
2024-04-10,ORBX,69.51
2024-04-11,ORBX,68.44
2024-04-12,ORBX,71.21
2024-04-15,ORBX,70.97
2024-04-16,ORBX,70.75
2024-04-17,ORBX,71.02
2024-04-18,ORBX,69.56
2024-04-19,ORBX,70.09
2024-04-22,ORBX,71.13
2024-04-23,ORBX,71.73
2024-04-24,ORBX,74.01
2024-04-25,ORBX,73.82
2024-04-26,ORBX,73.61
2024-04-29,ORBX,74.37
2024-04-30,ORBX,72.25
2024-05-01,ORBX,71.25
2024-05-02,ORBX,71.54
2024-05-03,ORBX,70.61
2024-05-06,ORBX,71.1
2024-05-07,ORBX,70.62
2024-05-08,ORBX,70.18
2024-05-09,ORBX,69.47
2024-05-10,ORBX,69.22
2024-05-13,ORBX,68.81
2024-05-14,ORBX,70.18
2024-05-15,ORBX,72.39
2024-05-16,ORBX,72.56
2024-05-17,ORBX,73.45
2024-05-20,ORBX,73.91
2024-05-21,ORBX,74.37
2024-05-22,ORBX,75.92
2024-05-23,ORBX,76.94
2024-05-24,ORBX,77.12
2024-05-27,ORBX,75.45
2024-05-28,ORBX,75.05
2024-05-29,ORBX,73.12
2024-05-30,ORBX,70.98
2024-05-31,ORBX,70.13
2024-06-03,ORBX,70.5
2024-06-04,ORBX,70.83
2024-06-05,ORBX,72.57
2024-06-06,ORBX,71.84
2024-06-07,ORBX,73.58
2024-06-11,ORBX,72.56
2024-06-12,ORBX,73.12
2024-06-13,ORBX,72.65
2024-06-14,ORBX,73.66
2024-06-17,ORBX,72.07
2024-06-18,ORBX,71.88
2024-06-19,ORBX,70.63
2024-06-20,ORBX,70.34
2024-06-21,ORBX,71.04
2024-06-24,ORBX,69.89
2024-06-25,ORBX,70.91
2024-06-26,ORBX,72.26
2024-06-27,ORBX,71.45
2024-06-28,ORBX,70.88
2024-07-01,ORBX,72.67
2024-07-02,ORBX,72.64
2024-07-03,ORBX,70.82
2024-07-04,ORBX,70.88
2024-07-05,ORBX,69.82
2024-07-08,ORBX,71.65
2024-07-09,ORBX,72.32
2024-07-10,ORBX,70.65
2024-07-11,ORBX,71.22
2024-07-12,ORBX,72.42
2024-07-15,ORBX,71.21
2024-07-16,ORBX,69.33
2024-07-17,ORBX,68.46
2024-07-18,ORBX,69.88
2024-07-19,ORBX,68.82
2024-07-22,ORBX,69.68
2024-07-23,ORBX,70.44
2024-07-24,ORBX,72.55
2024-07-25,ORBX,72.57
2024-07-26,ORBX,71.04
2024-07-29,ORBX,70.72
2024-07-30,ORBX,69.51
2024-07-31,ORBX,69.21
2024-08-01,ORBX,68.34
2024-08-02,ORBX,68.33
2024-08-05,ORBX,66.54
2024-08-06,ORBX,65.1
2024-08-07,ORBX,64.39
2024-08-08,ORBX,65.43
2024-08-09,ORBX,65.1
2024-08-12,ORBX,67.44
2024-08-13,ORBX,69.11
2024-08-14,ORBX,70.72
2024-08-15,ORBX,70.52
2024-08-16,ORBX,69.72
2024-08-19,ORBX,68.9
2024-08-20,ORBX,67.22
2024-08-21,ORBX,67.34
2024-08-22,ORBX,66.17
2024-08-23,ORBX,67.32
2024-08-26,ORBX,67.71
2024-08-27,ORBX,65.56
2024-08-28,ORBX,64.99
2024-08-29,ORBX,64.17
2024-08-30,ORBX,62.64
2024-09-02,ORBX,62.75
2024-09-03,ORBX,61.57
2024-09-04,ORBX,61.0
2024-09-05,ORBX,61.18
2024-09-06,ORBX,60.58
2024-09-09,ORBX,59.43
2024-09-10,ORBX,59.93
2024-09-11,ORBX,61.38
2024-09-12,ORBX,60.44
2024-09-13,ORBX,61.67
2024-09-16,ORBX,61.83
2024-09-17,ORBX,60.63
2024-09-18,ORBX,60.72
2024-09-19,ORBX,60.85
2024-09-20,ORBX,60.37
2024-09-23,ORBX,60.87
2024-09-24,ORBX,60.5
2024-09-25,ORBX,58.86
2024-09-26,ORBX,58.29
2024-09-27,ORBX,58.44
2024-09-30,ORBX,58.98
2024-10-01,ORBX,61.58
2024-10-02,ORBX,62.19
2024-10-03,ORBX,61.18
2024-10-07,ORBX,60.17
2024-10-08,ORBX,62.4
2024-10-09,ORBX,61.81
2024-10-10,ORBX,60.91
2024-10-11,ORBX,58.07
2024-10-14,ORBX,57.69
2024-10-15,ORBX,57.8
2024-10-16,ORBX,58.22
2024-10-17,ORBX,58.52
2024-10-18,ORBX,59.26
2024-10-21,ORBX,58.73
2024-10-22,ORBX,58.34
2024-10-23,ORBX,58.08
2024-10-24,ORBX,57.83
2024-10-25,ORBX,58.61
2024-10-28,ORBX,58.07
2024-10-29,ORBX,56.79
2024-10-30,ORBX,57.43
2024-10-31,ORBX,57.1
2024-11-01,ORBX,54.11
2024-11-04,ORBX,53.23
2024-11-05,ORBX,54.13
2024-11-06,ORBX,53.7
2024-11-07,ORBX,53.94
2024-11-08,ORBX,55.11
2024-11-11,ORBX,55.31
2024-11-12,ORBX,56.18
2024-11-13,ORBX,56.92
2024-11-14,ORBX,56.38
2024-11-15,ORBX,57.01
2024-11-18,ORBX,57.03
2024-11-19,ORBX,57.16
2024-11-20,ORBX,56.85
2024-11-21,ORBX,57.16
2024-11-22,ORBX,57.05
2024-11-25,ORBX,56.28
2024-11-26,ORBX,54.9
2024-11-27,ORBX,54.65
2024-11-28,ORBX,53.19
2024-11-29,ORBX,52.06
2024-12-02,ORBX,51.47
2024-12-03,ORBX,51.96
2024-12-04,ORBX,50.86
2024-12-05,ORBX,50.65
2024-12-06,ORBX,50.73
2024-12-09,ORBX,50.81
2024-12-10,ORBX,51.38
2024-12-11,ORBX,51.96
2024-12-12,ORBX,51.61
2024-12-13,ORBX,49.39
2024-12-16,ORBX,48.43
2024-12-17,ORBX,47.66
2024-12-18,ORBX,47.93
2024-12-19,ORBX,47.07
2024-12-20,ORBX,48.53
2024-12-23,ORBX,47.96
2024-12-24,ORBX,49.14
2024-12-25,ORBX,47.64
2024-12-26,ORBX,47.91
2024-12-27,ORBX,48.08
2024-12-30,ORBX,48.22
2024-12-31,ORBX,48.46
2023-01-02,CASX,133.36
2023-01-03,CASX,127.13
2023-01-04,CASX,126.87
2023-01-05,CASX,134.67
2023-01-06,CASX,134.63
2023-01-09,CASX,128.27
2023-01-10,CASX,122.84
2023-01-11,CASX,121.16
2023-01-12,CASX,115.59
2023-01-13,CASX,121.63
2023-01-16,CASX,119.69
2023-01-17,CASX,116.05
2023-01-18,CASX,113.18
2023-01-19,CASX,116.2
2023-01-20,CASX,113.47
2023-01-23,CASX,115.64
2023-01-24,CASX,112.27
2023-01-25,CASX,110.03
2023-01-26,CASX,112.22
2023-01-27,CASX,112.29
2023-01-30,CASX,116.42
2023-01-31,CASX,115.62
2023-02-01,CASX,118.35
2023-02-02,CASX,116.22
2023-02-03,CASX,115.28
2023-02-06,CASX,111.42
2023-02-07,CASX,106.72
2023-02-08,CASX,104.12
2023-02-09,CASX,101.8
2023-02-10,CASX,100.53
2023-02-13,CASX,103.0
2023-02-14,CASX,104.15
2023-02-15,CASX,106.82
2023-02-16,CASX,110.1
2023-02-17,CASX,112.11
2023-02-20,CASX,110.27
2023-02-21,CASX,110.47
2023-02-22,CASX,108.38
2023-02-23,CASX,110.06
2023-02-24,CASX,110.7
2023-02-27,CASX,109.32
2023-02-28,CASX,110.94
2023-03-01,CASX,113.57
2023-03-02,CASX,115.14
2023-03-03,CASX,113.57
2023-03-06,CASX,109.32
2023-03-07,CASX,112.61
2023-03-08,CASX,113.85
2023-03-09,CASX,117.5
2023-03-10,CASX,113.75
2023-03-13,CASX,115.8
2023-03-14,CASX,113.26
2023-03-15,CASX,118.32
2023-03-16,CASX,124.27
2023-03-17,CASX,121.11
2023-03-20,CASX,121.74
2023-03-21,CASX,122.26
2023-03-22,CASX,122.61
2023-03-23,CASX,120.06
2023-03-24,CASX,125.78
2023-03-27,CASX,124.96
2023-03-28,CASX,118.88
2023-03-29,CASX,119.46
2023-03-30,CASX,116.88
2023-03-31,CASX,116.76
2023-04-03,CASX,119.38
2023-04-04,CASX,119.35
2023-04-05,CASX,117.69
2023-04-06,CASX,111.73
2023-04-07,CASX,116.06
2023-04-10,CASX,125.74
2023-04-11,CASX,126.06
2023-04-12,CASX,128.06
2023-04-13,CASX,131.68
2023-04-14,CASX,130.0
2023-04-17,CASX,133.74
2023-04-18,CASX,135.07
2023-04-19,CASX,135.55
2023-04-20,CASX,139.17
2023-04-21,CASX,137.1
2023-04-24,CASX,134.5
2023-04-25,CASX,132.14
2023-04-26,CASX,135.44
2023-04-27,CASX,136.75
2023-04-28,CASX,137.15
2023-05-01,CASX,128.61
2023-05-02,CASX,130.11
2023-05-03,CASX,133.59
2023-05-04,CASX,132.48
2023-05-05,CASX,137.42
2023-05-08,CASX,137.92
2023-05-09,CASX,137.78
2023-05-10,CASX,134.05
2023-05-11,CASX,130.2
2023-05-12,CASX,134.24
2023-05-15,CASX,135.88
2023-05-16,CASX,134.58
2023-05-17,CASX,127.24
2023-05-18,CASX,123.07
2023-05-19,CASX,120.83
2023-05-22,CASX,113.18
2023-05-23,CASX,110.31
2023-05-24,CASX,114.68
2023-05-25,CASX,114.56
2023-05-26,CASX,113.63
2023-05-29,CASX,113.58
2023-05-30,CASX,120.42
2023-05-31,CASX,127.85
2023-06-01,CASX,126.68
2023-06-02,CASX,127.91
2023-06-05,CASX,127.23
2023-06-06,CASX,126.52
2023-06-07,CASX,126.56
2023-06-08,CASX,127.4
2023-06-09,CASX,128.29
2023-06-12,CASX,126.22
2023-06-13,CASX,120.61
2023-06-14,CASX,127.11
2023-06-15,CASX,119.97
2023-06-16,CASX,115.49
2023-06-19,CASX,119.44
2023-06-20,CASX,120.33
2023-06-21,CASX,122.29
2023-06-22,CASX,126.93
2023-06-23,CASX,122.48
2023-06-26,CASX,119.54
2023-06-27,CASX,119.14
2023-06-28,CASX,117.18
2023-06-29,CASX,116.57
2023-06-30,CASX,118.49
2023-07-03,CASX,119.03
2023-07-04,CASX,118.3
2023-07-05,CASX,124.41
2023-07-07,CASX,122.45
2023-07-10,CASX,119.8
2023-07-11,CASX,117.8
2023-07-12,CASX,112.63
2023-07-13,CASX,111.08
2023-07-14,CASX,110.63
2023-07-17,CASX,111.68
2023-07-18,CASX,113.35
2023-07-19,CASX,121.82
2023-07-20,CASX,112.29
2023-07-21,CASX,110.23
2023-07-24,CASX,114.46
2023-07-25,CASX,117.94
2023-07-26,CASX,121.34
2023-07-27,CASX,117.74
2023-07-28,CASX,118.3
2023-07-31,CASX,121.04
2023-08-01,CASX,121.14
2023-08-02,CASX,119.15
2023-08-03,CASX,114.12
2023-08-04,CASX,119.45
2023-08-07,CASX,122.27
2023-08-08,CASX,128.85
2023-08-09,CASX,128.21
2023-08-10,CASX,122.92
2023-08-11,CASX,124.56
2023-08-14,CASX,127.89
2023-08-15,CASX,130.47
2023-08-16,CASX,131.78
2023-08-17,CASX,135.65
2023-08-18,CASX,138.57
2023-08-21,CASX,135.5
2023-08-22,CASX,133.24
2023-08-23,CASX,133.78
2023-08-24,CASX,128.25
2023-08-25,CASX,130.11
2023-08-28,CASX,131.23
2023-08-29,CASX,140.71
2023-08-30,CASX,138.61
2023-08-31,CASX,135.34
2023-09-01,CASX,140.67
2023-09-04,CASX,136.63
2023-09-05,CASX,135.04
2023-09-06,CASX,135.86
2023-09-07,CASX,137.04
2023-09-08,CASX,142.45
2023-09-11,CASX,147.93
2023-09-12,CASX,139.82
2023-09-13,CASX,139.33
2023-09-14,CASX,143.64
2023-09-15,CASX,144.37
2023-09-18,CASX,145.75
2023-09-19,CASX,154.46
2023-09-20,CASX,155.51
2023-09-21,CASX,153.6
2023-09-22,CASX,162.66
2023-09-25,CASX,169.81
2023-09-26,CASX,178.16
2023-09-27,CASX,186.22
2023-09-28,CASX,183.62
2023-09-29,CASX,181.66
2023-10-02,CASX,180.45
2023-10-03,CASX,177.83
2023-10-04,CASX,179.9
2023-10-05,CASX,175.56
2023-10-06,CASX,169.38
2023-10-09,CASX,159.71
2023-10-10,CASX,160.06
2023-10-11,CASX,160.28
2023-10-12,CASX,158.07
2023-10-13,CASX,154.79
2023-10-16,CASX,156.0
2023-10-17,CASX,151.02
2023-10-18,CASX,154.54
2023-10-19,CASX,153.7
2023-10-20,CASX,155.61
2023-10-23,CASX,159.76
2023-10-24,CASX,158.17
2023-10-25,CASX,153.77
2023-10-26,CASX,155.95
2023-10-27,CASX,149.76
2023-10-30,CASX,144.44
2023-10-31,CASX,144.6
2023-11-01,CASX,140.51
2023-11-02,CASX,144.17
2023-11-03,CASX,141.81
2023-11-06,CASX,135.44
2023-11-07,CASX,148.12
2023-11-08,CASX,148.44
2023-11-09,CASX,157.93
2023-11-10,CASX,155.28
2023-11-13,CASX,160.64
2023-11-14,CASX,153.07
2023-11-15,CASX,158.54
2023-11-16,CASX,165.75
2023-11-17,CASX,166.26
2023-11-20,CASX,175.43
2023-11-21,CASX,183.27
2023-11-22,CASX,181.4
2023-11-23,CASX,186.46
2023-11-24,CASX,185.41
2023-11-27,CASX,194.72
2023-11-28,CASX,199.66
2023-11-29,CASX,198.2
2023-11-30,CASX,200.05
2023-12-01,CASX,201.45
2023-12-04,CASX,198.47
2023-12-05,CASX,198.46
2023-12-06,CASX,189.59
2023-12-07,CASX,184.66
2023-12-08,CASX,192.76
2023-12-11,CASX,199.33
2023-12-12,CASX,209.39
2023-12-13,CASX,208.59
2023-12-14,CASX,208.68
2023-12-15,CASX,214.29
2023-12-18,CASX,208.81
2023-12-19,CASX,199.34
2023-12-20,CASX,199.33
2023-12-21,CASX,206.39
2023-12-22,CASX,205.27
2023-12-25,CASX,207.34
2023-12-26,CASX,215.61
2023-12-27,CASX,215.51
2023-12-28,CASX,207.58
2023-12-29,CASX,202.53
2024-01-01,CASX,203.65
2024-01-02,CASX,209.21
2024-01-03,CASX,218.78
2024-01-04,CASX,220.89
2024-01-05,CASX,222.63
2024-01-08,CASX,227.95
2024-01-09,CASX,229.01
2024-01-10,CASX,219.92
2024-01-11,CASX,213.85
2024-01-12,CASX,212.93
2024-01-15,CASX,211.82
2024-01-16,CASX,204.62
2024-01-17,CASX,201.67
2024-01-18,CASX,196.21
2024-01-19,CASX,208.91
2024-01-22,CASX,207.77
2024-01-23,CASX,213.86
2024-01-24,CASX,211.4
2024-01-25,CASX,195.06
2024-01-26,CASX,187.34
2024-01-29,CASX,192.38
2024-01-30,CASX,196.85
2024-01-31,CASX,203.14
2024-02-01,CASX,206.17
2024-02-02,CASX,202.28
2024-02-05,CASX,204.35
2024-02-06,CASX,202.71
2024-02-07,CASX,205.85
2024-02-08,CASX,197.77
2024-02-09,CASX,204.64
2024-02-12,CASX,203.11
2024-02-13,CASX,208.12
2024-02-14,CASX,205.87
2024-02-15,CASX,198.42
2024-02-16,CASX,207.28
2024-02-19,CASX,208.29
2024-02-20,CASX,202.45
2024-02-21,CASX,205.57
2024-02-22,CASX,207.24
2024-02-23,CASX,208.48
2024-02-26,CASX,205.4
2024-02-27,CASX,215.76
2024-02-28,CASX,213.74
2024-02-29,CASX,208.18
2024-03-01,CASX,221.32
2024-03-04,CASX,219.61
2024-03-05,CASX,221.81
2024-03-06,CASX,221.56
2024-03-07,CASX,228.98
2024-03-08,CASX,226.94
2024-03-11,CASX,224.1
2024-03-12,CASX,236.75
2024-03-13,CASX,240.24
2024-03-14,CASX,243.55
2024-03-15,CASX,241.82
2024-03-18,CASX,248.45
2024-03-19,CASX,246.5
2024-03-20,CASX,245.44
2024-03-21,CASX,260.13
2024-03-22,CASX,252.54
2024-03-25,CASX,243.15
2024-03-26,CASX,257.15
2024-03-27,CASX,258.01
2024-03-28,CASX,255.78
2024-03-29,CASX,257.62
2024-04-01,CASX,264.75
2024-04-02,CASX,269.68
2024-04-03,CASX,266.56
2024-04-04,CASX,267.42
2024-04-05,CASX,279.34
2024-04-08,CASX,272.96
2024-04-09,CASX,262.13
2024-04-10,CASX,285.67
2024-04-11,CASX,279.16
2024-04-12,CASX,280.28
2024-04-15,CASX,268.93
2024-04-16,CASX,271.17
2024-04-17,CASX,265.08
2024-04-18,CASX,260.72
2024-04-19,CASX,253.06
2024-04-22,CASX,256.74
2024-04-23,CASX,267.73
2024-04-24,CASX,264.39
2024-04-25,CASX,267.05
2024-04-26,CASX,268.66
2024-04-29,CASX,265.06
2024-04-30,CASX,249.98
2024-05-01,CASX,249.29
2024-05-02,CASX,263.09
2024-05-03,CASX,256.21
2024-05-06,CASX,266.8
2024-05-07,CASX,259.22
2024-05-08,CASX,263.52
2024-05-09,CASX,261.29
2024-05-10,CASX,254.69
2024-05-13,CASX,267.77
2024-05-14,CASX,268.76
2024-05-15,CASX,263.54
2024-05-16,CASX,254.42
2024-05-17,CASX,265.88
2024-05-20,CASX,261.23
2024-05-21,CASX,266.31
2024-05-22,CASX,273.42
2024-05-23,CASX,289.51
2024-05-24,CASX,304.3
2024-05-27,CASX,314.16
2024-05-28,CASX,314.55
2024-05-29,CASX,291.69
2024-05-30,CASX,298.87
2024-05-31,CASX,308.04
2024-06-03,CASX,306.97
2024-06-04,CASX,301.17
2024-06-05,CASX,306.97
2024-06-06,CASX,305.78
2024-06-07,CASX,305.22
2024-06-10,CASX,313.75
2024-06-11,CASX,307.37
2024-06-12,CASX,301.66
2024-06-13,CASX,293.99
2024-06-14,CASX,284.07
2024-06-17,CASX,281.55
2024-06-18,CASX,285.6
2024-06-19,CASX,293.61
2024-06-20,CASX,285.66
2024-06-21,CASX,283.64
2024-06-24,CASX,277.54
2024-06-25,CASX,280.21
2024-06-26,CASX,297.04
2024-06-27,CASX,274.96
2024-06-28,CASX,268.55
2024-07-01,CASX,259.93
2024-07-02,CASX,260.25
2024-07-03,CASX,243.0
2024-07-04,CASX,241.53
2024-07-05,CASX,240.77
2024-07-08,CASX,242.2
2024-07-09,CASX,249.98
2024-07-10,CASX,246.42
2024-07-11,CASX,247.25
2024-07-12,CASX,235.96
2024-07-15,CASX,242.71
2024-07-16,CASX,249.68
2024-07-17,CASX,250.14
2024-07-18,CASX,254.43
2024-07-19,CASX,250.56
2024-07-22,CASX,246.01
2024-07-23,CASX,248.86
2024-07-24,CASX,253.15
2024-07-25,CASX,253.7
2024-07-26,CASX,258.09
2024-07-29,CASX,249.0
2024-07-30,CASX,254.52
2024-07-31,CASX,254.4
2024-08-01,CASX,245.95
2024-08-02,CASX,235.45
2024-08-05,CASX,242.31
2024-08-06,CASX,249.71
2024-08-07,CASX,257.08
2024-08-08,CASX,252.08
2024-08-09,CASX,254.96
2024-08-12,CASX,246.73
2024-08-13,CASX,252.43
2024-08-14,CASX,243.93
2024-08-15,CASX,248.61
2024-08-16,CASX,247.18
2024-08-19,CASX,240.63
2024-08-20,CASX,233.94
2024-08-21,CASX,236.48
2024-08-22,CASX,235.26
2024-08-23,CASX,240.53
2024-08-26,CASX,246.29
2024-08-27,CASX,247.4
2024-08-28,CASX,262.91
2024-08-29,CASX,263.44
2024-08-30,CASX,276.93
2024-09-02,CASX,273.58
2024-09-03,CASX,268.33
2024-09-04,CASX,261.81
2024-09-05,CASX,254.27
2024-09-06,CASX,251.49
2024-09-09,CASX,249.63
2024-09-10,CASX,256.86
2024-09-11,CASX,261.8
2024-09-12,CASX,255.06
2024-09-13,CASX,260.67
2024-09-16,CASX,263.73
2024-09-17,CASX,263.08
2024-09-18,CASX,256.69
2024-09-19,CASX,271.9
2024-09-20,CASX,277.0
2024-09-23,CASX,277.46
2024-09-24,CASX,299.26
2024-09-25,CASX,304.09
2024-09-26,CASX,295.83
2024-09-27,CASX,288.85
2024-09-30,CASX,293.93
2024-10-01,CASX,291.58
2024-10-02,CASX,286.85
2024-10-03,CASX,286.64
2024-10-04,CASX,288.32
2024-10-07,CASX,295.79
2024-10-08,CASX,302.27
2024-10-09,CASX,299.85
2024-10-10,CASX,293.58
2024-10-11,CASX,302.55
2024-10-14,CASX,292.13
2024-10-15,CASX,292.54
2024-10-16,CASX,298.74
2024-10-17,CASX,310.65
2024-10-18,CASX,301.42
2024-10-21,CASX,308.83
2024-10-22,CASX,315.1
2024-10-23,CASX,293.34
2024-10-24,CASX,280.89
2024-10-25,CASX,287.3
2024-10-28,CASX,280.51
2024-10-29,CASX,275.24
2024-10-30,CASX,273.41
2024-10-31,CASX,271.39
2024-11-01,CASX,261.03
2024-11-04,CASX,260.44
2024-11-05,CASX,248.51
2024-11-06,CASX,233.79
2024-11-07,CASX,236.47
2024-11-08,CASX,242.1
2024-11-11,CASX,251.49
2024-11-12,CASX,256.35
2024-11-13,CASX,261.19
2024-11-14,CASX,265.95
2024-11-15,CASX,252.6
2024-11-18,CASX,255.55
2024-11-19,CASX,248.07
2024-11-20,CASX,254.66
2024-11-21,CASX,253.01
2024-11-22,CASX,263.07
2024-11-25,CASX,277.66
2024-11-26,CASX,285.55
2024-11-27,CASX,282.67
2024-11-28,CASX,289.4
2024-11-29,CASX,263.86
2024-12-02,CASX,264.19
2024-12-03,CASX,267.58
2024-12-04,CASX,273.82
2024-12-05,CASX,271.45
2024-12-06,CASX,282.69
2024-12-09,CASX,288.56
2024-12-10,CASX,285.08
2024-12-11,CASX,299.98
2024-12-12,CASX,288.21
2024-12-13,CASX,291.76
2024-12-16,CASX,293.52
2024-12-17,CASX,291.45
2024-12-18,CASX,305.65
2024-12-19,CASX,301.06
2024-12-20,CASX,312.36
2024-12-23,CASX,295.53
2024-12-24,CASX,300.39
2024-12-25,CASX,292.01
2024-12-26,CASX,300.56
2024-12-27,CASX,304.84
2024-12-30,CASX,305.26
2024-12-31,CASX,300.42
2023-01-02,GRAX,227.52
2023-01-03,GRAX,229.07
2023-01-04,GRAX,232.43
2023-01-05,GRAX,228.75
2023-01-06,GRAX,231.15
2023-01-09,GRAX,230.35
2023-01-10,GRAX,232.32
2023-01-11,GRAX,227.59
2023-01-12,GRAX,224.42
2023-01-13,GRAX,225.24
2023-01-16,GRAX,237.68
2023-01-17,GRAX,226.55
2023-01-18,GRAX,232.13
2023-01-19,GRAX,237.66
2023-01-20,GRAX,243.45
2023-01-23,GRAX,242.59
2023-01-24,GRAX,242.12
2023-01-25,GRAX,247.78
2023-01-26,GRAX,254.87
2023-01-27,GRAX,247.43
2023-01-30,GRAX,263.7
2023-01-31,GRAX,272.96
2023-02-01,GRAX,275.95
2023-02-02,GRAX,289.86
2023-02-03,GRAX,292.66
2023-02-06,GRAX,303.22
2023-02-07,GRAX,303.73
2023-02-08,GRAX,296.46
2023-02-09,GRAX,278.19
2023-02-10,GRAX,277.73
2023-02-13,GRAX,293.14
2023-02-14,GRAX,290.6
2023-02-15,GRAX,293.11
2023-02-16,GRAX,299.24
2023-02-17,GRAX,307.51
2023-02-20,GRAX,298.5
2023-02-21,GRAX,298.33
2023-02-22,GRAX,292.2
2023-02-23,GRAX,304.02
2023-02-24,GRAX,306.28
2023-02-27,GRAX,309.51
2023-02-28,GRAX,307.94
2023-03-01,GRAX,297.75
2023-03-02,GRAX,297.65
2023-03-03,GRAX,307.47
2023-03-06,GRAX,314.65
2023-03-07,GRAX,312.25
2023-03-08,GRAX,320.77
2023-03-09,GRAX,311.28
2023-03-10,GRAX,311.68
2023-03-13,GRAX,317.63
2023-03-14,GRAX,316.07
2023-03-15,GRAX,315.77
2023-03-16,GRAX,319.03
2023-03-17,GRAX,308.79
2023-03-20,GRAX,299.47
2023-03-21,GRAX,297.76
2023-03-22,GRAX,280.81
2023-03-23,GRAX,282.45
2023-03-24,GRAX,275.38
2023-03-27,GRAX,275.06
2023-03-28,GRAX,271.7
2023-03-29,GRAX,265.33
2023-03-30,GRAX,266.27
2023-03-31,GRAX,265.18
2023-04-03,GRAX,267.78
2023-04-04,GRAX,268.55
2023-04-05,GRAX,269.51
2023-04-06,GRAX,272.12
2023-04-07,GRAX,277.48
2023-04-10,GRAX,283.77
2023-04-11,GRAX,275.33
2023-04-12,GRAX,269.58
2023-04-13,GRAX,270.02
2023-04-14,GRAX,249.13
2023-04-17,GRAX,240.47
2023-04-18,GRAX,242.37
2023-04-19,GRAX,245.69
2023-04-20,GRAX,245.06
2023-04-21,GRAX,237.62
2023-04-24,GRAX,237.29
2023-04-25,GRAX,244.94
2023-04-26,GRAX,238.51
2023-04-27,GRAX,246.89
2023-04-28,GRAX,256.15
2023-05-01,GRAX,244.13
2023-05-02,GRAX,239.84
2023-05-03,GRAX,229.94
2023-05-04,GRAX,235.79
2023-05-05,GRAX,228.24
2023-05-08,GRAX,228.63
2023-05-09,GRAX,239.11
2023-05-10,GRAX,238.98
2023-05-11,GRAX,234.64
2023-05-12,GRAX,247.73
2023-05-15,GRAX,244.71
2023-05-16,GRAX,228.41
2023-05-17,GRAX,233.46
2023-05-18,GRAX,227.62
2023-05-19,GRAX,215.66
2023-05-22,GRAX,220.85
2023-05-23,GRAX,220.67
2023-05-24,GRAX,216.01
2023-05-25,GRAX,222.93
2023-05-26,GRAX,233.75
2023-05-29,GRAX,231.47
2023-05-30,GRAX,221.69
2023-05-31,GRAX,221.77
2023-06-01,GRAX,230.24
2023-06-02,GRAX,228.4
2023-06-05,GRAX,225.71
2023-06-06,GRAX,236.68
2023-06-07,GRAX,234.88
2023-06-08,GRAX,243.49
2023-06-12,GRAX,238.58
2023-06-13,GRAX,235.41
2023-06-14,GRAX,239.76
2023-06-15,GRAX,240.24
2023-06-16,GRAX,236.4
2023-06-19,GRAX,240.78
2023-06-20,GRAX,240.69
2023-06-21,GRAX,242.19
2023-06-22,GRAX,249.71
2023-06-23,GRAX,244.98
2023-06-26,GRAX,239.58
2023-06-27,GRAX,239.2
2023-06-28,GRAX,244.86
2023-06-29,GRAX,242.28
2023-06-30,GRAX,236.93
2023-07-03,GRAX,238.07
2023-07-04,GRAX,241.5
2023-07-05,GRAX,248.99
2023-07-06,GRAX,253.61
2023-07-07,GRAX,243.37
2023-07-10,GRAX,253.13
2023-07-11,GRAX,247.44
2023-07-12,GRAX,249.6
2023-07-13,GRAX,242.42
2023-07-14,GRAX,243.85
2023-07-17,GRAX,252.43
2023-07-18,GRAX,254.01
2023-07-19,GRAX,254.4
2023-07-20,GRAX,244.63
2023-07-21,GRAX,241.11
2023-07-24,GRAX,240.86
2023-07-25,GRAX,237.86
2023-07-26,GRAX,248.59
2023-07-27,GRAX,261.18
2023-07-28,GRAX,261.7
2023-07-31,GRAX,264.03
2023-08-01,GRAX,264.88
2023-08-02,GRAX,263.23
2023-08-03,GRAX,266.13
2023-08-04,GRAX,264.87
2023-08-07,GRAX,267.18
2023-08-08,GRAX,267.04
2023-08-09,GRAX,264.61
2023-08-10,GRAX,264.12
2023-08-11,GRAX,255.55
2023-08-14,GRAX,259.19
2023-08-15,GRAX,254.32
2023-08-16,GRAX,262.5
2023-08-17,GRAX,262.87
2023-08-18,GRAX,272.86
2023-08-21,GRAX,272.89
2023-08-22,GRAX,275.35
2023-08-23,GRAX,283.72
2023-08-24,GRAX,287.53
2023-08-25,GRAX,288.96
2023-08-28,GRAX,295.59
2023-08-29,GRAX,281.32
2023-08-30,GRAX,274.85
2023-08-31,GRAX,261.1
2023-09-01,GRAX,258.08
2023-09-04,GRAX,254.63
2023-09-05,GRAX,260.23
2023-09-06,GRAX,270.74
2023-09-07,GRAX,267.98
2023-09-08,GRAX,278.73
2023-09-11,GRAX,274.94
2023-09-12,GRAX,268.33
2023-09-13,GRAX,261.54
2023-09-14,GRAX,265.39
2023-09-15,GRAX,264.4
2023-09-18,GRAX,263.99
2023-09-19,GRAX,272.03
2023-09-20,GRAX,265.5
2023-09-21,GRAX,273.61
2023-09-22,GRAX,271.65
2023-09-25,GRAX,278.76
2023-09-26,GRAX,277.95
2023-09-27,GRAX,270.92
2023-09-28,GRAX,280.56
2023-09-29,GRAX,276.53
2023-10-02,GRAX,270.59
2023-10-03,GRAX,267.74
2023-10-04,GRAX,254.97
2023-10-05,GRAX,252.67
2023-10-06,GRAX,259.35
2023-10-09,GRAX,253.55
2023-10-10,GRAX,259.16
2023-10-11,GRAX,270.39
2023-10-12,GRAX,264.68
2023-10-13,GRAX,256.46
2023-10-16,GRAX,272.4
2023-10-17,GRAX,270.53
2023-10-18,GRAX,271.86
2023-10-19,GRAX,274.83
2023-10-20,GRAX,276.93
2023-10-23,GRAX,278.31
2023-10-24,GRAX,256.5
2023-10-25,GRAX,257.81
2023-10-26,GRAX,273.19
2023-10-27,GRAX,273.5
2023-10-30,GRAX,265.58
2023-10-31,GRAX,276.39
2023-11-01,GRAX,286.24
2023-11-02,GRAX,274.28
2023-11-03,GRAX,265.22
2023-11-06,GRAX,262.96
2023-11-07,GRAX,256.22
2023-11-08,GRAX,257.94
2023-11-09,GRAX,263.17
2023-11-10,GRAX,264.51
2023-11-13,GRAX,268.72
2023-11-14,GRAX,272.25
2023-11-15,GRAX,281.65
2023-11-16,GRAX,285.79
2023-11-17,GRAX,299.72
2023-11-20,GRAX,290.95
2023-11-21,GRAX,296.54
2023-11-22,GRAX,294.29
2023-11-23,GRAX,276.43
2023-11-24,GRAX,281.41
2023-11-27,GRAX,272.58
2023-11-28,GRAX,265.46
2023-11-29,GRAX,259.07
2023-11-30,GRAX,252.8
2023-12-01,GRAX,255.84
2023-12-04,GRAX,257.07
2023-12-05,GRAX,251.19
2023-12-06,GRAX,246.18
2023-12-07,GRAX,242.54
2023-12-08,GRAX,247.1
2023-12-11,GRAX,244.67
2023-12-12,GRAX,257.06
2023-12-13,GRAX,243.5
2023-12-14,GRAX,253.02
2023-12-15,GRAX,240.02
2023-12-18,GRAX,249.74
2023-12-19,GRAX,253.51
2023-12-20,GRAX,258.33
2023-12-21,GRAX,255.56
2023-12-22,GRAX,255.15
2023-12-25,GRAX,261.57
2023-12-26,GRAX,250.25
2023-12-27,GRAX,246.97
2023-12-28,GRAX,250.63
2023-12-29,GRAX,247.11
2024-01-01,GRAX,255.98
2024-01-02,GRAX,249.72
2024-01-03,GRAX,266.65
2024-01-04,GRAX,264.52
2024-01-05,GRAX,272.7
2024-01-08,GRAX,277.4
2024-01-09,GRAX,279.43
2024-01-10,GRAX,280.0
2024-01-11,GRAX,274.0
2024-01-12,GRAX,276.73
2024-01-15,GRAX,279.34
2024-01-16,GRAX,279.72
2024-01-17,GRAX,264.64
2024-01-18,GRAX,261.54
2024-01-19,GRAX,259.31
2024-01-22,GRAX,258.57
2024-01-23,GRAX,251.72
2024-01-24,GRAX,254.91
2024-01-25,GRAX,271.07
2024-01-26,GRAX,258.15
2024-01-29,GRAX,255.89
2024-01-30,GRAX,256.87
2024-01-31,GRAX,258.59
2024-02-01,GRAX,270.45
2024-02-02,GRAX,249.44
2024-02-05,GRAX,240.63
2024-02-06,GRAX,241.68
2024-02-07,GRAX,239.22
2024-02-08,GRAX,245.19
2024-02-09,GRAX,246.93
2024-02-12,GRAX,244.48
2024-02-13,GRAX,253.48
2024-02-14,GRAX,258.25
2024-02-15,GRAX,260.81
2024-02-16,GRAX,260.2
2024-02-19,GRAX,253.44
2024-02-20,GRAX,249.6
2024-02-21,GRAX,233.5
2024-02-22,GRAX,228.99
2024-02-23,GRAX,222.6
2024-02-26,GRAX,220.55
2024-02-27,GRAX,220.53
2024-02-28,GRAX,216.96
2024-02-29,GRAX,213.59
2024-03-01,GRAX,217.87
2024-03-04,GRAX,217.22
2024-03-05,GRAX,209.5
2024-03-06,GRAX,217.24
2024-03-07,GRAX,214.46
2024-03-08,GRAX,206.28
2024-03-11,GRAX,204.79
2024-03-12,GRAX,204.82
2024-03-13,GRAX,205.96
2024-03-14,GRAX,203.84
2024-03-15,GRAX,192.55
2024-03-18,GRAX,192.88
2024-03-19,GRAX,193.84
2024-03-20,GRAX,197.17
2024-03-21,GRAX,194.86
2024-03-22,GRAX,201.26
2024-03-25,GRAX,192.08
2024-03-26,GRAX,184.95
2024-03-27,GRAX,187.52
2024-03-28,GRAX,181.04
2024-03-29,GRAX,183.63
2024-04-01,GRAX,178.85
2024-04-02,GRAX,178.71
2024-04-03,GRAX,177.03
2024-04-04,GRAX,175.71
2024-04-05,GRAX,168.48
2024-04-08,GRAX,162.53
2024-04-09,GRAX,163.89
2024-04-10,GRAX,166.24
2024-04-11,GRAX,170.13
2024-04-12,GRAX,170.71
2024-04-15,GRAX,171.34
2024-04-16,GRAX,174.46
2024-04-17,GRAX,176.37
2024-04-18,GRAX,171.03
2024-04-19,GRAX,175.09
2024-04-22,GRAX,176.91
2024-04-23,GRAX,168.13
2024-04-24,GRAX,164.39
2024-04-25,GRAX,162.73
2024-04-26,GRAX,158.0
2024-04-29,GRAX,159.11
2024-04-30,GRAX,150.64
2024-05-01,GRAX,151.66
2024-05-02,GRAX,154.83
2024-05-03,GRAX,153.54
2024-05-06,GRAX,156.03
2024-05-07,GRAX,157.12
2024-05-08,GRAX,158.69
2024-05-09,GRAX,157.01
2024-05-10,GRAX,156.0
2024-05-13,GRAX,155.08
2024-05-14,GRAX,151.66
2024-05-15,GRAX,143.99
2024-05-16,GRAX,143.71
2024-05-17,GRAX,142.33
2024-05-20,GRAX,142.07
2024-05-21,GRAX,148.04
2024-05-22,GRAX,146.95
2024-05-23,GRAX,141.52
2024-05-24,GRAX,137.11
2024-05-27,GRAX,138.7
2024-05-28,GRAX,133.75
2024-05-29,GRAX,138.78
2024-05-30,GRAX,140.32
2024-05-31,GRAX,138.8
2024-06-03,GRAX,136.8
2024-06-04,GRAX,140.17
2024-06-05,GRAX,145.56
2024-06-06,GRAX,144.64
2024-06-07,GRAX,152.69
2024-06-10,GRAX,148.73
2024-06-11,GRAX,150.51
2024-06-12,GRAX,145.84
2024-06-13,GRAX,142.6
2024-06-14,GRAX,140.83
2024-06-17,GRAX,147.03
2024-06-18,GRAX,148.38
2024-06-19,GRAX,149.86
2024-06-20,GRAX,150.66
2024-06-21,GRAX,145.19
2024-06-24,GRAX,145.09
2024-06-25,GRAX,144.27
2024-06-26,GRAX,136.53
2024-06-27,GRAX,131.98
2024-06-28,GRAX,132.76
2024-07-01,GRAX,134.36
2024-07-02,GRAX,131.7
2024-07-03,GRAX,132.1
2024-07-04,GRAX,128.64
2024-07-05,GRAX,130.65
2024-07-08,GRAX,132.45
2024-07-09,GRAX,130.24
2024-07-10,GRAX,132.83
2024-07-11,GRAX,129.97
2024-07-12,GRAX,125.93
2024-07-15,GRAX,119.98
2024-07-16,GRAX,117.35
2024-07-17,GRAX,117.91
2024-07-18,GRAX,114.61
2024-07-19,GRAX,114.45
2024-07-22,GRAX,117.08
2024-07-23,GRAX,108.89
2024-07-24,GRAX,113.03
2024-07-25,GRAX,114.0
2024-07-26,GRAX,107.26
2024-07-29,GRAX,108.97
2024-07-30,GRAX,110.61
2024-07-31,GRAX,110.55
2024-08-01,GRAX,108.96
2024-08-02,GRAX,105.58
2024-08-05,GRAX,97.3
2024-08-06,GRAX,102.43
2024-08-07,GRAX,99.41
2024-08-08,GRAX,95.33
2024-08-09,GRAX,93.87
2024-08-12,GRAX,96.69
2024-08-13,GRAX,94.55
2024-08-14,GRAX,98.7
2024-08-15,GRAX,99.98
2024-08-16,GRAX,97.43
2024-08-19,GRAX,99.04
2024-08-20,GRAX,97.58
2024-08-21,GRAX,97.8
2024-08-22,GRAX,103.35
2024-08-23,GRAX,99.96
2024-08-26,GRAX,97.75
2024-08-27,GRAX,96.3
2024-08-28,GRAX,93.35
2024-08-29,GRAX,94.52
2024-08-30,GRAX,96.35
2024-09-02,GRAX,97.65
2024-09-03,GRAX,100.52
2024-09-04,GRAX,98.31
2024-09-05,GRAX,97.26
2024-09-06,GRAX,99.4
2024-09-09,GRAX,101.17
2024-09-10,GRAX,96.96
2024-09-11,GRAX,93.46
2024-09-12,GRAX,93.06
2024-09-13,GRAX,92.78
2024-09-16,GRAX,94.06
2024-09-17,GRAX,95.7
2024-09-18,GRAX,94.25
2024-09-19,GRAX,94.39
2024-09-20,GRAX,88.42
2024-09-23,GRAX,89.69
2024-09-24,GRAX,94.3
2024-09-25,GRAX,99.76
2024-09-26,GRAX,95.72
2024-09-27,GRAX,100.77
2024-09-30,GRAX,101.0
2024-10-01,GRAX,104.43
2024-10-02,GRAX,103.09
2024-10-03,GRAX,104.27
2024-10-04,GRAX,102.15
2024-10-07,GRAX,103.9
2024-10-08,GRAX,101.31
2024-10-09,GRAX,107.18
2024-10-10,GRAX,100.11
2024-10-11,GRAX,99.43
2024-10-14,GRAX,100.33
2024-10-15,GRAX,98.8
2024-10-16,GRAX,101.7
2024-10-17,GRAX,96.82
2024-10-18,GRAX,96.45
2024-10-21,GRAX,99.01
2024-10-22,GRAX,97.68
2024-10-23,GRAX,95.54
2024-10-24,GRAX,100.2
2024-10-25,GRAX,104.08
2024-10-28,GRAX,105.0
2024-10-29,GRAX,100.02
2024-10-30,GRAX,104.71
2024-10-31,GRAX,107.83
2024-11-01,GRAX,112.32
2024-11-04,GRAX,114.36
2024-11-05,GRAX,120.55
2024-11-06,GRAX,120.56
2024-11-07,GRAX,120.3
2024-11-08,GRAX,120.85
2024-11-11,GRAX,122.9
2024-11-12,GRAX,119.6
2024-11-13,GRAX,122.63
2024-11-14,GRAX,121.45
2024-11-15,GRAX,119.68
2024-11-18,GRAX,118.69
2024-11-19,GRAX,122.38
2024-11-20,GRAX,119.96
2024-11-21,GRAX,122.96
2024-11-22,GRAX,127.18
2024-11-25,GRAX,123.15
2024-11-26,GRAX,120.86
2024-11-27,GRAX,125.28
2024-11-28,GRAX,124.58
2024-11-29,GRAX,126.14
2024-12-02,GRAX,126.75
2024-12-03,GRAX,122.74
2024-12-04,GRAX,120.62
2024-12-05,GRAX,121.93
2024-12-06,GRAX,126.51
2024-12-09,GRAX,122.59
2024-12-10,GRAX,122.38
2024-12-11,GRAX,125.37
2024-12-12,GRAX,119.18
2024-12-13,GRAX,123.55
2024-12-16,GRAX,120.16
2024-12-17,GRAX,125.4
2024-12-18,GRAX,123.51
2024-12-19,GRAX,122.61
2024-12-20,GRAX,127.08
2024-12-23,GRAX,125.52
2024-12-24,GRAX,131.09
2024-12-25,GRAX,131.83
2024-12-26,GRAX,129.57
2024-12-27,GRAX,121.94
2024-12-30,GRAX,119.64
2024-12-31,GRAX,116.32
2023-01-02,MERX,56.11
2023-01-03,MERX,57.17
2023-01-04,MERX,53.98
2023-01-05,MERX,53.63
2023-01-06,MERX,50.24
2023-01-09,MERX,50.83
2023-01-10,MERX,50.61
2023-01-11,MERX,51.26
2023-01-12,MERX,52.25
2023-01-13,MERX,52.28
2023-01-16,MERX,53.41
2023-01-17,MERX,53.0
2023-01-18,MERX,52.38
2023-01-19,MERX,52.87
2023-01-20,MERX,53.17
2023-01-23,MERX,52.96
2023-01-24,MERX,53.1
2023-01-25,MERX,54.46
2023-01-26,MERX,56.43
2023-01-27,MERX,55.4
2023-01-30,MERX,54.62
2023-01-31,MERX,55.8
2023-02-01,MERX,55.99
2023-02-02,MERX,55.05
2023-02-03,MERX,53.68
2023-02-06,MERX,55.5
2023-02-07,MERX,55.12
2023-02-08,MERX,54.04
2023-02-09,MERX,53.83
2023-02-10,MERX,52.74
2023-02-13,MERX,53.61
2023-02-14,MERX,54.26
2023-02-15,MERX,58.19
2023-02-16,MERX,56.82
2023-02-17,MERX,58.27
2023-02-20,MERX,59.85
2023-02-21,MERX,55.77
2023-02-22,MERX,56.94
2023-02-23,MERX,55.62
2023-02-24,MERX,54.37
2023-02-27,MERX,53.27
2023-02-28,MERX,53.55
2023-03-01,MERX,56.01
2023-03-02,MERX,55.57
2023-03-03,MERX,56.31
2023-03-06,MERX,56.19
2023-03-07,MERX,56.29
2023-03-08,MERX,56.84
2023-03-09,MERX,55.0
2023-03-10,MERX,54.0
2023-03-13,MERX,56.07
2023-03-14,MERX,56.7
2023-03-15,MERX,56.69
2023-03-16,MERX,54.88
2023-03-17,MERX,56.64
2023-03-20,MERX,57.47
2023-03-21,MERX,58.92
2023-03-22,MERX,58.07
2023-03-23,MERX,58.52
2023-03-24,MERX,58.52
2023-03-27,MERX,56.56
2023-03-28,MERX,55.4
2023-03-29,MERX,55.9
2023-03-30,MERX,53.86
2023-03-31,MERX,53.59
2023-04-03,MERX,54.71
2023-04-04,MERX,56.11
2023-04-05,MERX,55.72
2023-04-06,MERX,53.96
2023-04-07,MERX,57.03
2023-04-10,MERX,55.68
2023-04-11,MERX,56.89
2023-04-12,MERX,58.31
2023-04-13,MERX,57.55
2023-04-14,MERX,58.01
2023-04-17,MERX,57.64
2023-04-18,MERX,58.58
2023-04-19,MERX,58.32
2023-04-20,MERX,58.82
2023-04-21,MERX,57.64
2023-04-24,MERX,59.25
2023-04-25,MERX,60.41
2023-04-26,MERX,59.86
2023-04-27,MERX,58.68
2023-04-28,MERX,58.01
2023-05-01,MERX,57.97
2023-05-02,MERX,59.93
2023-05-03,MERX,61.45
2023-05-04,MERX,63.65
2023-05-05,MERX,66.11
2023-05-08,MERX,68.03
2023-05-09,MERX,66.53
2023-05-10,MERX,69.24
2023-05-11,MERX,70.59
2023-05-12,MERX,67.0
2023-05-15,MERX,68.57
2023-05-16,MERX,71.39
2023-05-17,MERX,71.77
2023-05-18,MERX,70.76
2023-05-19,MERX,68.97
2023-05-22,MERX,72.52
2023-05-23,MERX,69.86
2023-05-24,MERX,70.9
2023-05-25,MERX,72.73
2023-05-26,MERX,74.43
2023-05-29,MERX,72.74
2023-05-30,MERX,73.03
2023-05-31,MERX,75.85
2023-06-01,MERX,73.24
2023-06-02,MERX,74.82
2023-06-05,MERX,72.09
2023-06-06,MERX,68.69
2023-06-07,MERX,68.91
2023-06-08,MERX,67.35
2023-06-09,MERX,68.02
2023-06-12,MERX,65.38
2023-06-13,MERX,65.94
2023-06-14,MERX,60.16
2023-06-15,MERX,58.09
2023-06-16,MERX,59.22
2023-06-19,MERX,61.62
2023-06-20,MERX,61.46
2023-06-21,MERX,61.45
2023-06-22,MERX,60.6
2023-06-23,MERX,61.53
2023-06-26,MERX,62.84
2023-06-27,MERX,63.14
2023-06-28,MERX,62.72
2023-06-29,MERX,61.52
2023-06-30,MERX,63.0
2023-07-03,MERX,59.99
2023-07-04,MERX,58.74
2023-07-05,MERX,57.4
2023-07-06,MERX,57.42
2023-07-07,MERX,54.63
2023-07-10,MERX,55.31
2023-07-11,MERX,54.79
2023-07-12,MERX,55.84
2023-07-13,MERX,57.01
2023-07-14,MERX,56.67
2023-07-17,MERX,56.26
2023-07-18,MERX,57.27
2023-07-19,MERX,57.17
2023-07-20,MERX,58.74
2023-07-21,MERX,56.14
2023-07-24,MERX,57.82
2023-07-25,MERX,56.68
2023-07-26,MERX,58.13
2023-07-27,MERX,57.56
2023-07-28,MERX,60.23
2023-07-31,MERX,61.45
2023-08-01,MERX,63.01
2023-08-02,MERX,63.95
2023-08-03,MERX,62.9
2023-08-04,MERX,62.88
2023-08-07,MERX,64.25
2023-08-08,MERX,64.29
2023-08-09,MERX,61.88
2023-08-10,MERX,60.82
2023-08-11,MERX,61.37
2023-08-14,MERX,61.86
2023-08-15,MERX,58.24
2023-08-16,MERX,56.05
2023-08-17,MERX,56.36
2023-08-18,MERX,57.81
2023-08-21,MERX,57.88
2023-08-22,MERX,60.86
2023-08-23,MERX,61.87
2023-08-24,MERX,64.49
2023-08-25,MERX,64.21
2023-08-28,MERX,63.18
2023-08-29,MERX,63.36
2023-08-30,MERX,64.47
2023-08-31,MERX,63.73
2023-09-01,MERX,66.3
2023-09-04,MERX,64.86
2023-09-05,MERX,64.1
2023-09-06,MERX,61.9
2023-09-07,MERX,59.61
2023-09-08,MERX,58.12
2023-09-11,MERX,59.42
2023-09-12,MERX,57.76
2023-09-13,MERX,60.1
2023-09-14,MERX,59.52
2023-09-15,MERX,57.73
2023-09-18,MERX,60.0
2023-09-19,MERX,61.51
2023-09-20,MERX,62.33
2023-09-21,MERX,62.51
2023-09-22,MERX,63.95
2023-09-25,MERX,65.73
2023-09-26,MERX,65.35
2023-09-27,MERX,65.12
2023-09-28,MERX,65.28
2023-09-29,MERX,65.14
2023-10-02,MERX,64.67
2023-10-03,MERX,64.04
2023-10-04,MERX,62.98
2023-10-05,MERX,63.22
2023-10-06,MERX,61.08
2023-10-09,MERX,61.68
2023-10-10,MERX,62.33
2023-10-11,MERX,61.24
2023-10-12,MERX,60.65
2023-10-13,MERX,59.42
2023-10-16,MERX,59.72
2023-10-17,MERX,56.29
2023-10-18,MERX,56.87
2023-10-19,MERX,53.13
2023-10-20,MERX,49.92
2023-10-23,MERX,49.7
2023-10-24,MERX,50.54
2023-10-25,MERX,50.23
2023-10-26,MERX,51.08
2023-10-27,MERX,51.99
2023-10-30,MERX,51.14
2023-10-31,MERX,53.33
2023-11-01,MERX,53.37
2023-11-02,MERX,53.44
2023-11-03,MERX,53.26
2023-11-06,MERX,53.83
2023-11-07,MERX,54.76
2023-11-08,MERX,55.37
2023-11-09,MERX,54.18
2023-11-10,MERX,55.38
2023-11-13,MERX,54.5
2023-11-14,MERX,52.41
2023-11-15,MERX,53.5
2023-11-16,MERX,51.55
2023-11-17,MERX,53.19
2023-11-20,MERX,54.96
2023-11-21,MERX,57.17
2023-11-22,MERX,55.48
2023-11-23,MERX,55.04
2023-11-24,MERX,55.4
2023-11-27,MERX,54.51
2023-11-28,MERX,53.99
2023-11-29,MERX,53.1
2023-11-30,MERX,54.06
2023-12-01,MERX,54.11
2023-12-04,MERX,50.89
2023-12-05,MERX,51.26
2023-12-06,MERX,52.15
2023-12-07,MERX,51.33
2023-12-08,MERX,50.14
2023-12-11,MERX,50.31
2023-12-12,MERX,49.99
2023-12-13,MERX,51.06
2023-12-14,MERX,52.85
2023-12-15,MERX,54.74
2023-12-18,MERX,55.87
2023-12-19,MERX,55.96
2023-12-20,MERX,55.75
2023-12-21,MERX,54.53
2023-12-22,MERX,55.62
2023-12-25,MERX,53.54
2023-12-26,MERX,54.98
2023-12-27,MERX,53.65
2023-12-28,MERX,52.2
2023-12-29,MERX,51.1
2024-01-01,MERX,52.23
2024-01-02,MERX,50.61
2024-01-03,MERX,52.42
2024-01-04,MERX,50.86
2024-01-05,MERX,52.24
2024-01-08,MERX,53.97
2024-01-09,MERX,53.21
2024-01-10,MERX,53.0
2024-01-11,MERX,51.45
2024-01-12,MERX,52.62
2024-01-15,MERX,53.77
2024-01-16,MERX,53.36
2024-01-17,MERX,52.36
2024-01-18,MERX,53.11
2024-01-19,MERX,51.5
2024-01-22,MERX,52.74
2024-01-23,MERX,52.89
2024-01-24,MERX,52.66
2024-01-25,MERX,52.97
2024-01-26,MERX,53.53
2024-01-29,MERX,53.87
2024-01-30,MERX,52.82
2024-01-31,MERX,53.31
2024-02-01,MERX,53.43
2024-02-02,MERX,56.12
2024-02-05,MERX,54.48
2024-02-06,MERX,54.25
2024-02-07,MERX,56.69
2024-02-08,MERX,60.04
2024-02-09,MERX,56.71
2024-02-12,MERX,59.62
2024-02-13,MERX,59.62
2024-02-14,MERX,57.95
2024-02-15,MERX,57.87
2024-02-16,MERX,60.15
2024-02-19,MERX,59.42
2024-02-20,MERX,59.76
2024-02-21,MERX,59.14
2024-02-22,MERX,60.96
2024-02-23,MERX,61.46
2024-02-26,MERX,59.94
2024-02-27,MERX,57.49
2024-02-28,MERX,58.49
2024-02-29,MERX,57.49
2024-03-01,MERX,55.65
2024-03-04,MERX,55.44
2024-03-05,MERX,56.97
2024-03-06,MERX,57.81
2024-03-07,MERX,58.71
2024-03-08,MERX,58.26
2024-03-11,MERX,59.28
2024-03-12,MERX,60.51
2024-03-13,MERX,61.05
2024-03-14,MERX,59.07
2024-03-15,MERX,57.9
2024-03-18,MERX,58.14
2024-03-19,MERX,58.05
2024-03-20,MERX,56.43
2024-03-21,MERX,57.02
2024-03-22,MERX,56.29
2024-03-25,MERX,54.16
2024-03-26,MERX,56.46
2024-03-27,MERX,53.29
2024-03-28,MERX,52.75
2024-03-29,MERX,53.56
2024-04-01,MERX,53.25
2024-04-02,MERX,54.46
2024-04-03,MERX,53.85
2024-04-04,MERX,53.24
2024-04-05,MERX,53.57
2024-04-08,MERX,53.57
2024-04-09,MERX,52.53
2024-04-10,MERX,52.6
2024-04-11,MERX,50.46
2024-04-12,MERX,48.82
2024-04-15,MERX,50.54
2024-04-16,MERX,50.47
2024-04-17,MERX,50.86
2024-04-18,MERX,48.67
2024-04-19,MERX,48.7
2024-04-22,MERX,47.34
2024-04-23,MERX,46.96
2024-04-24,MERX,47.42
2024-04-25,MERX,47.52
2024-04-26,MERX,46.41
2024-04-29,MERX,47.35
2024-04-30,MERX,46.2
2024-05-01,MERX,43.53
2024-05-02,MERX,44.37
2024-05-03,MERX,43.33
2024-05-06,MERX,43.13
2024-05-07,MERX,44.09
2024-05-08,MERX,43.46
2024-05-09,MERX,42.06
2024-05-10,MERX,42.93
2024-05-13,MERX,39.83
2024-05-14,MERX,37.13
2024-05-15,MERX,37.97
2024-05-16,MERX,37.68
2024-05-17,MERX,37.25
2024-05-20,MERX,37.33
2024-05-21,MERX,38.43
2024-05-22,MERX,37.43
2024-05-23,MERX,37.79
2024-05-24,MERX,37.31
2024-05-27,MERX,38.39
2024-05-28,MERX,40.57
2024-05-29,MERX,39.96
2024-05-30,MERX,42.17
2024-05-31,MERX,42.23
2024-06-03,MERX,43.78
2024-06-04,MERX,45.16
2024-06-05,MERX,44.92
2024-06-06,MERX,43.61
2024-06-07,MERX,45.92
2024-06-10,MERX,46.07
2024-06-11,MERX,46.05
2024-06-12,MERX,48.79
2024-06-13,MERX,45.6
2024-06-14,MERX,44.78
2024-06-17,MERX,45.26
2024-06-18,MERX,45.56
2024-06-19,MERX,43.83
2024-06-20,MERX,41.95
2024-06-21,MERX,42.18
2024-06-24,MERX,43.04
2024-06-25,MERX,41.27
2024-06-26,MERX,39.68
2024-06-27,MERX,39.57
2024-06-28,MERX,40.09
2024-07-01,MERX,40.77
2024-07-02,MERX,41.29
2024-07-03,MERX,41.73
2024-07-04,MERX,43.45
2024-07-05,MERX,42.38
2024-07-08,MERX,42.11
2024-07-09,MERX,41.77
2024-07-10,MERX,41.81
2024-07-11,MERX,42.69
2024-07-12,MERX,43.11
2024-07-15,MERX,41.37
2024-07-16,MERX,41.43
2024-07-17,MERX,40.81
2024-07-18,MERX,40.1
2024-07-19,MERX,40.85
2024-07-22,MERX,41.71
2024-07-23,MERX,43.05
2024-07-24,MERX,42.53
2024-07-25,MERX,44.36
2024-07-26,MERX,44.06
2024-07-29,MERX,45.19
2024-07-30,MERX,45.45
2024-07-31,MERX,46.47
2024-08-01,MERX,46.11
2024-08-02,MERX,44.1
2024-08-05,MERX,43.58
2024-08-06,MERX,43.1
2024-08-07,MERX,43.72
2024-08-08,MERX,42.91
2024-08-09,MERX,42.22
2024-08-12,MERX,42.29
2024-08-13,MERX,42.46
2024-08-14,MERX,42.35
2024-08-15,MERX,42.06
2024-08-16,MERX,42.82
2024-08-19,MERX,43.24
2024-08-20,MERX,41.62
2024-08-21,MERX,43.71
2024-08-22,MERX,42.38
2024-08-23,MERX,42.68
2024-08-26,MERX,41.32
2024-08-27,MERX,40.75
2024-08-28,MERX,39.81
2024-08-29,MERX,41.06
2024-08-30,MERX,41.65
2024-09-02,MERX,43.73
2024-09-03,MERX,41.5
2024-09-04,MERX,41.52
2024-09-05,MERX,42.39
2024-09-06,MERX,41.9
2024-09-09,MERX,41.22
2024-09-10,MERX,42.7
2024-09-11,MERX,43.1
2024-09-12,MERX,43.92
2024-09-13,MERX,46.0
2024-09-16,MERX,45.58
2024-09-17,MERX,45.53
2024-09-18,MERX,44.34
2024-09-19,MERX,43.7
2024-09-20,MERX,43.01
2024-09-23,MERX,44.51
2024-09-24,MERX,45.21
2024-09-25,MERX,45.62
2024-09-26,MERX,44.04
2024-09-27,MERX,44.18
2024-09-30,MERX,46.08
2024-10-01,MERX,47.76
2024-10-02,MERX,48.38
2024-10-04,MERX,46.76
2024-10-07,MERX,45.07
2024-10-08,MERX,43.62
2024-10-09,MERX,43.57
2024-10-10,MERX,44.18
2024-10-11,MERX,43.52
2024-10-14,MERX,43.07
2024-10-15,MERX,44.25
2024-10-16,MERX,43.22
2024-10-17,MERX,43.31
2024-10-18,MERX,43.54
2024-10-21,MERX,43.92
2024-10-22,MERX,45.07
2024-10-23,MERX,44.48
2024-10-24,MERX,45.35
2024-10-25,MERX,47.29
2024-10-28,MERX,46.18
2024-10-29,MERX,46.18
2024-10-30,MERX,45.67
2024-10-31,MERX,47.28
2024-11-01,MERX,48.49
2024-11-04,MERX,50.36
2024-11-05,MERX,49.76
2024-11-06,MERX,49.27
2024-11-07,MERX,47.95
2024-11-08,MERX,46.09
2024-11-11,MERX,47.38
2024-11-12,MERX,46.8
2024-11-13,MERX,47.51
2024-11-14,MERX,48.43
2024-11-15,MERX,47.14
2024-11-18,MERX,47.56
2024-11-19,MERX,47.67
2024-11-20,MERX,46.38
2024-11-21,MERX,47.55
2024-11-22,MERX,44.29
2024-11-25,MERX,44.07
2024-11-26,MERX,43.3
2024-11-27,MERX,42.59
2024-11-28,MERX,43.32
2024-11-29,MERX,42.61
2024-12-02,MERX,42.34
2024-12-03,MERX,42.68
2024-12-04,MERX,42.27
2024-12-05,MERX,40.47
2024-12-06,MERX,40.7
2024-12-09,MERX,42.25
2024-12-10,MERX,42.74
2024-12-11,MERX,41.82
2024-12-12,MERX,41.9
2024-12-13,MERX,43.21
2024-12-16,MERX,44.21
2024-12-17,MERX,44.73
2024-12-18,MERX,44.47
2024-12-19,MERX,43.54
2024-12-20,MERX,45.36
2024-12-23,MERX,45.97
2024-12-24,MERX,46.83
2024-12-25,MERX,46.89
2024-12-26,MERX,48.55
2024-12-27,MERX,47.49
2024-12-30,MERX,47.3
2024-12-31,MERX,49.34
2023-01-02,PINX,92.21
2023-01-03,PINX,94.13
2023-01-04,PINX,95.36
2023-01-05,PINX,98.15
2023-01-06,PINX,96.32
2023-01-09,PINX,92.59
2023-01-10,PINX,93.93
2023-01-11,PINX,94.16
2023-01-12,PINX,93.39
2023-01-13,PINX,93.5
2023-01-16,PINX,93.08
2023-01-17,PINX,93.09
2023-01-18,PINX,88.48
2023-01-19,PINX,88.41
2023-01-20,PINX,85.33
2023-01-23,PINX,83.84
2023-01-24,PINX,87.91
2023-01-25,PINX,87.26
2023-01-26,PINX,87.89
2023-01-27,PINX,87.07
2023-01-30,PINX,91.17
2023-01-31,PINX,91.02
2023-02-01,PINX,90.6
2023-02-02,PINX,93.38
2023-02-03,PINX,92.83
2023-02-06,PINX,92.05
2023-02-07,PINX,88.21
2023-02-08,PINX,87.6
2023-02-09,PINX,90.81
2023-02-10,PINX,91.3
2023-02-13,PINX,93.15
2023-02-14,PINX,93.42
2023-02-15,PINX,94.12
2023-02-16,PINX,98.05
2023-02-17,PINX,95.72
2023-02-20,PINX,91.82
2023-02-21,PINX,95.62
2023-02-22,PINX,92.0
2023-02-23,PINX,92.49
2023-02-24,PINX,94.11
2023-02-27,PINX,96.71
2023-02-28,PINX,92.87
2023-03-01,PINX,91.86
2023-03-02,PINX,93.88
2023-03-03,PINX,93.02
2023-03-06,PINX,95.65
2023-03-07,PINX,96.21
2023-03-08,PINX,98.72
2023-03-09,PINX,93.91
2023-03-10,PINX,95.8
2023-03-13,PINX,95.68
2023-03-14,PINX,91.34
2023-03-15,PINX,89.99
2023-03-16,PINX,91.04
2023-03-17,PINX,92.4
2023-03-20,PINX,93.33
2023-03-21,PINX,96.54
2023-03-22,PINX,99.72
2023-03-23,PINX,96.1
2023-03-24,PINX,93.42
2023-03-27,PINX,98.12
2023-03-28,PINX,97.71
2023-03-29,PINX,100.05
2023-03-30,PINX,102.1
2023-03-31,PINX,97.59
2023-04-03,PINX,100.79
2023-04-04,PINX,102.39
2023-04-05,PINX,99.83
2023-04-06,PINX,101.05
2023-04-07,PINX,101.1
2023-04-10,PINX,94.32
2023-04-11,PINX,95.52
2023-04-12,PINX,94.92
2023-04-13,PINX,96.27
2023-04-14,PINX,97.4
2023-04-17,PINX,98.59
2023-04-18,PINX,103.23
2023-04-19,PINX,105.22
2023-04-20,PINX,103.17
2023-04-21,PINX,105.37
2023-04-24,PINX,112.44
2023-04-25,PINX,109.33
2023-04-26,PINX,111.99
2023-04-27,PINX,117.89
2023-04-28,PINX,115.13
2023-05-01,PINX,115.23
2023-05-02,PINX,115.02
2023-05-03,PINX,117.89
2023-05-04,PINX,118.61
2023-05-05,PINX,118.1
2023-05-08,PINX,121.23
2023-05-09,PINX,122.24
2023-05-10,PINX,122.62
2023-05-11,PINX,123.18
2023-05-12,PINX,124.91
2023-05-15,PINX,124.84
2023-05-16,PINX,127.58
2023-05-17,PINX,124.17
2023-05-18,PINX,122.28
2023-05-19,PINX,120.1
2023-05-22,PINX,123.55
2023-05-23,PINX,127.25
2023-05-24,PINX,126.46
2023-05-25,PINX,122.59
2023-05-26,PINX,123.44
2023-05-29,PINX,125.79
2023-05-30,PINX,126.07
2023-05-31,PINX,127.57
2023-06-01,PINX,128.91
2023-06-02,PINX,127.86
2023-06-05,PINX,126.21
2023-06-06,PINX,123.62
2023-06-07,PINX,119.19
2023-06-08,PINX,118.7
2023-06-09,PINX,121.11
2023-06-12,PINX,123.77
2023-06-13,PINX,124.67
2023-06-14,PINX,124.36
2023-06-15,PINX,126.62
2023-06-16,PINX,127.38
2023-06-19,PINX,133.62
2023-06-20,PINX,135.1
2023-06-21,PINX,131.27
2023-06-22,PINX,129.48
2023-06-23,PINX,131.49
2023-06-26,PINX,127.15
2023-06-27,PINX,123.99
2023-06-28,PINX,121.05
2023-06-29,PINX,121.99
2023-06-30,PINX,114.38
2023-07-03,PINX,114.24
2023-07-04,PINX,120.08
2023-07-05,PINX,117.55
2023-07-06,PINX,113.44
2023-07-07,PINX,116.28
2023-07-10,PINX,117.54
2023-07-11,PINX,119.24
2023-07-12,PINX,121.0
2023-07-13,PINX,118.38
2023-07-14,PINX,117.57
2023-07-17,PINX,108.92
2023-07-18,PINX,112.39
2023-07-19,PINX,109.29
2023-07-20,PINX,109.25
2023-07-21,PINX,111.29
2023-07-24,PINX,116.93
2023-07-25,PINX,116.67
2023-07-26,PINX,113.7
2023-07-27,PINX,116.22
2023-07-28,PINX,113.23
2023-07-31,PINX,114.22
2023-08-01,PINX,121.95
2023-08-02,PINX,123.67
2023-08-03,PINX,124.95
2023-08-04,PINX,128.23
2023-08-07,PINX,123.31
2023-08-08,PINX,118.12
2023-08-09,PINX,114.03
2023-08-10,PINX,116.62
2023-08-11,PINX,115.82
2023-08-14,PINX,118.72
2023-08-15,PINX,116.48
2023-08-16,PINX,119.01
2023-08-17,PINX,119.07
2023-08-18,PINX,123.18
2023-08-21,PINX,121.04
2023-08-22,PINX,119.51
2023-08-23,PINX,120.56
2023-08-24,PINX,123.51
2023-08-25,PINX,115.64
2023-08-28,PINX,113.74
2023-08-29,PINX,111.29
2023-08-30,PINX,118.56
2023-08-31,PINX,122.26
2023-09-01,PINX,126.32
2023-09-04,PINX,130.43
2023-09-05,PINX,125.4
2023-09-06,PINX,127.28
2023-09-07,PINX,129.61
2023-09-08,PINX,131.77
2023-09-11,PINX,126.52
2023-09-12,PINX,127.52
2023-09-13,PINX,127.41
2023-09-14,PINX,123.56
2023-09-15,PINX,126.28
2023-09-18,PINX,124.63
2023-09-19,PINX,119.3
2023-09-20,PINX,124.11
2023-09-21,PINX,118.07
2023-09-22,PINX,114.7
2023-09-25,PINX,114.88
2023-09-26,PINX,112.65
2023-09-27,PINX,109.32
2023-09-28,PINX,106.88
2023-09-29,PINX,104.03
2023-10-02,PINX,99.33
2023-10-03,PINX,95.79
2023-10-04,PINX,91.75
2023-10-05,PINX,91.48
2023-10-06,PINX,93.44
2023-10-09,PINX,97.33
2023-10-10,PINX,90.73
2023-10-11,PINX,91.43
2023-10-12,PINX,89.68
2023-10-13,PINX,89.13
2023-10-16,PINX,88.17
2023-10-17,PINX,83.86
2023-10-18,PINX,82.24
2023-10-19,PINX,84.29
2023-10-20,PINX,83.28
2023-10-23,PINX,84.89
2023-10-24,PINX,79.26
2023-10-25,PINX,79.49
2023-10-26,PINX,77.44
2023-10-27,PINX,75.57
2023-10-30,PINX,76.6
2023-10-31,PINX,77.63
2023-11-01,PINX,73.55
2023-11-02,PINX,77.08
2023-11-03,PINX,75.67
2023-11-06,PINX,75.47
2023-11-07,PINX,75.09
2023-11-08,PINX,76.03
2023-11-09,PINX,75.74
2023-11-10,PINX,75.24
2023-11-13,PINX,71.23
2023-11-14,PINX,68.27
2023-11-15,PINX,72.57
2023-11-16,PINX,74.75
2023-11-17,PINX,75.47
2023-11-20,PINX,75.9
2023-11-21,PINX,74.54
2023-11-22,PINX,73.65
2023-11-23,PINX,75.56
2023-11-24,PINX,77.93
2023-11-27,PINX,74.42
2023-11-28,PINX,74.2
2023-11-29,PINX,70.3
2023-11-30,PINX,72.86
2023-12-01,PINX,74.83
2023-12-04,PINX,73.53
2023-12-05,PINX,73.59
2023-12-06,PINX,73.12
2023-12-07,PINX,71.32
2023-12-08,PINX,71.51
2023-12-11,PINX,66.5
2023-12-12,PINX,62.99
2023-12-13,PINX,61.13
2023-12-14,PINX,61.25
2023-12-15,PINX,59.15
2023-12-18,PINX,59.41
2023-12-19,PINX,60.12
2023-12-20,PINX,59.07
2023-12-21,PINX,59.83
2023-12-22,PINX,56.85
2023-12-25,PINX,59.04
2023-12-26,PINX,60.43
2023-12-27,PINX,57.22
2023-12-28,PINX,62.62
2023-12-29,PINX,65.99
2024-01-01,PINX,63.41
2024-01-02,PINX,62.67
2024-01-03,PINX,65.19
2024-01-04,PINX,60.72
2024-01-05,PINX,60.04
2024-01-08,PINX,59.13
2024-01-09,PINX,61.41
2024-01-10,PINX,61.75
2024-01-11,PINX,59.66
2024-01-12,PINX,59.01
2024-01-15,PINX,57.01
2024-01-16,PINX,55.95
2024-01-17,PINX,55.93
2024-01-18,PINX,53.51
2024-01-19,PINX,53.42
2024-01-22,PINX,54.87
2024-01-23,PINX,54.28
2024-01-24,PINX,55.6
2024-01-25,PINX,58.52
2024-01-26,PINX,54.86
2024-01-29,PINX,57.86
2024-01-30,PINX,61.18
2024-01-31,PINX,59.75
2024-02-01,PINX,60.0
2024-02-02,PINX,59.53
2024-02-05,PINX,56.96
2024-02-06,PINX,58.76
2024-02-07,PINX,58.62
2024-02-08,PINX,57.24
2024-02-09,PINX,55.99
2024-02-12,PINX,56.97
2024-02-13,PINX,58.79
2024-02-14,PINX,56.92
2024-02-15,PINX,59.56
2024-02-16,PINX,62.02
2024-02-19,PINX,63.15
2024-02-20,PINX,62.79
2024-02-21,PINX,60.08
2024-02-22,PINX,64.7
2024-02-23,PINX,62.87
2024-02-26,PINX,60.35
2024-02-27,PINX,59.77
2024-02-28,PINX,62.67
2024-02-29,PINX,59.73
2024-03-01,PINX,59.15
2024-03-04,PINX,57.88
2024-03-05,PINX,57.55
2024-03-06,PINX,56.1
2024-03-07,PINX,54.68
2024-03-08,PINX,53.47
2024-03-11,PINX,53.52
2024-03-12,PINX,55.57
2024-03-13,PINX,56.54
2024-03-14,PINX,58.64
2024-03-15,PINX,62.02
2024-03-18,PINX,64.27
2024-03-19,PINX,62.91
2024-03-20,PINX,64.1
2024-03-21,PINX,63.69
2024-03-22,PINX,64.39
2024-03-25,PINX,65.95
2024-03-26,PINX,64.49
2024-03-27,PINX,65.29
2024-03-28,PINX,70.57
2024-03-29,PINX,70.63
2024-04-01,PINX,68.26
2024-04-02,PINX,68.96
2024-04-03,PINX,68.92
2024-04-04,PINX,71.25
2024-04-05,PINX,70.73
2024-04-08,PINX,74.98
2024-04-09,PINX,75.81
2024-04-10,PINX,77.16
2024-04-11,PINX,76.81
2024-04-12,PINX,77.24
2024-04-15,PINX,79.22
2024-04-16,PINX,76.92
2024-04-17,PINX,75.31
2024-04-18,PINX,76.3
2024-04-19,PINX,75.43
2024-04-22,PINX,76.05
2024-04-23,PINX,76.2
2024-04-24,PINX,79.83
2024-04-25,PINX,78.39
2024-04-26,PINX,77.63
2024-04-29,PINX,78.77
2024-04-30,PINX,75.82
2024-05-01,PINX,75.9
2024-05-02,PINX,80.44
2024-05-03,PINX,78.51
2024-05-06,PINX,77.52
2024-05-07,PINX,77.9
2024-05-08,PINX,76.87
2024-05-09,PINX,78.09
2024-05-10,PINX,76.44
2024-05-13,PINX,77.61
2024-05-14,PINX,79.42
2024-05-15,PINX,74.95
2024-05-16,PINX,77.05
2024-05-17,PINX,78.6
2024-05-20,PINX,75.81
2024-05-21,PINX,75.38
2024-05-22,PINX,74.06
2024-05-23,PINX,73.7
2024-05-24,PINX,75.32
2024-05-27,PINX,80.14
2024-05-28,PINX,80.61
2024-05-29,PINX,80.89
2024-05-30,PINX,79.44
2024-05-31,PINX,78.27
2024-06-03,PINX,78.75
2024-06-04,PINX,75.42
2024-06-05,PINX,77.15
2024-06-06,PINX,76.59
2024-06-07,PINX,73.67
2024-06-10,PINX,72.93
2024-06-11,PINX,74.62
2024-06-12,PINX,75.17
2024-06-13,PINX,78.92
2024-06-14,PINX,80.28
2024-06-17,PINX,78.94
2024-06-18,PINX,78.77
2024-06-19,PINX,79.65
2024-06-20,PINX,79.15
2024-06-21,PINX,78.99
2024-06-24,PINX,78.19
2024-06-25,PINX,77.98
2024-06-26,PINX,77.72
2024-06-27,PINX,75.93
2024-06-28,PINX,71.5
2024-07-01,PINX,73.0
2024-07-02,PINX,69.49
2024-07-03,PINX,70.39
2024-07-04,PINX,68.74
2024-07-05,PINX,69.68
2024-07-08,PINX,70.85
2024-07-09,PINX,68.61
2024-07-10,PINX,69.81
2024-07-11,PINX,70.96
2024-07-12,PINX,74.9
2024-07-15,PINX,74.14
2024-07-16,PINX,72.18
2024-07-17,PINX,75.23
2024-07-18,PINX,73.02
2024-07-19,PINX,71.62
2024-07-22,PINX,70.22
2024-07-23,PINX,69.53
2024-07-24,PINX,68.39
2024-07-25,PINX,70.23
2024-07-26,PINX,68.95
2024-07-29,PINX,70.38
2024-07-30,PINX,69.89
2024-07-31,PINX,67.98
2024-08-01,PINX,69.42
2024-08-02,PINX,70.21
2024-08-05,PINX,70.86
2024-08-06,PINX,73.29
2024-08-07,PINX,72.53
2024-08-08,PINX,74.84
2024-08-09,PINX,74.81
2024-08-12,PINX,75.51
2024-08-13,PINX,74.38
2024-08-14,PINX,74.56
2024-08-15,PINX,77.47
2024-08-16,PINX,77.0
2024-08-19,PINX,76.68
2024-08-20,PINX,77.27
2024-08-21,PINX,78.68
2024-08-22,PINX,80.62
2024-08-23,PINX,80.01
2024-08-26,PINX,79.16
2024-08-27,PINX,80.4
2024-08-28,PINX,81.5
2024-08-29,PINX,83.09
2024-08-30,PINX,84.3
2024-09-02,PINX,87.58
2024-09-03,PINX,89.28
2024-09-04,PINX,90.12
2024-09-05,PINX,94.19
2024-09-06,PINX,99.55
2024-09-09,PINX,96.7
2024-09-10,PINX,98.54
2024-09-11,PINX,101.0
2024-09-12,PINX,99.94
2024-09-13,PINX,100.26
2024-09-16,PINX,103.04
2024-09-17,PINX,103.26
2024-09-18,PINX,101.87
2024-09-19,PINX,100.89
2024-09-20,PINX,100.51
2024-09-23,PINX,104.28
2024-09-24,PINX,102.72
2024-09-25,PINX,98.25
2024-09-26,PINX,99.71
2024-09-27,PINX,95.1
2024-09-30,PINX,101.67
2024-10-01,PINX,103.73
2024-10-02,PINX,106.73
2024-10-03,PINX,105.58
2024-10-04,PINX,104.25
2024-10-07,PINX,106.35
2024-10-08,PINX,104.48
2024-10-09,PINX,106.53
2024-10-10,PINX,109.18
2024-10-11,PINX,109.68
2024-10-14,PINX,112.8
2024-10-15,PINX,115.93
2024-10-16,PINX,114.78
2024-10-17,PINX,111.85
2024-10-18,PINX,112.98
2024-10-21,PINX,108.96
2024-10-22,PINX,111.91
2024-10-23,PINX,112.71
2024-10-24,PINX,114.69
2024-10-25,PINX,109.7
2024-10-28,PINX,105.29
2024-10-29,PINX,101.8
2024-10-30,PINX,104.07
2024-10-31,PINX,107.4
2024-11-01,PINX,110.2
2024-11-04,PINX,110.91
2024-11-05,PINX,106.69
2024-11-06,PINX,105.09
2024-11-07,PINX,104.6
2024-11-08,PINX,105.99
2024-11-11,PINX,108.94
2024-11-12,PINX,107.78
2024-11-13,PINX,105.75
2024-11-14,PINX,107.47
2024-11-15,PINX,110.04
2024-11-18,PINX,107.17
2024-11-19,PINX,109.0
2024-11-20,PINX,111.46
2024-11-21,PINX,110.38
2024-11-22,PINX,109.85
2024-11-25,PINX,103.67
2024-11-26,PINX,104.04
2024-11-27,PINX,104.29
2024-11-28,PINX,105.86
2024-11-29,PINX,103.86
2024-12-02,PINX,105.08
2024-12-03,PINX,106.78
2024-12-04,PINX,110.15
2024-12-05,PINX,108.01
2024-12-06,PINX,107.35
2024-12-09,PINX,105.02
2024-12-10,PINX,106.44
2024-12-11,PINX,105.5
2024-12-12,PINX,104.28
2024-12-13,PINX,103.17
2024-12-16,PINX,107.6
2024-12-17,PINX,107.17
2024-12-18,PINX,106.36
2024-12-19,PINX,104.97
2024-12-20,PINX,106.92
2024-12-23,PINX,109.17
2024-12-24,PINX,113.83
2024-12-25,PINX,114.5
2024-12-26,PINX,112.81
2024-12-27,PINX,111.85
2024-12-30,PINX,115.71
2024-12-31,PINX,114.39
2023-01-02,ANCX,223.89
2023-01-03,ANCX,222.76
2023-01-04,ANCX,223.59
2023-01-05,ANCX,220.51
2023-01-06,ANCX,215.08
2023-01-09,ANCX,215.98
2023-01-10,ANCX,215.64
2023-01-11,ANCX,220.57
2023-01-12,ANCX,221.04
2023-01-13,ANCX,221.95
2023-01-16,ANCX,220.64
2023-01-17,ANCX,223.03
2023-01-18,ANCX,221.57
2023-01-19,ANCX,221.69
2023-01-20,ANCX,223.73
2023-01-23,ANCX,227.65
2023-01-24,ANCX,228.66
2023-01-25,ANCX,231.41
2023-01-26,ANCX,232.93
2023-01-27,ANCX,229.94
2023-01-30,ANCX,227.01
2023-01-31,ANCX,228.99
2023-02-01,ANCX,227.57
2023-02-02,ANCX,226.8
2023-02-03,ANCX,224.64
2023-02-06,ANCX,225.14
2023-02-07,ANCX,222.64
2023-02-08,ANCX,222.01
2023-02-09,ANCX,218.95
2023-02-10,ANCX,223.52
2023-02-13,ANCX,220.65
2023-02-14,ANCX,219.41
2023-02-15,ANCX,221.98
2023-02-16,ANCX,222.35
2023-02-17,ANCX,221.23
2023-02-20,ANCX,223.68
2023-02-21,ANCX,227.28
2023-02-22,ANCX,227.65
2023-02-23,ANCX,227.64
2023-02-24,ANCX,226.53
2023-02-27,ANCX,225.53
2023-02-28,ANCX,220.62
2023-03-01,ANCX,221.79
2023-03-02,ANCX,224.49
2023-03-03,ANCX,227.12
2023-03-06,ANCX,228.04
2023-03-07,ANCX,228.55
2023-03-08,ANCX,228.98
2023-03-09,ANCX,227.18
2023-03-10,ANCX,225.84
2023-03-13,ANCX,228.56
2023-03-14,ANCX,231.93
2023-03-15,ANCX,231.64
2023-03-16,ANCX,229.33
2023-03-17,ANCX,224.79
2023-03-20,ANCX,226.29
2023-03-21,ANCX,226.32
2023-03-22,ANCX,219.86
2023-03-23,ANCX,218.14
2023-03-24,ANCX,219.47
2023-03-27,ANCX,220.15
2023-03-28,ANCX,221.91
2023-03-29,ANCX,224.83
2023-03-30,ANCX,222.77
2023-03-31,ANCX,222.66
2023-04-03,ANCX,222.35
2023-04-04,ANCX,219.33
2023-04-05,ANCX,219.26
2023-04-06,ANCX,223.26
2023-04-07,ANCX,221.0
2023-04-10,ANCX,224.24
2023-04-11,ANCX,227.87
2023-04-12,ANCX,229.89
2023-04-13,ANCX,229.81
2023-04-14,ANCX,228.7
2023-04-17,ANCX,226.22
2023-04-18,ANCX,229.06
2023-04-19,ANCX,228.65
2023-04-20,ANCX,233.4
2023-04-21,ANCX,230.37
2023-04-24,ANCX,230.71
2023-04-25,ANCX,232.32
2023-04-26,ANCX,232.27
2023-04-27,ANCX,230.52
2023-04-28,ANCX,232.75
2023-05-01,ANCX,236.61
2023-05-02,ANCX,230.86
2023-05-03,ANCX,229.49
2023-05-04,ANCX,229.87
2023-05-05,ANCX,231.2
2023-05-08,ANCX,231.38
2023-05-09,ANCX,229.62
2023-05-10,ANCX,227.71
2023-05-11,ANCX,226.87
2023-05-12,ANCX,225.53
2023-05-15,ANCX,227.54
2023-05-16,ANCX,228.9
2023-05-17,ANCX,231.35
2023-05-18,ANCX,231.66
2023-05-19,ANCX,229.89
2023-05-22,ANCX,229.3
2023-05-23,ANCX,223.7
2023-05-24,ANCX,226.1
2023-05-25,ANCX,231.96
2023-05-26,ANCX,234.31
2023-05-29,ANCX,232.17
2023-05-30,ANCX,232.44
2023-05-31,ANCX,233.29
2023-06-01,ANCX,230.75
2023-06-02,ANCX,232.65
2023-06-05,ANCX,235.64
2023-06-06,ANCX,236.59
2023-06-07,ANCX,237.5
2023-06-08,ANCX,239.29
2023-06-09,ANCX,234.35
2023-06-12,ANCX,236.9
2023-06-13,ANCX,237.96
2023-06-14,ANCX,237.04
2023-06-15,ANCX,238.69
2023-06-16,ANCX,244.72
2023-06-19,ANCX,241.05
2023-06-20,ANCX,238.91
2023-06-21,ANCX,237.78
2023-06-22,ANCX,236.14
2023-06-23,ANCX,239.4
2023-06-26,ANCX,237.76
2023-06-27,ANCX,236.67
2023-06-28,ANCX,236.13
2023-06-29,ANCX,236.19
2023-06-30,ANCX,236.16
2023-07-03,ANCX,232.5
2023-07-04,ANCX,228.18
2023-07-05,ANCX,224.98
2023-07-06,ANCX,220.88
2023-07-07,ANCX,222.16
2023-07-10,ANCX,225.07
2023-07-11,ANCX,228.79
2023-07-12,ANCX,227.26
2023-07-13,ANCX,225.58
2023-07-14,ANCX,226.75
2023-07-17,ANCX,228.29
2023-07-18,ANCX,225.8
2023-07-19,ANCX,223.89
2023-07-20,ANCX,227.05
2023-07-21,ANCX,226.14
2023-07-24,ANCX,225.96
2023-07-25,ANCX,224.3
2023-07-26,ANCX,224.92
2023-07-27,ANCX,222.38
2023-07-28,ANCX,222.26
2023-07-31,ANCX,223.58
2023-08-01,ANCX,223.63
2023-08-02,ANCX,222.61
2023-08-03,ANCX,224.63
2023-08-04,ANCX,227.36
2023-08-07,ANCX,227.39
2023-08-08,ANCX,226.17
2023-08-09,ANCX,225.39
2023-08-10,ANCX,222.75
2023-08-11,ANCX,223.92
2023-08-14,ANCX,223.55
2023-08-15,ANCX,222.07
2023-08-16,ANCX,223.59
2023-08-17,ANCX,221.12
2023-08-18,ANCX,218.55
2023-08-21,ANCX,218.85
2023-08-22,ANCX,218.27
2023-08-23,ANCX,213.73
2023-08-24,ANCX,211.67
2023-08-25,ANCX,212.21
2023-08-28,ANCX,212.8
2023-08-29,ANCX,207.29
2023-08-30,ANCX,206.49
2023-08-31,ANCX,208.49
2023-09-01,ANCX,208.1
2023-09-04,ANCX,205.21
2023-09-05,ANCX,205.31
2023-09-06,ANCX,204.24
2023-09-07,ANCX,205.0
2023-09-08,ANCX,203.92
2023-09-11,ANCX,204.24
2023-09-12,ANCX,204.43
2023-09-13,ANCX,207.62
2023-09-14,ANCX,208.49
2023-09-15,ANCX,207.09
2023-09-18,ANCX,207.2
2023-09-19,ANCX,208.47
2023-09-20,ANCX,206.74
2023-09-21,ANCX,210.13
2023-09-22,ANCX,210.36
2023-09-25,ANCX,207.66
2023-09-26,ANCX,207.01
2023-09-27,ANCX,206.78
2023-09-28,ANCX,206.51
2023-09-29,ANCX,206.35
2023-10-02,ANCX,203.04
2023-10-03,ANCX,206.53
2023-10-04,ANCX,201.59
2023-10-05,ANCX,200.46
2023-10-06,ANCX,197.96
2023-10-09,ANCX,197.03
2023-10-10,ANCX,195.48
2023-10-11,ANCX,194.24
2023-10-12,ANCX,195.49
2023-10-13,ANCX,196.66
2023-10-16,ANCX,195.13
2023-10-17,ANCX,193.02
2023-10-18,ANCX,196.69
2023-10-19,ANCX,197.67
2023-10-20,ANCX,198.51
2023-10-23,ANCX,201.17
2023-10-24,ANCX,199.03
2023-10-25,ANCX,194.95
2023-10-26,ANCX,197.75
2023-10-27,ANCX,198.74
2023-10-30,ANCX,198.67
2023-10-31,ANCX,201.25
2023-11-01,ANCX,202.06
2023-11-02,ANCX,203.84
2023-11-03,ANCX,203.35
2023-11-06,ANCX,200.9
2023-11-07,ANCX,203.08
2023-11-08,ANCX,201.84
2023-11-09,ANCX,199.21
2023-11-10,ANCX,194.71
2023-11-13,ANCX,195.22
2023-11-14,ANCX,195.19
2023-11-15,ANCX,195.17
2023-11-16,ANCX,195.15
2023-11-17,ANCX,196.06
2023-11-20,ANCX,195.79
2023-11-21,ANCX,199.24
2023-11-22,ANCX,198.56
2023-11-23,ANCX,197.49
2023-11-24,ANCX,195.96
2023-11-27,ANCX,197.43
2023-11-28,ANCX,199.26
2023-11-29,ANCX,200.18
2023-11-30,ANCX,199.59
2023-12-01,ANCX,200.75
2023-12-04,ANCX,196.35
2023-12-05,ANCX,198.95
2023-12-06,ANCX,201.2
2023-12-07,ANCX,200.57
2023-12-08,ANCX,198.89
2023-12-11,ANCX,201.95
2023-12-12,ANCX,203.24
2023-12-13,ANCX,202.77
2023-12-14,ANCX,203.16
2023-12-15,ANCX,203.3
2023-12-18,ANCX,203.59
2023-12-19,ANCX,207.98
2023-12-20,ANCX,206.78
2023-12-21,ANCX,207.27
2023-12-22,ANCX,208.95
2023-12-25,ANCX,210.25
2023-12-26,ANCX,213.49
2023-12-27,ANCX,216.36
2023-12-28,ANCX,217.16
2023-12-29,ANCX,215.9
2024-01-01,ANCX,211.85
2024-01-02,ANCX,211.6
2024-01-03,ANCX,212.54
2024-01-04,ANCX,210.34
2024-01-05,ANCX,209.69
2024-01-08,ANCX,207.71
2024-01-09,ANCX,207.17
2024-01-10,ANCX,205.22
2024-01-11,ANCX,204.14
2024-01-12,ANCX,206.12
2024-01-15,ANCX,208.79
2024-01-16,ANCX,203.87
2024-01-17,ANCX,206.97
2024-01-18,ANCX,210.29
2024-01-19,ANCX,214.25
2024-01-22,ANCX,210.77
2024-01-23,ANCX,209.89
2024-01-24,ANCX,215.57
2024-01-25,ANCX,212.24
2024-01-26,ANCX,209.62
2024-01-29,ANCX,206.77
2024-01-30,ANCX,210.72
2024-01-31,ANCX,210.11
2024-02-01,ANCX,212.2
2024-02-02,ANCX,207.87
2024-02-05,ANCX,204.87
2024-02-06,ANCX,204.48
2024-02-07,ANCX,207.9
2024-02-08,ANCX,206.54
2024-02-09,ANCX,204.5
2024-02-12,ANCX,204.61
2024-02-13,ANCX,207.1
2024-02-14,ANCX,206.0
2024-02-15,ANCX,204.6
2024-02-16,ANCX,206.42
2024-02-19,ANCX,204.81
2024-02-20,ANCX,202.87
2024-02-21,ANCX,202.87
2024-02-22,ANCX,202.91
2024-02-23,ANCX,203.85
2024-02-26,ANCX,204.6
2024-02-27,ANCX,204.69
2024-02-28,ANCX,206.95
2024-02-29,ANCX,210.34
2024-03-01,ANCX,212.73
2024-03-04,ANCX,213.78
2024-03-05,ANCX,214.78
2024-03-06,ANCX,214.63
2024-03-07,ANCX,220.38
2024-03-08,ANCX,217.28
2024-03-11,ANCX,219.36
2024-03-12,ANCX,219.98
2024-03-13,ANCX,222.42
2024-03-14,ANCX,221.85
2024-03-15,ANCX,221.35
2024-03-18,ANCX,221.06
2024-03-19,ANCX,221.58
2024-03-20,ANCX,219.29
2024-03-21,ANCX,221.26
2024-03-22,ANCX,219.58
2024-03-25,ANCX,218.02
2024-03-26,ANCX,218.65
2024-03-27,ANCX,218.73
2024-03-28,ANCX,215.73
2024-03-29,ANCX,216.16
2024-04-01,ANCX,214.98
2024-04-02,ANCX,209.75
2024-04-03,ANCX,210.07
2024-04-04,ANCX,216.66
2024-04-05,ANCX,217.42
2024-04-08,ANCX,212.77
2024-04-09,ANCX,213.96
2024-04-10,ANCX,214.01
2024-04-11,ANCX,216.32
2024-04-12,ANCX,215.28
2024-04-15,ANCX,214.48
2024-04-16,ANCX,212.25
2024-04-17,ANCX,215.16
2024-04-18,ANCX,216.07
2024-04-19,ANCX,217.66
2024-04-22,ANCX,216.48
2024-04-23,ANCX,215.89
2024-04-24,ANCX,216.85
2024-04-25,ANCX,217.68
2024-04-26,ANCX,220.27
2024-04-29,ANCX,222.07
2024-04-30,ANCX,217.08
2024-05-01,ANCX,217.94
2024-05-02,ANCX,219.9
2024-05-03,ANCX,220.21
2024-05-06,ANCX,222.78
2024-05-07,ANCX,223.82
2024-05-08,ANCX,224.59
2024-05-09,ANCX,222.11
2024-05-10,ANCX,221.08
2024-05-13,ANCX,223.98
2024-05-14,ANCX,224.33
2024-05-15,ANCX,226.49
2024-05-16,ANCX,228.2
2024-05-17,ANCX,227.35
2024-05-20,ANCX,227.75
2024-05-21,ANCX,226.13
2024-05-22,ANCX,228.06
2024-05-23,ANCX,228.93
2024-05-24,ANCX,228.0
2024-05-27,ANCX,226.57
2024-05-28,ANCX,224.22
2024-05-29,ANCX,224.11
2024-05-30,ANCX,224.99
2024-05-31,ANCX,222.26
2024-06-03,ANCX,223.84
2024-06-04,ANCX,226.37
2024-06-05,ANCX,229.2
2024-06-06,ANCX,229.46
2024-06-07,ANCX,228.23
2024-06-10,ANCX,233.35
2024-06-11,ANCX,233.61
2024-06-12,ANCX,236.52
2024-06-13,ANCX,232.91
2024-06-14,ANCX,231.72
2024-06-17,ANCX,231.84
2024-06-18,ANCX,227.37
2024-06-19,ANCX,226.18
2024-06-20,ANCX,221.22
2024-06-21,ANCX,220.89
2024-06-24,ANCX,223.98
2024-06-25,ANCX,223.7
2024-06-26,ANCX,224.91
2024-06-27,ANCX,222.9
2024-06-28,ANCX,225.29
2024-07-01,ANCX,226.22
2024-07-02,ANCX,229.83
2024-07-03,ANCX,230.45
2024-07-04,ANCX,226.43
2024-07-05,ANCX,223.31
2024-07-08,ANCX,220.02
2024-07-09,ANCX,217.17
2024-07-10,ANCX,217.19
2024-07-11,ANCX,215.76
2024-07-12,ANCX,216.1
2024-07-15,ANCX,213.57
2024-07-16,ANCX,217.79
2024-07-17,ANCX,220.32
2024-07-18,ANCX,218.64
2024-07-19,ANCX,220.36
2024-07-22,ANCX,222.11
2024-07-23,ANCX,221.05
2024-07-24,ANCX,218.91
2024-07-25,ANCX,224.34
2024-07-26,ANCX,226.9
2024-07-29,ANCX,224.11
2024-07-30,ANCX,221.23
2024-07-31,ANCX,219.0
2024-08-01,ANCX,221.31
2024-08-02,ANCX,222.81
2024-08-05,ANCX,221.51
2024-08-06,ANCX,220.12
2024-08-07,ANCX,219.39
2024-08-08,ANCX,222.16
2024-08-09,ANCX,224.75
2024-08-12,ANCX,222.97
2024-08-13,ANCX,224.29
2024-08-14,ANCX,221.61
2024-08-15,ANCX,218.42
2024-08-16,ANCX,220.0
2024-08-19,ANCX,222.62
2024-08-20,ANCX,225.8
2024-08-21,ANCX,223.77
2024-08-22,ANCX,226.09
2024-08-23,ANCX,224.72
2024-08-26,ANCX,223.94
2024-08-27,ANCX,222.84
2024-08-28,ANCX,221.53
2024-08-29,ANCX,222.94
2024-08-30,ANCX,226.13
2024-09-02,ANCX,224.13
2024-09-03,ANCX,224.29
2024-09-04,ANCX,226.29
2024-09-05,ANCX,228.96
2024-09-06,ANCX,231.71
2024-09-09,ANCX,224.94
2024-09-10,ANCX,230.09
2024-09-11,ANCX,227.73
2024-09-12,ANCX,225.95
2024-09-13,ANCX,224.92
2024-09-16,ANCX,227.36
2024-09-17,ANCX,228.16
2024-09-18,ANCX,225.68
2024-09-19,ANCX,226.01
2024-09-20,ANCX,223.1
2024-09-23,ANCX,226.44
2024-09-24,ANCX,225.87
2024-09-25,ANCX,228.91
2024-09-26,ANCX,232.3
2024-09-27,ANCX,230.52
2024-09-30,ANCX,230.16
2024-10-01,ANCX,229.98
2024-10-02,ANCX,229.49
2024-10-03,ANCX,232.09
2024-10-04,ANCX,230.25
2024-10-07,ANCX,229.36
2024-10-08,ANCX,231.18
2024-10-09,ANCX,233.77
2024-10-10,ANCX,235.38
2024-10-11,ANCX,230.81
2024-10-14,ANCX,231.84
2024-10-15,ANCX,231.49
2024-10-16,ANCX,231.1
2024-10-17,ANCX,233.97
2024-10-18,ANCX,234.45
2024-10-21,ANCX,237.22
2024-10-22,ANCX,237.42
2024-10-23,ANCX,238.6
2024-10-24,ANCX,235.46
2024-10-25,ANCX,233.75
2024-10-28,ANCX,234.57
2024-10-29,ANCX,235.17
2024-10-30,ANCX,234.96
2024-10-31,ANCX,232.39
2024-11-01,ANCX,230.4
2024-11-04,ANCX,229.85
2024-11-05,ANCX,230.57
2024-11-06,ANCX,227.55
2024-11-07,ANCX,223.96
2024-11-08,ANCX,220.81
2024-11-11,ANCX,219.83
2024-11-12,ANCX,216.67
2024-11-13,ANCX,217.02
2024-11-14,ANCX,215.41
2024-11-15,ANCX,215.4
2024-11-18,ANCX,217.33
2024-11-19,ANCX,216.77
2024-11-20,ANCX,216.84
2024-11-21,ANCX,215.97
2024-11-22,ANCX,213.48
2024-11-25,ANCX,212.15
2024-11-26,ANCX,214.01
2024-11-27,ANCX,214.83
2024-11-28,ANCX,214.25
2024-11-29,ANCX,208.85
2024-12-02,ANCX,214.64
2024-12-03,ANCX,216.66
2024-12-04,ANCX,213.91
2024-12-05,ANCX,217.58
2024-12-06,ANCX,212.08
2024-12-09,ANCX,216.42
2024-12-10,ANCX,219.21
2024-12-11,ANCX,220.11
2024-12-12,ANCX,220.38
2024-12-13,ANCX,219.07
2024-12-16,ANCX,223.62
2024-12-17,ANCX,223.86
2024-12-18,ANCX,225.93
2024-12-19,ANCX,226.58
2024-12-20,ANCX,226.99
2024-12-23,ANCX,232.64
2024-12-24,ANCX,230.87
2024-12-25,ANCX,235.86
2024-12-26,ANCX,233.87
2024-12-27,ANCX,235.2
2024-12-30,ANCX,239.0
2024-12-31,ANCX,239.64
2023-01-02,LUMX,126.38
2023-01-03,LUMX,124.71
2023-01-04,LUMX,124.77
2023-01-05,LUMX,125.21
2023-01-06,LUMX,124.65
2023-01-09,LUMX,124.65
2023-01-10,LUMX,125.33
2023-01-11,LUMX,126.09
2023-01-12,LUMX,129.83
2023-01-13,LUMX,125.38
2023-01-16,LUMX,125.49
2023-01-17,LUMX,127.4
2023-01-18,LUMX,124.2
2023-01-19,LUMX,120.41
2023-01-20,LUMX,123.66
2023-01-23,LUMX,123.72
2023-01-24,LUMX,120.85
2023-01-25,LUMX,123.12
2023-01-26,LUMX,130.02
2023-01-27,LUMX,128.32
2023-01-30,LUMX,127.36
2023-01-31,LUMX,122.45
2023-02-01,LUMX,119.6
2023-02-02,LUMX,121.5
2023-02-03,LUMX,122.6
2023-02-06,LUMX,126.48
2023-02-07,LUMX,124.06
2023-02-08,LUMX,122.24
2023-02-09,LUMX,121.52
2023-02-10,LUMX,123.35
2023-02-13,LUMX,122.33
2023-02-14,LUMX,121.12
2023-02-15,LUMX,121.15
2023-02-16,LUMX,117.0
2023-02-17,LUMX,119.05
2023-02-20,LUMX,119.31
2023-02-21,LUMX,116.24
2023-02-22,LUMX,116.94
2023-02-23,LUMX,116.2
2023-02-24,LUMX,116.7
2023-02-27,LUMX,118.82
2023-02-28,LUMX,117.76
2023-03-01,LUMX,114.7
2023-03-02,LUMX,117.36
2023-03-03,LUMX,115.35
2023-03-06,LUMX,118.01
2023-03-07,LUMX,120.25
2023-03-08,LUMX,117.88
2023-03-09,LUMX,119.43
2023-03-10,LUMX,118.67
2023-03-13,LUMX,118.17
2023-03-14,LUMX,116.05
2023-03-15,LUMX,115.49
2023-03-16,LUMX,115.45
2023-03-17,LUMX,111.77
2023-03-20,LUMX,112.74
2023-03-21,LUMX,111.41
2023-03-22,LUMX,111.31
2023-03-23,LUMX,111.41
2023-03-24,LUMX,110.74
2023-03-27,LUMX,109.88
2023-03-28,LUMX,109.53
2023-03-29,LUMX,106.8
2023-03-30,LUMX,109.45
2023-03-31,LUMX,109.34
2023-04-03,LUMX,110.82
2023-04-04,LUMX,108.89
2023-04-05,LUMX,110.67
2023-04-06,LUMX,112.39
2023-04-07,LUMX,111.92
2023-04-10,LUMX,112.67
2023-04-11,LUMX,111.35
2023-04-12,LUMX,111.47
2023-04-13,LUMX,111.47
2023-04-14,LUMX,111.22
2023-04-17,LUMX,114.3
2023-04-18,LUMX,120.52
2023-04-19,LUMX,119.8
2023-04-20,LUMX,113.91
2023-04-21,LUMX,115.42
2023-04-24,LUMX,119.54
2023-04-25,LUMX,113.83
2023-04-26,LUMX,117.71
2023-04-27,LUMX,114.44
2023-04-28,LUMX,110.48
2023-05-01,LUMX,109.87
2023-05-02,LUMX,107.96
2023-05-03,LUMX,103.74
2023-05-04,LUMX,104.84
2023-05-05,LUMX,102.42
2023-05-08,LUMX,100.41
2023-05-09,LUMX,106.58
2023-05-10,LUMX,102.78
2023-05-11,LUMX,100.41
2023-05-12,LUMX,96.09
2023-05-15,LUMX,94.63
2023-05-16,LUMX,93.4
2023-05-17,LUMX,93.72
2023-05-18,LUMX,91.35
2023-05-19,LUMX,94.12
2023-05-22,LUMX,95.33
2023-05-23,LUMX,96.03
2023-05-24,LUMX,97.89
2023-05-25,LUMX,98.75
2023-05-26,LUMX,99.34
2023-05-29,LUMX,98.12
2023-05-30,LUMX,99.24
2023-05-31,LUMX,98.83
2023-06-01,LUMX,92.92
2023-06-02,LUMX,93.24
2023-06-05,LUMX,94.35
2023-06-06,LUMX,92.89
2023-06-07,LUMX,94.0
2023-06-08,LUMX,95.72
2023-06-09,LUMX,99.31
2023-06-12,LUMX,101.44
2023-06-13,LUMX,100.41
2023-06-14,LUMX,100.5
2023-06-16,LUMX,90.42
2023-06-19,LUMX,94.6
2023-06-20,LUMX,99.47
2023-06-21,LUMX,100.54
2023-06-22,LUMX,98.58
2023-06-23,LUMX,100.27
2023-06-26,LUMX,98.97
2023-06-27,LUMX,102.27
2023-06-28,LUMX,102.06
2023-06-29,LUMX,103.28
2023-06-30,LUMX,105.47
2023-07-03,LUMX,102.61
2023-07-04,LUMX,100.78
2023-07-05,LUMX,100.63
2023-07-06,LUMX,101.53
2023-07-07,LUMX,99.24
2023-07-10,LUMX,96.39
2023-07-11,LUMX,96.21
2023-07-12,LUMX,95.7
2023-07-13,LUMX,94.33
2023-07-14,LUMX,90.5
2023-07-17,LUMX,89.62
2023-07-18,LUMX,92.88
2023-07-19,LUMX,93.52
2023-07-20,LUMX,99.99
2023-07-21,LUMX,100.11
2023-07-24,LUMX,101.5
2023-07-25,LUMX,100.51
2023-07-26,LUMX,99.92
2023-07-27,LUMX,100.52
2023-07-28,LUMX,101.31
2023-07-31,LUMX,97.97
2023-08-01,LUMX,96.22
2023-08-02,LUMX,92.87
2023-08-03,LUMX,88.73
2023-08-04,LUMX,90.11
2023-08-07,LUMX,89.58
2023-08-08,LUMX,90.39
2023-08-09,LUMX,91.6
2023-08-10,LUMX,92.65
2023-08-11,LUMX,91.34
2023-08-14,LUMX,90.18
2023-08-15,LUMX,88.39
2023-08-16,LUMX,89.69
2023-08-17,LUMX,91.14
2023-08-18,LUMX,89.26
2023-08-21,LUMX,93.66
2023-08-22,LUMX,97.61
2023-08-23,LUMX,97.84
2023-08-24,LUMX,90.92
2023-08-25,LUMX,91.49
2023-08-28,LUMX,91.71
2023-08-29,LUMX,94.73
2023-08-30,LUMX,94.34
2023-08-31,LUMX,92.07
2023-09-01,LUMX,91.16
2023-09-05,LUMX,83.56
2023-09-06,LUMX,84.0
2023-09-07,LUMX,82.57
2023-09-08,LUMX,85.12
2023-09-11,LUMX,80.96
2023-09-12,LUMX,80.21
2023-09-13,LUMX,78.68
2023-09-14,LUMX,77.41
2023-09-15,LUMX,74.61
2023-09-18,LUMX,75.44
2023-09-19,LUMX,75.49
2023-09-20,LUMX,74.97
2023-09-21,LUMX,72.79
2023-09-22,LUMX,70.61
2023-09-25,LUMX,74.01
2023-09-26,LUMX,72.35
2023-09-27,LUMX,71.46
2023-09-28,LUMX,73.59
2023-09-29,LUMX,73.33
2023-10-02,LUMX,72.96
2023-10-03,LUMX,72.95
2023-10-04,LUMX,74.35
2023-10-05,LUMX,76.24
2023-10-06,LUMX,75.68
2023-10-09,LUMX,78.86
2023-10-10,LUMX,78.01
2023-10-11,LUMX,76.19
2023-10-12,LUMX,75.68
2023-10-13,LUMX,76.42
2023-10-16,LUMX,73.95
2023-10-17,LUMX,79.01
2023-10-18,LUMX,80.83
2023-10-19,LUMX,80.64
2023-10-20,LUMX,81.6
2023-10-23,LUMX,80.02
2023-10-24,LUMX,79.42
2023-10-25,LUMX,79.14
2023-10-26,LUMX,78.47
2023-10-27,LUMX,79.48
2023-10-30,LUMX,79.64
2023-10-31,LUMX,78.11
2023-11-01,LUMX,75.82
2023-11-02,LUMX,76.15
2023-11-03,LUMX,77.23
2023-11-06,LUMX,76.42
2023-11-07,LUMX,78.58
2023-11-08,LUMX,82.41
2023-11-09,LUMX,82.01
2023-11-10,LUMX,82.26
2023-11-13,LUMX,85.71
2023-11-14,LUMX,86.72
2023-11-15,LUMX,86.54
2023-11-16,LUMX,86.93
2023-11-17,LUMX,83.37
2023-11-20,LUMX,82.61
2023-11-21,LUMX,81.26
2023-11-22,LUMX,80.13
2023-11-23,LUMX,81.68
2023-11-24,LUMX,81.04
2023-11-27,LUMX,76.87
2023-11-28,LUMX,77.49
2023-11-29,LUMX,71.79
2023-11-30,LUMX,69.22
2023-12-01,LUMX,68.89
2023-12-04,LUMX,68.99
2023-12-05,LUMX,67.49
2023-12-06,LUMX,67.55
2023-12-07,LUMX,66.82
2023-12-08,LUMX,67.09
2023-12-11,LUMX,68.13
2023-12-12,LUMX,68.15
2023-12-13,LUMX,67.57
2023-12-14,LUMX,65.63
2023-12-15,LUMX,62.76
2023-12-18,LUMX,61.16
2023-12-19,LUMX,62.54
2023-12-20,LUMX,62.45
2023-12-21,LUMX,62.51
2023-12-22,LUMX,64.51
2023-12-25,LUMX,63.64
2023-12-26,LUMX,66.64
2023-12-27,LUMX,66.06
2023-12-28,LUMX,64.41
2023-12-29,LUMX,63.33
2024-01-01,LUMX,58.31
2024-01-02,LUMX,58.5
2024-01-03,LUMX,58.27
2024-01-04,LUMX,58.04
2024-01-05,LUMX,57.08
2024-01-08,LUMX,59.45
2024-01-09,LUMX,60.61
2024-01-10,LUMX,61.05
2024-01-11,LUMX,61.0
2024-01-12,LUMX,62.45
2024-01-15,LUMX,61.97
2024-01-16,LUMX,62.3
2024-01-17,LUMX,61.88
2024-01-18,LUMX,63.07
2024-01-19,LUMX,61.98
2024-01-22,LUMX,64.07
2024-01-23,LUMX,61.71
2024-01-24,LUMX,59.99
2024-01-25,LUMX,59.9
2024-01-26,LUMX,61.21
2024-01-29,LUMX,61.86
2024-01-30,LUMX,64.46
2024-01-31,LUMX,65.55
2024-02-01,LUMX,63.91
2024-02-02,LUMX,64.66
2024-02-05,LUMX,62.88
2024-02-06,LUMX,62.35
2024-02-07,LUMX,64.19
2024-02-08,LUMX,64.22
2024-02-09,LUMX,63.8
2024-02-12,LUMX,63.17
2024-02-13,LUMX,62.19
2024-02-14,LUMX,64.1
2024-02-15,LUMX,63.48
2024-02-16,LUMX,62.1
2024-02-19,LUMX,62.39
2024-02-20,LUMX,60.81
2024-02-21,LUMX,59.82
2024-02-22,LUMX,60.86
2024-02-23,LUMX,62.72
2024-02-26,LUMX,62.56
2024-02-27,LUMX,62.38
2024-02-28,LUMX,64.23
2024-02-29,LUMX,67.62
2024-03-01,LUMX,67.82
2024-03-04,LUMX,67.83
2024-03-05,LUMX,68.64
2024-03-06,LUMX,65.94
2024-03-07,LUMX,66.98
2024-03-08,LUMX,67.41
2024-03-11,LUMX,65.97
2024-03-12,LUMX,65.75
2024-03-13,LUMX,66.87
2024-03-14,LUMX,66.2
2024-03-15,LUMX,67.4
2024-03-18,LUMX,68.61
2024-03-19,LUMX,70.3
2024-03-20,LUMX,70.09
2024-03-21,LUMX,70.86
2024-03-22,LUMX,71.67
2024-03-25,LUMX,71.26
2024-03-26,LUMX,70.49
2024-03-27,LUMX,70.43
2024-03-28,LUMX,67.73
2024-03-29,LUMX,68.58
2024-04-01,LUMX,72.67
2024-04-02,LUMX,72.03
2024-04-03,LUMX,68.89
2024-04-04,LUMX,69.17
2024-04-05,LUMX,70.08
2024-04-08,LUMX,71.12
2024-04-09,LUMX,70.04
2024-04-10,LUMX,69.3
2024-04-11,LUMX,67.71
2024-04-12,LUMX,68.14
2024-04-15,LUMX,69.63
2024-04-16,LUMX,68.65
2024-04-17,LUMX,67.06
2024-04-18,LUMX,67.06
2024-04-19,LUMX,68.8
2024-04-22,LUMX,70.2
2024-04-23,LUMX,67.81
2024-04-24,LUMX,68.87
2024-04-25,LUMX,69.76
2024-04-26,LUMX,70.02
2024-04-29,LUMX,68.16
2024-04-30,LUMX,66.86
2024-05-01,LUMX,67.27
2024-05-02,LUMX,69.32
2024-05-03,LUMX,66.95
2024-05-06,LUMX,65.27
2024-05-07,LUMX,65.51
2024-05-08,LUMX,64.59
2024-05-09,LUMX,63.41
2024-05-10,LUMX,62.91
2024-05-13,LUMX,62.28
2024-05-14,LUMX,62.28
2024-05-15,LUMX,62.99
2024-05-16,LUMX,62.45
2024-05-17,LUMX,63.88
2024-05-20,LUMX,66.47
2024-05-21,LUMX,68.61
2024-05-22,LUMX,72.31
2024-05-23,LUMX,71.28
2024-05-24,LUMX,74.73
2024-05-27,LUMX,72.92
2024-05-28,LUMX,77.35
2024-05-29,LUMX,77.48
2024-05-31,LUMX,74.51
2024-06-03,LUMX,75.72
2024-06-04,LUMX,76.73
2024-06-05,LUMX,77.58
2024-06-06,LUMX,75.29
2024-06-07,LUMX,77.57
2024-06-10,LUMX,77.02
2024-06-11,LUMX,74.3
2024-06-12,LUMX,71.7
2024-06-13,LUMX,69.93
2024-06-14,LUMX,72.17
2024-06-17,LUMX,70.18
2024-06-18,LUMX,71.12
2024-06-19,LUMX,72.13
2024-06-20,LUMX,71.4
2024-06-21,LUMX,66.6
2024-06-24,LUMX,69.39
2024-06-25,LUMX,71.19
2024-06-26,LUMX,70.94
2024-06-27,LUMX,71.12
2024-06-28,LUMX,71.9
2024-07-01,LUMX,67.48
2024-07-02,LUMX,70.19
2024-07-03,LUMX,70.8
2024-07-04,LUMX,70.36
2024-07-05,LUMX,71.45
2024-07-08,LUMX,72.2
2024-07-09,LUMX,73.42
2024-07-10,LUMX,72.96
2024-07-11,LUMX,74.45
2024-07-12,LUMX,77.08
2024-07-15,LUMX,71.37
2024-07-16,LUMX,71.75
2024-07-17,LUMX,73.42
2024-07-18,LUMX,74.68
2024-07-19,LUMX,77.46
2024-07-22,LUMX,77.5
2024-07-23,LUMX,76.49
2024-07-24,LUMX,76.14
2024-07-25,LUMX,73.74
2024-07-26,LUMX,72.63
2024-07-29,LUMX,72.71
2024-07-30,LUMX,73.27
2024-07-31,LUMX,73.77
2024-08-01,LUMX,75.2
2024-08-02,LUMX,74.89
2024-08-05,LUMX,74.62
2024-08-06,LUMX,72.64
2024-08-07,LUMX,74.84
2024-08-08,LUMX,72.39
2024-08-09,LUMX,73.51
2024-08-12,LUMX,72.77
2024-08-13,LUMX,73.54
2024-08-14,LUMX,74.58
2024-08-15,LUMX,73.05
2024-08-16,LUMX,74.7
2024-08-19,LUMX,75.56
2024-08-20,LUMX,77.02
2024-08-21,LUMX,79.57
2024-08-22,LUMX,75.59
2024-08-23,LUMX,74.87
2024-08-26,LUMX,73.53
2024-08-27,LUMX,72.75
2024-08-28,LUMX,70.66
2024-08-29,LUMX,69.3
2024-08-30,LUMX,70.81
2024-09-02,LUMX,73.69
2024-09-03,LUMX,70.56
2024-09-04,LUMX,68.2
2024-09-05,LUMX,68.68
2024-09-06,LUMX,70.01
2024-09-09,LUMX,71.89
2024-09-10,LUMX,73.15
2024-09-11,LUMX,75.88
2024-09-12,LUMX,76.89
2024-09-13,LUMX,75.21
2024-09-16,LUMX,74.58
2024-09-17,LUMX,74.85
2024-09-18,LUMX,74.34
2024-09-19,LUMX,74.77
2024-09-20,LUMX,73.54
2024-09-23,LUMX,72.9
2024-09-24,LUMX,72.75
2024-09-25,LUMX,72.01
2024-09-26,LUMX,71.92
2024-09-27,LUMX,72.2
2024-09-30,LUMX,71.77
2024-10-01,LUMX,73.73
2024-10-02,LUMX,76.16
2024-10-03,LUMX,77.37
2024-10-04,LUMX,79.0
2024-10-07,LUMX,81.83
2024-10-08,LUMX,83.46
2024-10-09,LUMX,85.3
2024-10-10,LUMX,85.26
2024-10-11,LUMX,88.26
2024-10-14,LUMX,88.83
2024-10-15,LUMX,90.71
2024-10-16,LUMX,91.11
2024-10-17,LUMX,90.37
2024-10-18,LUMX,89.94
2024-10-21,LUMX,93.05
2024-10-22,LUMX,95.34
2024-10-23,LUMX,96.26
2024-10-24,LUMX,92.58
2024-10-25,LUMX,94.53
2024-10-28,LUMX,94.43
2024-10-29,LUMX,92.6
2024-10-30,LUMX,92.59
2024-10-31,LUMX,91.43
2024-11-01,LUMX,91.11
2024-11-04,LUMX,90.54
2024-11-05,LUMX,93.14
2024-11-06,LUMX,94.0
2024-11-07,LUMX,92.38
2024-11-08,LUMX,91.96
2024-11-11,LUMX,92.43
2024-11-12,LUMX,92.33
2024-11-13,LUMX,92.28
2024-11-14,LUMX,91.18
2024-11-15,LUMX,92.86
2024-11-18,LUMX,90.67
2024-11-19,LUMX,90.3
2024-11-20,LUMX,91.35
2024-11-21,LUMX,92.78
2024-11-22,LUMX,91.7
2024-11-25,LUMX,89.96
2024-11-26,LUMX,89.55
2024-11-27,LUMX,90.03
2024-11-28,LUMX,91.45
2024-11-29,LUMX,91.98
2024-12-02,LUMX,89.17
2024-12-03,LUMX,88.14
2024-12-04,LUMX,86.05
2024-12-05,LUMX,84.03
2024-12-06,LUMX,84.35
2024-12-09,LUMX,85.06
2024-12-10,LUMX,86.55
2024-12-11,LUMX,88.02
2024-12-12,LUMX,85.63
2024-12-13,LUMX,84.81
2024-12-16,LUMX,84.62
2024-12-17,LUMX,88.64
2024-12-18,LUMX,83.78
2024-12-19,LUMX,83.86
2024-12-20,LUMX,84.11
2024-12-23,LUMX,81.68
2024-12-24,LUMX,82.12
2024-12-25,LUMX,82.75
2024-12-26,LUMX,82.45
2024-12-27,LUMX,83.64
2024-12-30,LUMX,83.43
2024-12-31,LUMX,81.43
2023-01-02,FALX,116.55
2023-01-03,FALX,115.32
2023-01-04,FALX,115.13
2023-01-05,FALX,118.45
2023-01-06,FALX,120.41
2023-01-09,FALX,122.37
2023-01-10,FALX,122.2
2023-01-11,FALX,122.43
2023-01-12,FALX,118.53
2023-01-13,FALX,118.95
2023-01-16,FALX,121.84
2023-01-17,FALX,120.54
2023-01-18,FALX,125.31
2023-01-19,FALX,127.05
2023-01-20,FALX,128.11
2023-01-23,FALX,127.47
2023-01-24,FALX,130.12
2023-01-25,FALX,133.3
2023-01-26,FALX,131.54
2023-01-27,FALX,129.24
2023-01-30,FALX,128.44
2023-01-31,FALX,125.77
2023-02-01,FALX,130.55
2023-02-02,FALX,133.57
2023-02-03,FALX,134.86
2023-02-06,FALX,138.89
2023-02-07,FALX,140.49
2023-02-08,FALX,141.52
2023-02-09,FALX,145.33
2023-02-10,FALX,145.28
2023-02-13,FALX,147.37
2023-02-14,FALX,147.65
2023-02-15,FALX,149.0
2023-02-16,FALX,146.68
2023-02-17,FALX,145.04
2023-02-20,FALX,142.03
2023-02-21,FALX,141.23
2023-02-22,FALX,140.25
2023-02-23,FALX,139.2
2023-02-24,FALX,138.55
2023-02-27,FALX,140.03
2023-02-28,FALX,139.14
2023-03-01,FALX,133.67
2023-03-02,FALX,130.09
2023-03-03,FALX,130.03
2023-03-06,FALX,127.68
2023-03-07,FALX,128.31
2023-03-08,FALX,131.22
2023-03-09,FALX,127.91
2023-03-10,FALX,130.98
2023-03-13,FALX,124.48
2023-03-14,FALX,124.7
2023-03-15,FALX,123.79
2023-03-16,FALX,125.16
2023-03-17,FALX,124.51
2023-03-20,FALX,124.1
2023-03-21,FALX,122.65
2023-03-22,FALX,125.02
2023-03-23,FALX,127.27
2023-03-24,FALX,126.29
2023-03-27,FALX,125.36
2023-03-28,FALX,125.88
2023-03-29,FALX,126.44
2023-03-30,FALX,128.27
2023-03-31,FALX,130.08
2023-04-03,FALX,128.68
2023-04-04,FALX,128.36
2023-04-05,FALX,129.86
2023-04-06,FALX,127.54
2023-04-07,FALX,129.16
2023-04-10,FALX,132.14
2023-04-11,FALX,131.36
2023-04-12,FALX,131.37
2023-04-13,FALX,130.61
2023-04-14,FALX,131.12
2023-04-17,FALX,132.26
2023-04-18,FALX,130.93
2023-04-19,FALX,130.9
2023-04-20,FALX,126.99
2023-04-21,FALX,125.79
2023-04-24,FALX,127.85
2023-04-25,FALX,128.06
2023-04-26,FALX,127.49
2023-04-27,FALX,130.0
2023-04-28,FALX,132.69
2023-05-01,FALX,135.02
2023-05-02,FALX,141.27
2023-05-03,FALX,137.67
2023-05-04,FALX,140.64
2023-05-05,FALX,141.99
2023-05-08,FALX,142.26
2023-05-09,FALX,142.28
2023-05-10,FALX,141.29
2023-05-11,FALX,143.05
2023-05-12,FALX,141.8
2023-05-15,FALX,143.06
2023-05-16,FALX,145.86
2023-05-17,FALX,143.23
2023-05-18,FALX,144.64
2023-05-19,FALX,149.06
2023-05-22,FALX,148.66
2023-05-23,FALX,150.24
2023-05-24,FALX,151.67
2023-05-25,FALX,155.96
2023-05-26,FALX,155.61
2023-05-29,FALX,159.27
2023-05-30,FALX,155.03
2023-05-31,FALX,153.65
2023-06-01,FALX,154.64
2023-06-02,FALX,155.52
2023-06-05,FALX,156.4
2023-06-06,FALX,161.11
2023-06-07,FALX,161.72
2023-06-08,FALX,160.94
2023-06-09,FALX,160.54
2023-06-12,FALX,164.36
2023-06-13,FALX,162.75
2023-06-14,FALX,163.75
2023-06-15,FALX,161.31
2023-06-16,FALX,163.91
2023-06-19,FALX,163.0
2023-06-20,FALX,165.68
2023-06-21,FALX,162.89
2023-06-22,FALX,163.21
2023-06-23,FALX,158.93
2023-06-26,FALX,159.66
2023-06-27,FALX,158.84
2023-06-28,FALX,159.6
2023-06-29,FALX,156.35
2023-06-30,FALX,158.37
2023-07-03,FALX,161.06
2023-07-04,FALX,163.67
2023-07-05,FALX,161.51
2023-07-06,FALX,166.81
2023-07-07,FALX,165.23
2023-07-10,FALX,165.96
2023-07-11,FALX,164.24
2023-07-12,FALX,161.22
2023-07-13,FALX,162.71
2023-07-14,FALX,162.36
2023-07-17,FALX,162.03
2023-07-18,FALX,160.26
2023-07-19,FALX,158.12
2023-07-20,FALX,157.19
2023-07-21,FALX,156.03
2023-07-24,FALX,157.9
2023-07-25,FALX,157.89
2023-07-26,FALX,155.05
2023-07-27,FALX,150.46
2023-07-28,FALX,147.0
2023-07-31,FALX,146.62
2023-08-01,FALX,147.48
2023-08-02,FALX,145.77
2023-08-03,FALX,142.93
2023-08-04,FALX,144.85
2023-08-07,FALX,142.63
2023-08-08,FALX,141.69
2023-08-09,FALX,142.24
2023-08-10,FALX,140.0
2023-08-11,FALX,142.06
2023-08-14,FALX,144.79
2023-08-15,FALX,142.93
2023-08-16,FALX,142.04
2023-08-17,FALX,142.71
2023-08-18,FALX,145.65
2023-08-21,FALX,148.06
2023-08-22,FALX,143.8
2023-08-23,FALX,143.04
2023-08-24,FALX,145.01
2023-08-25,FALX,147.3
2023-08-28,FALX,143.94
2023-08-29,FALX,140.59
2023-08-30,FALX,138.6
2023-08-31,FALX,142.18
2023-09-01,FALX,139.57
2023-09-04,FALX,139.62
2023-09-05,FALX,139.58
2023-09-06,FALX,135.67
2023-09-07,FALX,132.91
2023-09-08,FALX,137.39
2023-09-11,FALX,141.58
2023-09-12,FALX,142.94
2023-09-13,FALX,143.73
2023-09-14,FALX,144.02
2023-09-15,FALX,143.6
2023-09-18,FALX,146.79
2023-09-19,FALX,148.02
2023-09-20,FALX,151.57
2023-09-21,FALX,153.4
2023-09-22,FALX,154.99
2023-09-25,FALX,158.21
2023-09-26,FALX,155.81
2023-09-27,FALX,156.77
2023-09-28,FALX,157.2
2023-09-29,FALX,159.28
2023-10-02,FALX,157.39
2023-10-03,FALX,158.17
2023-10-04,FALX,156.9
2023-10-05,FALX,157.4
2023-10-06,FALX,155.84
2023-10-09,FALX,152.92
2023-10-10,FALX,157.16
2023-10-11,FALX,160.03
2023-10-12,FALX,165.25
2023-10-13,FALX,162.5
2023-10-16,FALX,163.45
2023-10-17,FALX,163.11
2023-10-18,FALX,166.8
2023-10-19,FALX,165.3
2023-10-20,FALX,166.29
2023-10-23,FALX,169.15
2023-10-24,FALX,171.54
2023-10-25,FALX,170.52
2023-10-26,FALX,172.98
2023-10-27,FALX,171.62
2023-10-30,FALX,169.86
2023-10-31,FALX,170.34
2023-11-01,FALX,169.92
2023-11-02,FALX,168.98
2023-11-03,FALX,169.6
2023-11-06,FALX,172.47
2023-11-07,FALX,171.25
2023-11-08,FALX,174.13
2023-11-09,FALX,172.9
2023-11-10,FALX,174.23
2023-11-13,FALX,171.99
2023-11-14,FALX,171.39
2023-11-15,FALX,173.23
2023-11-16,FALX,176.49
2023-11-17,FALX,176.33
2023-11-20,FALX,177.21
2023-11-21,FALX,177.07
2023-11-22,FALX,178.05
2023-11-23,FALX,179.54
2023-11-24,FALX,177.07
2023-11-27,FALX,181.02
2023-11-28,FALX,178.39
2023-11-29,FALX,179.44
2023-11-30,FALX,178.92
2023-12-01,FALX,183.39
2023-12-04,FALX,179.13
2023-12-05,FALX,180.71
2023-12-06,FALX,181.92
2023-12-07,FALX,183.73
2023-12-08,FALX,187.07
2023-12-11,FALX,186.66
2023-12-12,FALX,182.65
2023-12-13,FALX,185.49
2023-12-14,FALX,180.15
2023-12-15,FALX,181.27
2023-12-18,FALX,179.85
2023-12-19,FALX,181.97
2023-12-20,FALX,182.42
2023-12-21,FALX,187.59
2023-12-22,FALX,188.42
2023-12-25,FALX,184.36
2023-12-26,FALX,186.37
2023-12-27,FALX,185.5
2023-12-28,FALX,182.69
2023-12-29,FALX,178.52
2024-01-01,FALX,181.4
2024-01-02,FALX,181.34
2024-01-03,FALX,181.55
2024-01-04,FALX,182.61
2024-01-05,FALX,181.12
2024-01-08,FALX,186.09
2024-01-09,FALX,194.01
2024-01-10,FALX,196.89
2024-01-11,FALX,197.23
2024-01-12,FALX,196.06
2024-01-15,FALX,193.16
2024-01-16,FALX,188.98
2024-01-17,FALX,183.23
2024-01-18,FALX,181.91
2024-01-19,FALX,184.59
2024-01-22,FALX,188.51
2024-01-23,FALX,189.57
2024-01-24,FALX,185.86
2024-01-25,FALX,187.67
2024-01-26,FALX,189.51
2024-01-29,FALX,189.76
2024-01-30,FALX,189.44
2024-01-31,FALX,190.21
2024-02-01,FALX,188.28
2024-02-02,FALX,185.12
2024-02-05,FALX,183.91
2024-02-06,FALX,180.69
2024-02-07,FALX,182.72
2024-02-08,FALX,180.99
2024-02-09,FALX,178.16
2024-02-12,FALX,175.22
2024-02-13,FALX,172.29
2024-02-14,FALX,171.49
2024-02-15,FALX,170.55
2024-02-16,FALX,167.82
2024-02-19,FALX,170.05
2024-02-20,FALX,168.41
2024-02-21,FALX,168.95
2024-02-22,FALX,165.07
2024-02-23,FALX,164.41
2024-02-26,FALX,169.02
2024-02-27,FALX,163.99
2024-02-28,FALX,158.94
2024-02-29,FALX,157.91
2024-03-01,FALX,158.93
2024-03-04,FALX,154.92
2024-03-05,FALX,154.83
2024-03-06,FALX,153.49
2024-03-07,FALX,156.48
2024-03-08,FALX,157.32
2024-03-12,FALX,152.08
2024-03-13,FALX,149.23
2024-03-14,FALX,147.62
2024-03-15,FALX,143.03
2024-03-18,FALX,143.17
2024-03-19,FALX,140.93
2024-03-20,FALX,140.37
2024-03-21,FALX,140.59
2024-03-22,FALX,141.78
2024-03-25,FALX,141.0
2024-03-26,FALX,140.89
2024-03-27,FALX,142.37
2024-03-28,FALX,141.43
2024-03-29,FALX,142.26
2024-04-01,FALX,142.99
2024-04-02,FALX,144.64
2024-04-03,FALX,144.39
2024-04-04,FALX,139.95
2024-04-05,FALX,140.93
2024-04-08,FALX,146.3
2024-04-09,FALX,145.36
2024-04-10,FALX,144.94
2024-04-11,FALX,142.91
2024-04-12,FALX,138.27
2024-04-15,FALX,137.43
2024-04-16,FALX,132.43
2024-04-17,FALX,128.17
2024-04-18,FALX,131.71
2024-04-19,FALX,132.34
2024-04-22,FALX,135.62
2024-04-23,FALX,135.27
2024-04-24,FALX,134.39
2024-04-25,FALX,137.12
2024-04-26,FALX,139.32
2024-04-29,FALX,137.72
2024-04-30,FALX,135.64
2024-05-01,FALX,135.33
2024-05-02,FALX,135.24
2024-05-03,FALX,133.57
2024-05-06,FALX,129.98
2024-05-07,FALX,129.3
2024-05-08,FALX,128.59
2024-05-09,FALX,124.45
2024-05-10,FALX,122.37
2024-05-13,FALX,121.81
2024-05-14,FALX,121.91
2024-05-15,FALX,120.6
2024-05-16,FALX,119.89
2024-05-17,FALX,120.35
2024-05-20,FALX,122.0
2024-05-21,FALX,121.23
2024-05-22,FALX,122.82
2024-05-23,FALX,120.12
2024-05-24,FALX,123.17
2024-05-27,FALX,124.59
2024-05-28,FALX,122.62
2024-05-29,FALX,123.02
2024-05-30,FALX,122.58
2024-05-31,FALX,124.37
2024-06-03,FALX,121.87
2024-06-04,FALX,125.23
2024-06-05,FALX,124.18
2024-06-06,FALX,121.56
2024-06-07,FALX,122.34
2024-06-10,FALX,120.51
2024-06-11,FALX,119.36
2024-06-12,FALX,120.89
2024-06-13,FALX,122.57
2024-06-14,FALX,123.97
2024-06-17,FALX,121.99
2024-06-18,FALX,122.59
2024-06-19,FALX,123.55
2024-06-20,FALX,124.37
2024-06-21,FALX,122.44
2024-06-24,FALX,122.82
2024-06-25,FALX,120.54
2024-06-26,FALX,119.06
2024-06-27,FALX,119.68
2024-06-28,FALX,118.81
2024-07-01,FALX,120.33
2024-07-02,FALX,118.67
2024-07-03,FALX,118.26
2024-07-04,FALX,118.79
2024-07-05,FALX,117.23
2024-07-08,FALX,117.71
2024-07-09,FALX,118.65
2024-07-10,FALX,122.12
2024-07-11,FALX,121.44
2024-07-12,FALX,123.98
2024-07-15,FALX,126.97
2024-07-16,FALX,127.65
2024-07-17,FALX,125.81
2024-07-18,FALX,126.44
2024-07-19,FALX,131.59
2024-07-22,FALX,134.58
2024-07-23,FALX,131.91
2024-07-24,FALX,132.16
2024-07-25,FALX,132.31
2024-07-26,FALX,133.21
2024-07-29,FALX,136.17
2024-07-30,FALX,137.73
2024-07-31,FALX,138.89
2024-08-01,FALX,136.74
2024-08-02,FALX,138.75
2024-08-05,FALX,134.45
2024-08-06,FALX,134.51
2024-08-07,FALX,131.63
2024-08-08,FALX,132.63
2024-08-09,FALX,131.93
2024-08-12,FALX,131.03
2024-08-13,FALX,127.64
2024-08-14,FALX,127.36
2024-08-15,FALX,128.72
2024-08-16,FALX,133.83
2024-08-19,FALX,135.14
2024-08-20,FALX,137.6
2024-08-21,FALX,137.94
2024-08-22,FALX,138.74
2024-08-23,FALX,138.94
2024-08-26,FALX,138.77
2024-08-27,FALX,138.61
2024-08-28,FALX,138.86
2024-08-29,FALX,138.81
2024-08-30,FALX,140.18
2024-09-02,FALX,141.57
2024-09-03,FALX,141.83
2024-09-04,FALX,144.04
2024-09-05,FALX,145.42
2024-09-06,FALX,143.44
2024-09-09,FALX,143.74
2024-09-10,FALX,141.95
2024-09-11,FALX,140.11
2024-09-12,FALX,142.03
2024-09-13,FALX,141.36
2024-09-16,FALX,141.96
2024-09-17,FALX,138.65
2024-09-18,FALX,135.3
2024-09-19,FALX,134.18
2024-09-20,FALX,135.2
2024-09-23,FALX,137.38
2024-09-24,FALX,140.54
2024-09-25,FALX,141.93
2024-09-26,FALX,141.27
2024-09-27,FALX,136.19
2024-09-30,FALX,141.06
2024-10-01,FALX,139.72
2024-10-02,FALX,137.19
2024-10-03,FALX,135.92
2024-10-04,FALX,139.98
2024-10-07,FALX,136.23
2024-10-08,FALX,134.68
2024-10-09,FALX,132.33
2024-10-10,FALX,130.89
2024-10-11,FALX,130.45
2024-10-14,FALX,130.04
2024-10-15,FALX,128.59
2024-10-16,FALX,129.4
2024-10-17,FALX,131.99
2024-10-18,FALX,128.99
2024-10-21,FALX,129.24
2024-10-22,FALX,130.03
2024-10-23,FALX,133.81
2024-10-24,FALX,132.35
2024-10-25,FALX,131.68
2024-10-28,FALX,132.18
2024-10-29,FALX,129.34
2024-10-30,FALX,125.72
2024-10-31,FALX,127.01
2024-11-01,FALX,127.54
2024-11-04,FALX,128.76
2024-11-05,FALX,128.91
2024-11-06,FALX,133.42
2024-11-07,FALX,132.42
2024-11-08,FALX,132.49
2024-11-11,FALX,131.23
2024-11-12,FALX,133.74
2024-11-13,FALX,133.85
2024-11-14,FALX,135.12
2024-11-15,FALX,138.32
2024-11-18,FALX,140.66
2024-11-19,FALX,142.58
2024-11-20,FALX,140.44
2024-11-21,FALX,140.21
2024-11-22,FALX,143.12
2024-11-25,FALX,145.26
2024-11-26,FALX,143.44
2024-11-27,FALX,142.57
2024-11-28,FALX,143.9
2024-11-29,FALX,142.02
2024-12-02,FALX,144.05
2024-12-03,FALX,143.46
2024-12-04,FALX,144.02
2024-12-05,FALX,148.04
2024-12-06,FALX,148.03
2024-12-09,FALX,146.35
2024-12-10,FALX,151.46
2024-12-11,FALX,153.47
2024-12-12,FALX,150.98
2024-12-13,FALX,151.77
2024-12-16,FALX,150.58
2024-12-17,FALX,154.55
2024-12-18,FALX,151.63
2024-12-19,FALX,147.93
2024-12-20,FALX,146.06
2024-12-23,FALX,145.81
2024-12-24,FALX,146.29
2024-12-25,FALX,144.16
2024-12-26,FALX,141.1
2024-12-27,FALX,141.23
2024-12-30,FALX,141.5
2024-12-31,FALX,142.3
2023-01-02,COBX,242.51
2023-01-03,COBX,245.34
2023-01-04,COBX,245.62
2023-01-05,COBX,246.67
2023-01-06,COBX,244.22
2023-01-09,COBX,244.82
2023-01-10,COBX,241.9
2023-01-11,COBX,239.64
2023-01-12,COBX,238.69
2023-01-13,COBX,239.32
2023-01-16,COBX,238.88
2023-01-17,COBX,236.54
2023-01-18,COBX,239.76
2023-01-19,COBX,238.08
2023-01-20,COBX,235.56
2023-01-23,COBX,233.13
2023-01-24,COBX,231.37
2023-01-25,COBX,232.15
2023-01-26,COBX,227.99
2023-01-27,COBX,229.14
2023-01-30,COBX,231.93
2023-01-31,COBX,234.08
2023-02-01,COBX,233.25
2023-02-02,COBX,236.88
2023-02-03,COBX,238.1
2023-02-06,COBX,239.59
2023-02-07,COBX,240.8
2023-02-08,COBX,240.64
2023-02-09,COBX,242.18
2023-02-10,COBX,239.68
2023-02-13,COBX,243.06
2023-02-14,COBX,242.33
2023-02-15,COBX,242.15
2023-02-16,COBX,238.93
2023-02-17,COBX,237.46
2023-02-20,COBX,234.93
2023-02-21,COBX,234.51
2023-02-22,COBX,234.5
2023-02-23,COBX,235.74
2023-02-24,COBX,236.88
2023-02-27,COBX,235.91
2023-02-28,COBX,237.7
2023-03-01,COBX,237.8
2023-03-02,COBX,238.27
2023-03-03,COBX,238.34
2023-03-06,COBX,237.83
2023-03-07,COBX,236.01
2023-03-08,COBX,236.94
2023-03-09,COBX,236.16
2023-03-10,COBX,236.17
2023-03-13,COBX,235.07
2023-03-14,COBX,229.66
2023-03-15,COBX,231.13
2023-03-16,COBX,231.32
2023-03-17,COBX,228.65
2023-03-20,COBX,225.02
2023-03-21,COBX,227.52
2023-03-22,COBX,224.58
2023-03-23,COBX,225.13
2023-03-24,COBX,228.27
2023-03-27,COBX,230.28
2023-03-28,COBX,232.3
2023-03-29,COBX,227.61
2023-03-30,COBX,227.7
2023-03-31,COBX,229.07
2023-04-03,COBX,227.94
2023-04-04,COBX,224.69
2023-04-05,COBX,218.22
2023-04-06,COBX,218.9
2023-04-07,COBX,220.2
2023-04-10,COBX,220.97
2023-04-11,COBX,219.65
2023-04-12,COBX,216.42
2023-04-13,COBX,215.26
2023-04-14,COBX,215.69
2023-04-17,COBX,215.78
2023-04-18,COBX,214.91
2023-04-19,COBX,214.59
2023-04-20,COBX,215.55
2023-04-21,COBX,216.16
2023-04-24,COBX,212.57
2023-04-25,COBX,212.18
2023-04-26,COBX,212.45
2023-04-27,COBX,212.82
2023-04-28,COBX,212.19
2023-05-01,COBX,210.12
2023-05-02,COBX,208.73
2023-05-03,COBX,209.12
2023-05-04,COBX,209.63
2023-05-05,COBX,209.89
2023-05-08,COBX,208.38
2023-05-09,COBX,208.07
2023-05-10,COBX,209.39
2023-05-11,COBX,212.01
2023-05-12,COBX,212.98
2023-05-15,COBX,215.12
2023-05-16,COBX,213.26
2023-05-17,COBX,214.16
2023-05-18,COBX,214.29
2023-05-19,COBX,214.41
2023-05-22,COBX,215.3
2023-05-23,COBX,214.34
2023-05-24,COBX,216.15
2023-05-25,COBX,215.11
2023-05-26,COBX,212.24
2023-05-29,COBX,214.44
2023-05-30,COBX,210.81
2023-05-31,COBX,210.23
2023-06-01,COBX,215.43
2023-06-02,COBX,216.51
2023-06-05,COBX,215.84
2023-06-06,COBX,217.44
2023-06-07,COBX,217.6
2023-06-08,COBX,216.97
2023-06-09,COBX,218.02
2023-06-12,COBX,219.06
2023-06-13,COBX,216.91
2023-06-14,COBX,215.63
2023-06-15,COBX,214.89
2023-06-16,COBX,211.67
2023-06-19,COBX,211.64
2023-06-20,COBX,211.77
2023-06-21,COBX,214.83
2023-06-22,COBX,216.18
2023-06-23,COBX,212.61
2023-06-26,COBX,212.55
2023-06-27,COBX,214.46
2023-06-28,COBX,210.42
2023-06-29,COBX,213.11
2023-06-30,COBX,212.92
2023-07-03,COBX,210.43
2023-07-04,COBX,208.85
2023-07-05,COBX,207.36
2023-07-06,COBX,206.79
2023-07-07,COBX,207.84
2023-07-10,COBX,208.59
2023-07-11,COBX,207.1
2023-07-12,COBX,207.27
2023-07-13,COBX,206.72
2023-07-14,COBX,207.78
2023-07-17,COBX,206.54
2023-07-18,COBX,204.31
2023-07-19,COBX,206.31
2023-07-20,COBX,206.24
2023-07-21,COBX,207.17
2023-07-24,COBX,206.56
2023-07-25,COBX,206.31
2023-07-26,COBX,205.93
2023-07-27,COBX,206.9
2023-07-28,COBX,204.76
2023-07-31,COBX,205.77
2023-08-01,COBX,206.12
2023-08-02,COBX,206.97
2023-08-03,COBX,204.46
2023-08-04,COBX,208.54
2023-08-07,COBX,206.76
2023-08-08,COBX,205.49
2023-08-09,COBX,202.63
2023-08-10,COBX,205.01
2023-08-11,COBX,202.85
2023-08-14,COBX,206.67
2023-08-15,COBX,209.96
2023-08-16,COBX,207.35
2023-08-17,COBX,206.71
2023-08-18,COBX,203.26
2023-08-21,COBX,203.06
2023-08-22,COBX,206.56
2023-08-23,COBX,204.81
2023-08-24,COBX,204.89
2023-08-25,COBX,202.84
2023-08-28,COBX,198.63
2023-08-29,COBX,198.27
2023-08-30,COBX,196.33
2023-08-31,COBX,196.23
2023-09-01,COBX,196.74
2023-09-04,COBX,195.44
2023-09-05,COBX,194.65
2023-09-06,COBX,194.76
2023-09-07,COBX,194.2
2023-09-08,COBX,194.69
2023-09-11,COBX,194.24
2023-09-12,COBX,193.63
2023-09-13,COBX,192.54
2023-09-14,COBX,190.45
2023-09-15,COBX,187.12
2023-09-18,COBX,188.8
2023-09-19,COBX,185.59
2023-09-20,COBX,188.11
2023-09-21,COBX,187.81
2023-09-22,COBX,187.33
2023-09-25,COBX,187.01
2023-09-26,COBX,185.72
2023-09-27,COBX,184.31
2023-09-28,COBX,185.01
2023-09-29,COBX,184.34
2023-10-02,COBX,183.51
2023-10-03,COBX,182.73
2023-10-04,COBX,180.74
2023-10-05,COBX,183.69
2023-10-06,COBX,186.07
2023-10-09,COBX,184.74
2023-10-10,COBX,182.71
2023-10-11,COBX,185.53
2023-10-12,COBX,182.97
2023-10-13,COBX,181.7
2023-10-16,COBX,180.65
2023-10-17,COBX,180.35
2023-10-18,COBX,180.1
2023-10-19,COBX,180.31
2023-10-20,COBX,180.39
2023-10-23,COBX,183.27
2023-10-24,COBX,186.9
2023-10-25,COBX,187.68
2023-10-26,COBX,186.12
2023-10-27,COBX,183.9
2023-10-30,COBX,183.85
2023-10-31,COBX,181.82
2023-11-01,COBX,181.37
2023-11-02,COBX,182.01
2023-11-03,COBX,181.38
2023-11-06,COBX,184.11
2023-11-07,COBX,183.93
2023-11-08,COBX,181.84
2023-11-09,COBX,182.87
2023-11-10,COBX,183.55
2023-11-13,COBX,186.58
2023-11-14,COBX,186.32
2023-11-15,COBX,184.73
2023-11-16,COBX,187.12
2023-11-17,COBX,181.46
2023-11-20,COBX,182.34
2023-11-21,COBX,183.04
2023-11-22,COBX,180.48
2023-11-23,COBX,184.33
2023-11-24,COBX,183.61
2023-11-27,COBX,183.34
2023-11-28,COBX,184.31
2023-11-29,COBX,184.44
2023-11-30,COBX,184.12
2023-12-01,COBX,184.99
2023-12-04,COBX,184.8
2023-12-05,COBX,185.17
2023-12-06,COBX,187.29
2023-12-07,COBX,187.66
2023-12-08,COBX,187.72
2023-12-11,COBX,185.74
2023-12-12,COBX,185.85
2023-12-13,COBX,184.97
2023-12-14,COBX,185.0
2023-12-15,COBX,182.62
2023-12-18,COBX,182.17
2023-12-19,COBX,178.87
2023-12-20,COBX,179.4
2023-12-21,COBX,179.76
2023-12-22,COBX,182.61
2023-12-25,COBX,182.51
2023-12-26,COBX,184.53
2023-12-27,COBX,183.37
2023-12-28,COBX,181.81
2023-12-29,COBX,180.43
2024-01-01,COBX,182.04
2024-01-02,COBX,181.77
2024-01-03,COBX,183.21
2024-01-04,COBX,182.51
2024-01-05,COBX,183.76
2024-01-08,COBX,184.57
2024-01-09,COBX,184.12
2024-01-10,COBX,183.42
2024-01-11,COBX,183.15
2024-01-12,COBX,182.62
2024-01-15,COBX,180.96
2024-01-16,COBX,182.88
2024-01-17,COBX,182.49
2024-01-18,COBX,182.98
2024-01-19,COBX,185.87
2024-01-22,COBX,187.06
2024-01-23,COBX,187.45
2024-01-24,COBX,186.35
2024-01-25,COBX,186.12
2024-01-26,COBX,185.26
2024-01-29,COBX,184.84
2024-01-30,COBX,185.24
2024-01-31,COBX,183.2
2024-02-01,COBX,181.84
2024-02-02,COBX,179.69
2024-02-05,COBX,179.27
2024-02-06,COBX,178.13
2024-02-07,COBX,179.21
2024-02-08,COBX,179.07
2024-02-09,COBX,176.99
2024-02-12,COBX,179.67
2024-02-13,COBX,180.54
2024-02-14,COBX,180.88
2024-02-15,COBX,179.5
2024-02-16,COBX,179.54
2024-02-19,COBX,178.04
2024-02-20,COBX,178.31
2024-02-21,COBX,176.94
2024-02-22,COBX,177.49
2024-02-23,COBX,174.62
2024-02-26,COBX,175.55
2024-02-27,COBX,174.34
2024-02-28,COBX,174.97
2024-02-29,COBX,171.91
2024-03-01,COBX,171.74
2024-03-04,COBX,171.23
2024-03-05,COBX,170.34
2024-03-06,COBX,169.63
2024-03-07,COBX,169.2
2024-03-08,COBX,168.38
2024-03-11,COBX,167.29
2024-03-12,COBX,171.03
2024-03-13,COBX,172.77
2024-03-14,COBX,171.12
2024-03-15,COBX,171.29
2024-03-18,COBX,169.14
2024-03-19,COBX,170.2
2024-03-20,COBX,172.36
2024-03-21,COBX,174.16
2024-03-22,COBX,173.82
2024-03-25,COBX,172.26
2024-03-26,COBX,172.08
2024-03-27,COBX,172.33
2024-03-28,COBX,172.28
2024-03-29,COBX,170.31
2024-04-01,COBX,171.78
2024-04-02,COBX,172.44
2024-04-03,COBX,171.74
2024-04-04,COBX,169.16
2024-04-05,COBX,170.07
2024-04-08,COBX,165.39
2024-04-09,COBX,166.98
2024-04-10,COBX,168.38
2024-04-11,COBX,170.76
2024-04-12,COBX,171.2
2024-04-15,COBX,170.94
2024-04-16,COBX,171.03
2024-04-17,COBX,169.25
2024-04-18,COBX,167.95
2024-04-19,COBX,167.14
2024-04-22,COBX,163.27
2024-04-23,COBX,161.93
2024-04-24,COBX,161.75
2024-04-25,COBX,163.49
2024-04-26,COBX,161.16
2024-04-29,COBX,160.29
2024-04-30,COBX,158.7
2024-05-01,COBX,160.52
2024-05-02,COBX,159.82
2024-05-03,COBX,158.43
2024-05-06,COBX,157.67
2024-05-07,COBX,156.59
2024-05-08,COBX,157.08
2024-05-09,COBX,156.6
2024-05-10,COBX,156.23
2024-05-13,COBX,154.71
2024-05-14,COBX,154.37
2024-05-15,COBX,150.53
2024-05-16,COBX,150.74
2024-05-17,COBX,150.2
2024-05-20,COBX,150.28
2024-05-21,COBX,149.26
2024-05-22,COBX,149.17
2024-05-23,COBX,147.59
2024-05-24,COBX,146.35
2024-05-27,COBX,145.9
2024-05-28,COBX,143.82
2024-05-29,COBX,144.13
2024-05-30,COBX,145.14
2024-05-31,COBX,143.65
2024-06-03,COBX,144.76
2024-06-04,COBX,145.05
2024-06-05,COBX,143.23
2024-06-06,COBX,141.77
2024-06-07,COBX,141.03
2024-06-10,COBX,141.01
2024-06-11,COBX,142.52
2024-06-12,COBX,140.33
2024-06-13,COBX,141.78
2024-06-14,COBX,140.05
2024-06-17,COBX,139.76
2024-06-18,COBX,138.51
2024-06-19,COBX,140.49
2024-06-20,COBX,139.11
2024-06-21,COBX,139.02
2024-06-24,COBX,141.82
2024-06-25,COBX,139.65
2024-06-26,COBX,140.68
2024-06-27,COBX,140.36
2024-06-28,COBX,140.71
2024-07-01,COBX,140.24
2024-07-02,COBX,138.68
2024-07-03,COBX,138.75
2024-07-04,COBX,136.48
2024-07-05,COBX,135.9
2024-07-08,COBX,135.49
2024-07-09,COBX,134.16
2024-07-10,COBX,132.04
2024-07-11,COBX,130.89
2024-07-12,COBX,130.36
2024-07-15,COBX,131.73
2024-07-16,COBX,133.78
2024-07-17,COBX,134.83
2024-07-18,COBX,134.77
2024-07-19,COBX,133.79
2024-07-22,COBX,133.9
2024-07-23,COBX,133.65
2024-07-24,COBX,133.87
2024-07-25,COBX,132.22
2024-07-26,COBX,131.06
2024-07-29,COBX,130.76
2024-07-30,COBX,133.3
2024-07-31,COBX,132.69
2024-08-01,COBX,132.28
2024-08-02,COBX,134.88
2024-08-05,COBX,136.88
2024-08-06,COBX,135.63
2024-08-07,COBX,135.62
2024-08-08,COBX,132.4
2024-08-09,COBX,130.99
2024-08-12,COBX,132.46
2024-08-13,COBX,132.93
2024-08-14,COBX,134.53
2024-08-15,COBX,136.07
2024-08-16,COBX,136.23
2024-08-19,COBX,136.07
2024-08-20,COBX,135.5
2024-08-21,COBX,135.73
2024-08-22,COBX,134.48
2024-08-23,COBX,133.13
2024-08-26,COBX,131.93
2024-08-27,COBX,132.07
2024-08-28,COBX,131.73
2024-08-29,COBX,132.82
2024-08-30,COBX,133.58
2024-09-02,COBX,133.13
2024-09-03,COBX,132.1
2024-09-04,COBX,130.7
2024-09-05,COBX,131.99
2024-09-06,COBX,132.38
2024-09-09,COBX,133.44
2024-09-10,COBX,132.06
2024-09-11,COBX,133.12
2024-09-12,COBX,131.91
2024-09-13,COBX,132.67
2024-09-16,COBX,132.84
2024-09-17,COBX,133.45
2024-09-18,COBX,132.38
2024-09-19,COBX,133.52
2024-09-20,COBX,130.85
2024-09-23,COBX,130.41
2024-09-24,COBX,130.58
2024-09-25,COBX,127.65
2024-09-26,COBX,128.85
2024-09-27,COBX,129.0
2024-09-30,COBX,129.09
2024-10-01,COBX,128.93
2024-10-02,COBX,129.39
2024-10-03,COBX,130.22
2024-10-04,COBX,130.17
2024-10-07,COBX,129.64
2024-10-08,COBX,129.49
2024-10-09,COBX,127.78
2024-10-10,COBX,126.69
2024-10-11,COBX,128.64
2024-10-14,COBX,128.82
2024-10-15,COBX,127.88
2024-10-16,COBX,127.58
2024-10-17,COBX,126.1
2024-10-18,COBX,125.44
2024-10-21,COBX,125.73
2024-10-22,COBX,124.35
2024-10-23,COBX,122.76
2024-10-24,COBX,122.55
2024-10-25,COBX,121.88
2024-10-28,COBX,120.43
2024-10-29,COBX,122.35
2024-10-30,COBX,122.72
2024-10-31,COBX,123.52
2024-11-01,COBX,122.3
2024-11-04,COBX,121.81
2024-11-05,COBX,121.48
2024-11-06,COBX,122.84
2024-11-07,COBX,121.55
2024-11-08,COBX,120.55
2024-11-11,COBX,119.49
2024-11-12,COBX,122.46
2024-11-13,COBX,122.73
2024-11-14,COBX,124.94
2024-11-15,COBX,124.1
2024-11-18,COBX,125.21
2024-11-19,COBX,125.75
2024-11-20,COBX,126.96
2024-11-21,COBX,126.62
2024-11-22,COBX,126.31
2024-11-25,COBX,125.75
2024-11-26,COBX,125.85
2024-11-27,COBX,125.33
2024-11-28,COBX,124.45
2024-11-29,COBX,124.15
2024-12-02,COBX,125.26
2024-12-03,COBX,124.8
2024-12-04,COBX,125.74
2024-12-05,COBX,125.37
2024-12-06,COBX,126.24
2024-12-09,COBX,124.04
2024-12-10,COBX,123.93
2024-12-11,COBX,123.04
2024-12-12,COBX,122.5
2024-12-13,COBX,123.25
2024-12-16,COBX,122.42
2024-12-17,COBX,124.16
2024-12-18,COBX,125.52
2024-12-19,COBX,127.22
2024-12-20,COBX,127.15
2024-12-23,COBX,126.93
2024-12-24,COBX,124.8
2024-12-25,COBX,126.32
2024-12-26,COBX,127.51
2024-12-27,COBX,127.11
2024-12-30,COBX,127.85
2024-12-31,COBX,126.77
2023-01-02,STEX,148.8
2023-01-03,STEX,150.34
2023-01-04,STEX,150.4
2023-01-05,STEX,151.34
2023-01-06,STEX,149.25
2023-01-09,STEX,149.38
2023-01-10,STEX,151.31
2023-01-11,STEX,158.83
2023-01-12,STEX,155.37
2023-01-13,STEX,154.09
2023-01-16,STEX,154.25
2023-01-17,STEX,151.38
2023-01-18,STEX,143.05
2023-01-19,STEX,147.69
2023-01-20,STEX,146.93
2023-01-23,STEX,151.93
2023-01-24,STEX,156.17
2023-01-25,STEX,162.89
2023-01-26,STEX,166.79
2023-01-27,STEX,169.69
2023-01-30,STEX,163.13
2023-01-31,STEX,163.46
2023-02-01,STEX,164.42
2023-02-02,STEX,164.17
2023-02-03,STEX,164.8
2023-02-06,STEX,161.24
2023-02-07,STEX,150.36
2023-02-08,STEX,151.38
2023-02-09,STEX,146.86
2023-02-10,STEX,147.59
2023-02-13,STEX,145.8
2023-02-14,STEX,142.02
2023-02-15,STEX,139.59
2023-02-16,STEX,141.34
2023-02-17,STEX,143.26
2023-02-20,STEX,138.52
2023-02-21,STEX,141.3
2023-02-22,STEX,139.46
2023-02-23,STEX,139.3
2023-02-24,STEX,139.82
2023-02-27,STEX,138.55
2023-02-28,STEX,140.86
2023-03-01,STEX,141.99
2023-03-02,STEX,137.68
2023-03-03,STEX,135.99
2023-03-06,STEX,133.33
2023-03-07,STEX,133.87
2023-03-08,STEX,133.41
2023-03-09,STEX,130.03
2023-03-10,STEX,130.36
2023-03-13,STEX,136.66
2023-03-14,STEX,134.51
2023-03-15,STEX,135.95
2023-03-16,STEX,134.03
2023-03-17,STEX,134.95
2023-03-20,STEX,141.73
2023-03-21,STEX,141.58
2023-03-22,STEX,133.13
2023-03-23,STEX,130.7
2023-03-24,STEX,135.62
2023-03-27,STEX,132.87
2023-03-28,STEX,131.45
2023-03-29,STEX,132.41
2023-03-30,STEX,129.19
2023-03-31,STEX,130.32
2023-04-03,STEX,127.57
2023-04-04,STEX,130.84
2023-04-05,STEX,129.15
2023-04-06,STEX,130.42
2023-04-07,STEX,127.21
2023-04-10,STEX,125.1
2023-04-11,STEX,127.83
2023-04-12,STEX,130.06
2023-04-13,STEX,127.95
2023-04-14,STEX,124.39
2023-04-17,STEX,125.58
2023-04-18,STEX,126.27
2023-04-19,STEX,133.59
2023-04-20,STEX,138.83
2023-04-21,STEX,136.64
2023-04-24,STEX,144.13
2023-04-25,STEX,143.53
2023-04-26,STEX,141.55
2023-04-27,STEX,139.86
2023-04-28,STEX,141.63
2023-05-01,STEX,141.2
2023-05-03,STEX,141.44
2023-05-04,STEX,142.36
2023-05-05,STEX,143.56
2023-05-08,STEX,139.31
2023-05-09,STEX,141.21
2023-05-10,STEX,144.15
2023-05-11,STEX,145.63
2023-05-12,STEX,146.44
2023-05-15,STEX,149.38
2023-05-16,STEX,156.07
2023-05-17,STEX,154.96
2023-05-18,STEX,152.32
2023-05-19,STEX,155.24
2023-05-22,STEX,155.85
2023-05-23,STEX,156.4
2023-05-24,STEX,150.61
2023-05-25,STEX,142.74
2023-05-26,STEX,140.28
2023-05-29,STEX,139.75
2023-05-30,STEX,140.36
2023-05-31,STEX,140.79
2023-06-01,STEX,140.99
2023-06-02,STEX,134.59
2023-06-05,STEX,128.7
2023-06-06,STEX,127.22
2023-06-07,STEX,123.51
2023-06-08,STEX,129.11
2023-06-09,STEX,126.71
2023-06-12,STEX,125.1
2023-06-13,STEX,120.32
2023-06-14,STEX,115.93
2023-06-15,STEX,111.59
2023-06-16,STEX,109.69
2023-06-19,STEX,112.79
2023-06-20,STEX,109.92
2023-06-21,STEX,113.35
2023-06-22,STEX,111.97
2023-06-23,STEX,111.36
2023-06-26,STEX,117.74
2023-06-27,STEX,120.39
2023-06-28,STEX,118.61
2023-06-29,STEX,116.37
2023-06-30,STEX,116.82
2023-07-03,STEX,115.96
2023-07-04,STEX,115.14
2023-07-05,STEX,115.26
2023-07-06,STEX,113.12
2023-07-07,STEX,113.41
2023-07-10,STEX,117.25
2023-07-11,STEX,116.15
2023-07-12,STEX,109.94
2023-07-13,STEX,106.66
2023-07-14,STEX,109.62
2023-07-17,STEX,109.68
2023-07-18,STEX,110.97
2023-07-19,STEX,112.95
2023-07-20,STEX,113.45
2023-07-21,STEX,112.53
2023-07-24,STEX,112.35
2023-07-25,STEX,118.1
2023-07-26,STEX,116.36
2023-07-27,STEX,115.96
2023-07-28,STEX,120.03
2023-07-31,STEX,118.58
2023-08-01,STEX,116.62
2023-08-02,STEX,121.75
2023-08-03,STEX,122.57
2023-08-04,STEX,122.74
2023-08-07,STEX,121.53
2023-08-08,STEX,119.1
2023-08-09,STEX,113.02
2023-08-10,STEX,111.51
2023-08-11,STEX,114.85
2023-08-14,STEX,119.68
2023-08-15,STEX,119.97
2023-08-16,STEX,121.5
2023-08-17,STEX,118.34
2023-08-18,STEX,111.95
2023-08-21,STEX,112.19
2023-08-22,STEX,103.3
2023-08-23,STEX,98.67
2023-08-24,STEX,100.08
2023-08-25,STEX,97.42
2023-08-28,STEX,95.7
2023-08-29,STEX,101.12
2023-08-30,STEX,102.84
2023-08-31,STEX,106.09
2023-09-01,STEX,103.04
2023-09-04,STEX,101.01
2023-09-05,STEX,103.15
2023-09-06,STEX,102.62
2023-09-08,STEX,101.75
2023-09-11,STEX,102.11
2023-09-12,STEX,101.42
2023-09-13,STEX,98.45
2023-09-14,STEX,99.49
2023-09-15,STEX,99.21
2023-09-18,STEX,100.27
2023-09-19,STEX,102.23
2023-09-20,STEX,96.94
2023-09-21,STEX,96.24
2023-09-22,STEX,94.0
2023-09-25,STEX,93.05
2023-09-26,STEX,93.57
2023-09-27,STEX,95.66
2023-09-28,STEX,93.99
2023-09-29,STEX,92.97
2023-10-02,STEX,89.57
2023-10-03,STEX,90.19
2023-10-04,STEX,90.86
2023-10-05,STEX,91.06
2023-10-06,STEX,91.3
2023-10-09,STEX,93.99
2023-10-10,STEX,94.59
2023-10-11,STEX,97.38
2023-10-12,STEX,94.32
2023-10-13,STEX,94.17
2023-10-16,STEX,93.24
2023-10-17,STEX,98.84
2023-10-18,STEX,101.18
2023-10-19,STEX,102.83
2023-10-20,STEX,103.27
2023-10-23,STEX,103.97
2023-10-24,STEX,100.6
2023-10-25,STEX,99.83
2023-10-26,STEX,99.12
2023-10-27,STEX,97.95
2023-10-30,STEX,96.07
2023-10-31,STEX,96.23
2023-11-01,STEX,96.22
2023-11-02,STEX,93.43
2023-11-03,STEX,95.45
2023-11-06,STEX,94.83
2023-11-07,STEX,96.02
2023-11-08,STEX,96.1
2023-11-09,STEX,97.63
2023-11-10,STEX,97.99
2023-11-13,STEX,97.45
2023-11-14,STEX,95.92
2023-11-15,STEX,91.46
2023-11-16,STEX,91.52
2023-11-17,STEX,91.66
2023-11-20,STEX,95.14
2023-11-21,STEX,95.84
2023-11-22,STEX,96.58
2023-11-23,STEX,96.56
2023-11-24,STEX,98.09
2023-11-27,STEX,95.77
2023-11-28,STEX,99.14
2023-11-29,STEX,97.01
2023-11-30,STEX,97.59
2023-12-01,STEX,96.4
2023-12-04,STEX,96.12
2023-12-05,STEX,97.75
2023-12-06,STEX,100.44
2023-12-07,STEX,98.89
2023-12-08,STEX,95.33
2023-12-11,STEX,91.82
2023-12-12,STEX,89.09
2023-12-13,STEX,88.05
2023-12-14,STEX,87.85
2023-12-15,STEX,89.74
2023-12-18,STEX,86.8
2023-12-19,STEX,85.87
2023-12-20,STEX,86.67
2023-12-21,STEX,86.97
2023-12-22,STEX,87.98
2023-12-25,STEX,86.19
2023-12-26,STEX,88.14
2023-12-27,STEX,90.64
2023-12-28,STEX,86.68
2023-12-29,STEX,88.26
2024-01-01,STEX,86.96
2024-01-02,STEX,89.11
2024-01-03,STEX,90.4
2024-01-04,STEX,89.82
2024-01-05,STEX,91.49
2024-01-08,STEX,90.19
2024-01-09,STEX,88.27
2024-01-10,STEX,87.13
2024-01-11,STEX,84.54
2024-01-12,STEX,84.31
2024-01-15,STEX,84.45
2024-01-16,STEX,83.44
2024-01-17,STEX,83.75
2024-01-18,STEX,84.49
2024-01-19,STEX,83.81
2024-01-22,STEX,84.25
2024-01-23,STEX,86.28
2024-01-24,STEX,84.62
2024-01-25,STEX,87.07
2024-01-26,STEX,88.9
2024-01-29,STEX,91.51
2024-01-30,STEX,94.1
2024-01-31,STEX,93.34
2024-02-01,STEX,96.28
2024-02-02,STEX,95.31
2024-02-05,STEX,96.33
2024-02-06,STEX,97.7
2024-02-07,STEX,100.43
2024-02-08,STEX,102.08
2024-02-09,STEX,102.76
2024-02-12,STEX,104.89
2024-02-13,STEX,112.26
2024-02-14,STEX,110.54
2024-02-15,STEX,111.53
2024-02-16,STEX,113.87
2024-02-19,STEX,114.21
2024-02-20,STEX,116.31
2024-02-21,STEX,117.07
2024-02-22,STEX,115.14
2024-02-23,STEX,117.1
2024-02-26,STEX,114.31
2024-02-27,STEX,113.81
2024-02-28,STEX,111.25
2024-02-29,STEX,114.22
2024-03-01,STEX,112.46
2024-03-04,STEX,109.05
2024-03-05,STEX,110.05
2024-03-06,STEX,109.54
2024-03-07,STEX,114.01
2024-03-08,STEX,116.45
2024-03-11,STEX,115.6
2024-03-12,STEX,110.25
2024-03-13,STEX,111.16
2024-03-14,STEX,108.57
2024-03-15,STEX,106.86
2024-03-18,STEX,107.4
2024-03-19,STEX,109.41
2024-03-20,STEX,107.21
2024-03-21,STEX,109.52
2024-03-22,STEX,115.01
2024-03-25,STEX,112.1
2024-03-26,STEX,114.19
2024-03-27,STEX,115.5
2024-03-28,STEX,112.61
2024-03-29,STEX,118.33
2024-04-01,STEX,119.34
2024-04-02,STEX,117.85
2024-04-03,STEX,110.28
2024-04-04,STEX,112.44
2024-04-05,STEX,110.83
2024-04-08,STEX,103.18
2024-04-09,STEX,105.04
2024-04-10,STEX,104.2
2024-04-11,STEX,102.29
2024-04-12,STEX,99.67
2024-04-15,STEX,103.76
2024-04-16,STEX,102.11
2024-04-17,STEX,100.72
2024-04-18,STEX,104.29
2024-04-19,STEX,105.1
2024-04-22,STEX,109.33
2024-04-23,STEX,109.12
2024-04-24,STEX,108.68
2024-04-25,STEX,113.12
2024-04-26,STEX,117.57
2024-04-29,STEX,118.47
2024-04-30,STEX,119.59
2024-05-01,STEX,125.14
2024-05-02,STEX,128.95
2024-05-03,STEX,123.67
2024-05-06,STEX,129.6
2024-05-07,STEX,123.47
2024-05-08,STEX,126.1
2024-05-09,STEX,128.54
2024-05-10,STEX,124.86
2024-05-13,STEX,120.59
2024-05-14,STEX,120.67
2024-05-15,STEX,120.94
2024-05-16,STEX,120.35
2024-05-17,STEX,124.12
2024-05-20,STEX,120.26
2024-05-21,STEX,116.66
2024-05-22,STEX,117.73
2024-05-23,STEX,118.94
2024-05-24,STEX,121.9
2024-05-27,STEX,121.36
2024-05-28,STEX,120.65
2024-05-29,STEX,122.77
2024-05-30,STEX,117.85
2024-05-31,STEX,120.27
2024-06-03,STEX,119.07
2024-06-04,STEX,119.7
2024-06-05,STEX,119.89
2024-06-06,STEX,120.55
2024-06-07,STEX,121.91
2024-06-10,STEX,118.26
2024-06-11,STEX,112.46
2024-06-12,STEX,110.25
2024-06-13,STEX,116.79
2024-06-14,STEX,120.92
2024-06-17,STEX,118.53
2024-06-18,STEX,126.21
2024-06-19,STEX,131.17
2024-06-20,STEX,132.58
2024-06-21,STEX,136.77
2024-06-24,STEX,137.11
2024-06-25,STEX,135.1
2024-06-26,STEX,137.13
2024-06-27,STEX,141.99
2024-06-28,STEX,138.99
2024-07-01,STEX,143.39
2024-07-02,STEX,147.34
2024-07-03,STEX,144.14
2024-07-04,STEX,146.54
2024-07-05,STEX,150.92
2024-07-08,STEX,150.2
2024-07-09,STEX,147.99
2024-07-10,STEX,151.36
2024-07-11,STEX,151.4
2024-07-12,STEX,156.78
2024-07-15,STEX,152.44
2024-07-16,STEX,153.01
2024-07-17,STEX,156.84
2024-07-18,STEX,155.23
2024-07-19,STEX,155.55
2024-07-22,STEX,157.86
2024-07-23,STEX,158.55
2024-07-24,STEX,161.82
2024-07-25,STEX,164.99
2024-07-26,STEX,163.68
2024-07-29,STEX,164.9
2024-07-30,STEX,169.49
2024-07-31,STEX,172.92
2024-08-01,STEX,174.77
2024-08-02,STEX,185.31
2024-08-05,STEX,186.11
2024-08-06,STEX,187.88
2024-08-07,STEX,190.5
2024-08-08,STEX,186.44
2024-08-09,STEX,191.37
2024-08-12,STEX,185.25
2024-08-13,STEX,185.31
2024-08-14,STEX,182.98
2024-08-15,STEX,184.38
2024-08-16,STEX,190.99
2024-08-19,STEX,195.76
2024-08-20,STEX,193.08
2024-08-21,STEX,188.97
2024-08-22,STEX,203.88
2024-08-23,STEX,207.84
2024-08-26,STEX,202.87
2024-08-27,STEX,199.08
2024-08-28,STEX,190.44
2024-08-29,STEX,186.79
2024-08-30,STEX,189.24
2024-09-02,STEX,192.36
2024-09-03,STEX,192.23
2024-09-04,STEX,192.72
2024-09-05,STEX,202.53
2024-09-06,STEX,203.09
2024-09-09,STEX,201.38
2024-09-10,STEX,200.41
2024-09-11,STEX,207.61
2024-09-12,STEX,208.12
2024-09-13,STEX,213.83
2024-09-16,STEX,222.19
2024-09-17,STEX,219.38
2024-09-18,STEX,227.05
2024-09-19,STEX,227.74
2024-09-20,STEX,226.24
2024-09-23,STEX,227.33
2024-09-24,STEX,228.67
2024-09-25,STEX,238.84
2024-09-26,STEX,247.36
2024-09-27,STEX,251.08
2024-09-30,STEX,247.86
2024-10-01,STEX,254.84
2024-10-02,STEX,251.73
2024-10-03,STEX,246.89
2024-10-04,STEX,253.75
2024-10-07,STEX,257.19
2024-10-08,STEX,256.18
2024-10-09,STEX,256.69
2024-10-10,STEX,255.22
2024-10-11,STEX,247.21
2024-10-14,STEX,241.91
2024-10-15,STEX,240.34
2024-10-16,STEX,243.47
2024-10-17,STEX,243.5
2024-10-18,STEX,244.06
2024-10-21,STEX,244.92
2024-10-22,STEX,252.71
2024-10-23,STEX,258.26
2024-10-24,STEX,265.75
2024-10-25,STEX,262.77
2024-10-28,STEX,268.81
2024-10-29,STEX,266.68
2024-10-30,STEX,259.86
2024-10-31,STEX,264.34
2024-11-01,STEX,268.09
2024-11-04,STEX,274.5
2024-11-05,STEX,265.51
2024-11-06,STEX,259.03
2024-11-07,STEX,258.37
2024-11-08,STEX,257.07
2024-11-11,STEX,264.48
2024-11-12,STEX,262.74
2024-11-13,STEX,255.54
2024-11-14,STEX,264.91
2024-11-15,STEX,259.53
2024-11-18,STEX,247.35
2024-11-19,STEX,249.3
2024-11-20,STEX,251.05
2024-11-21,STEX,256.67
2024-11-22,STEX,270.76
2024-11-25,STEX,268.11
2024-11-26,STEX,265.05
2024-11-27,STEX,266.8
2024-11-28,STEX,268.48
2024-11-29,STEX,262.28
2024-12-02,STEX,262.82
2024-12-03,STEX,249.22
2024-12-04,STEX,252.89
2024-12-05,STEX,259.21
2024-12-06,STEX,259.27
2024-12-09,STEX,255.96
2024-12-10,STEX,264.4
2024-12-11,STEX,256.82
2024-12-12,STEX,253.22
2024-12-13,STEX,262.66
2024-12-16,STEX,268.8
2024-12-17,STEX,268.21
2024-12-18,STEX,266.66
2024-12-19,STEX,261.73
2024-12-20,STEX,264.97
2024-12-23,STEX,275.07
2024-12-24,STEX,277.6
2024-12-25,STEX,264.97
2024-12-26,STEX,254.14
2024-12-27,STEX,248.35
2024-12-30,STEX,241.92
2024-12-31,STEX,242.6
2023-01-02,HARX,156.52
2023-01-03,HARX,157.83
2023-01-04,HARX,158.92
2023-01-05,HARX,160.64
2023-01-06,HARX,164.45
2023-01-09,HARX,164.21
2023-01-10,HARX,162.45
2023-01-11,HARX,160.8
2023-01-12,HARX,157.45
2023-01-13,HARX,160.15
2023-01-16,HARX,159.7
2023-01-17,HARX,161.39
2023-01-18,HARX,164.27
2023-01-19,HARX,162.83
2023-01-20,HARX,166.61
2023-01-23,HARX,168.55
2023-01-24,HARX,171.03
2023-01-25,HARX,169.9
2023-01-26,HARX,168.86
2023-01-27,HARX,165.09
2023-01-30,HARX,165.76
2023-01-31,HARX,169.86
2023-02-01,HARX,166.92
2023-02-02,HARX,166.5
2023-02-03,HARX,166.94
2023-02-06,HARX,167.49
2023-02-07,HARX,165.76
2023-02-08,HARX,164.44
2023-02-09,HARX,163.32
2023-02-10,HARX,161.28
2023-02-13,HARX,162.3
2023-02-14,HARX,161.16
2023-02-15,HARX,165.3
2023-02-16,HARX,165.57
2023-02-17,HARX,165.28
2023-02-20,HARX,164.43
2023-02-21,HARX,162.54
2023-02-22,HARX,166.28
2023-02-23,HARX,163.97
2023-02-24,HARX,161.53
2023-02-27,HARX,158.31
2023-02-28,HARX,156.45
2023-03-01,HARX,157.96
2023-03-02,HARX,158.42
2023-03-03,HARX,159.45
2023-03-06,HARX,159.04
2023-03-07,HARX,159.57
2023-03-08,HARX,158.68
2023-03-09,HARX,159.36
2023-03-10,HARX,160.13
2023-03-13,HARX,162.6
2023-03-14,HARX,159.64
2023-03-15,HARX,160.63
2023-03-16,HARX,163.04
2023-03-17,HARX,165.52
2023-03-20,HARX,165.02
2023-03-21,HARX,167.47
2023-03-22,HARX,166.25
2023-03-23,HARX,165.24
2023-03-24,HARX,166.58
2023-03-27,HARX,166.01
2023-03-28,HARX,166.61
2023-03-29,HARX,163.82
2023-03-30,HARX,166.83
2023-03-31,HARX,167.45
2023-04-03,HARX,166.48
2023-04-04,HARX,167.36
2023-04-05,HARX,166.4
2023-04-06,HARX,164.05
2023-04-07,HARX,165.69
2023-04-10,HARX,163.28
2023-04-11,HARX,164.12
2023-04-12,HARX,164.8
2023-04-13,HARX,162.99
2023-04-14,HARX,166.42
2023-04-17,HARX,167.2
2023-04-18,HARX,166.22
2023-04-19,HARX,162.18
2023-04-20,HARX,162.34
2023-04-21,HARX,157.5
2023-04-24,HARX,159.9
2023-04-25,HARX,161.46
2023-04-26,HARX,162.91
2023-04-27,HARX,163.57
2023-04-28,HARX,164.0
2023-05-01,HARX,163.49
2023-05-02,HARX,165.96
2023-05-03,HARX,161.88
2023-05-04,HARX,160.73
2023-05-05,HARX,159.8
2023-05-08,HARX,159.89
2023-05-09,HARX,156.86
2023-05-10,HARX,157.23
2023-05-11,HARX,158.25
2023-05-12,HARX,158.41
2023-05-15,HARX,159.49
2023-05-16,HARX,160.87
2023-05-17,HARX,160.86
2023-05-18,HARX,161.2
2023-05-19,HARX,162.71
2023-05-22,HARX,161.74
2023-05-23,HARX,159.11
2023-05-24,HARX,159.43
2023-05-25,HARX,159.37
2023-05-26,HARX,156.85
2023-05-29,HARX,157.25
2023-05-30,HARX,157.83
2023-05-31,HARX,157.5
2023-06-01,HARX,161.77
2023-06-02,HARX,163.42
2023-06-05,HARX,160.57
2023-06-06,HARX,159.01
2023-06-07,HARX,160.56
2023-06-08,HARX,160.9
2023-06-09,HARX,163.25
2023-06-12,HARX,164.01
2023-06-13,HARX,165.17
2023-06-14,HARX,161.81
2023-06-15,HARX,163.99
2023-06-16,HARX,164.27
2023-06-19,HARX,164.81
2023-06-20,HARX,163.3
2023-06-21,HARX,164.59
2023-06-22,HARX,161.76
2023-06-23,HARX,163.42
2023-06-26,HARX,162.02
2023-06-27,HARX,164.49
2023-06-28,HARX,163.15
2023-06-29,HARX,163.15
2023-06-30,HARX,164.14
2023-07-03,HARX,167.1
2023-07-04,HARX,163.69
2023-07-05,HARX,161.41
2023-07-06,HARX,160.85
2023-07-07,HARX,159.73
2023-07-10,HARX,157.37
2023-07-11,HARX,158.44
2023-07-12,HARX,158.93
2023-07-13,HARX,156.49
2023-07-14,HARX,155.1
2023-07-17,HARX,154.88
2023-07-18,HARX,156.33
2023-07-19,HARX,158.42
2023-07-20,HARX,157.77
2023-07-21,HARX,157.92
2023-07-24,HARX,157.23
2023-07-25,HARX,157.79
2023-07-26,HARX,158.15
2023-07-27,HARX,161.03
2023-07-28,HARX,161.86
2023-07-31,HARX,163.05
2023-08-01,HARX,160.11
2023-08-02,HARX,160.91
2023-08-03,HARX,160.85
2023-08-04,HARX,157.97
2023-08-07,HARX,158.31
2023-08-08,HARX,156.93
2023-08-09,HARX,155.98
2023-08-10,HARX,156.02
2023-08-11,HARX,157.82
2023-08-14,HARX,158.61
2023-08-15,HARX,158.12
2023-08-16,HARX,161.95
2023-08-17,HARX,159.39
2023-08-18,HARX,158.33
2023-08-21,HARX,157.96
2023-08-22,HARX,158.57
2023-08-23,HARX,159.37
2023-08-24,HARX,158.85
2023-08-25,HARX,157.55
2023-08-28,HARX,161.59
2023-08-30,HARX,159.39
2023-08-31,HARX,159.14
2023-09-01,HARX,155.34
2023-09-04,HARX,156.81
2023-09-05,HARX,154.65
2023-09-06,HARX,154.45
2023-09-07,HARX,154.46
2023-09-08,HARX,154.89
2023-09-11,HARX,153.59
2023-09-12,HARX,152.48
2023-09-13,HARX,149.71
2023-09-14,HARX,147.4
2023-09-15,HARX,145.0
2023-09-18,HARX,145.1
2023-09-19,HARX,144.37
2023-09-20,HARX,143.53
2023-09-21,HARX,143.08
2023-09-22,HARX,144.27
2023-09-25,HARX,141.3
2023-09-26,HARX,141.84
2023-09-27,HARX,142.9
2023-09-28,HARX,144.41
2023-09-29,HARX,147.18
2023-10-02,HARX,148.84
2023-10-03,HARX,145.25
2023-10-04,HARX,143.55
2023-10-05,HARX,147.11
2023-10-06,HARX,148.89
2023-10-09,HARX,149.15
2023-10-10,HARX,150.21
2023-10-11,HARX,149.71
2023-10-12,HARX,148.04
2023-10-13,HARX,147.91
2023-10-16,HARX,146.96
2023-10-17,HARX,146.57
2023-10-18,HARX,144.08
2023-10-19,HARX,143.02
2023-10-20,HARX,144.15
2023-10-23,HARX,142.88
2023-10-24,HARX,141.22
2023-10-25,HARX,143.2
2023-10-26,HARX,144.8
2023-10-27,HARX,144.55
2023-10-30,HARX,146.72
2023-10-31,HARX,148.56
2023-11-01,HARX,151.36
2023-11-02,HARX,154.23
2023-11-03,HARX,156.22
2023-11-06,HARX,155.49
2023-11-07,HARX,158.18
2023-11-08,HARX,154.53
2023-11-09,HARX,153.7
2023-11-10,HARX,155.3
2023-11-13,HARX,155.28
2023-11-14,HARX,156.61
2023-11-15,HARX,157.72
2023-11-16,HARX,157.2
2023-11-17,HARX,158.75
2023-11-20,HARX,162.18
2023-11-21,HARX,162.26
2023-11-22,HARX,164.29
2023-11-23,HARX,163.18
2023-11-24,HARX,164.41
2023-11-27,HARX,162.4
2023-11-28,HARX,161.43
2023-11-29,HARX,160.3
2023-11-30,HARX,160.51
2023-12-01,HARX,159.62
2023-12-04,HARX,159.34
2023-12-05,HARX,160.55
2023-12-06,HARX,159.62
2023-12-07,HARX,160.09
2023-12-08,HARX,159.92
2023-12-11,HARX,160.63
2023-12-12,HARX,157.34
2023-12-13,HARX,156.73
2023-12-14,HARX,160.65
2023-12-15,HARX,159.08
2023-12-18,HARX,159.68
2023-12-19,HARX,159.13
2023-12-20,HARX,160.07
2023-12-21,HARX,158.39
2023-12-22,HARX,157.95
2023-12-25,HARX,160.86
2023-12-26,HARX,160.62
2023-12-27,HARX,159.8
2023-12-28,HARX,161.27
2023-12-29,HARX,159.91
2024-01-01,HARX,160.03
2024-01-02,HARX,160.2
2024-01-03,HARX,160.23
2024-01-04,HARX,157.91
2024-01-05,HARX,158.08
2024-01-08,HARX,158.02
2024-01-09,HARX,158.69
2024-01-10,HARX,160.03
2024-01-11,HARX,158.97
2024-01-12,HARX,154.73
2024-01-15,HARX,151.85
2024-01-16,HARX,153.54
2024-01-17,HARX,153.67
2024-01-18,HARX,153.07
2024-01-19,HARX,150.04
2024-01-22,HARX,151.47
2024-01-23,HARX,152.23
2024-01-24,HARX,151.41
2024-01-25,HARX,153.04
2024-01-26,HARX,151.64
2024-01-29,HARX,152.6
2024-01-30,HARX,151.83
2024-01-31,HARX,151.85
2024-02-01,HARX,149.75
2024-02-02,HARX,153.66
2024-02-05,HARX,152.79
2024-02-06,HARX,153.74
2024-02-07,HARX,155.61
2024-02-08,HARX,156.54
2024-02-09,HARX,156.4
2024-02-12,HARX,154.76
2024-02-13,HARX,152.01
2024-02-14,HARX,151.43
2024-02-15,HARX,150.96
2024-02-16,HARX,152.66
2024-02-19,HARX,152.41
2024-02-20,HARX,152.38
2024-02-21,HARX,151.78
2024-02-22,HARX,152.23
2024-02-23,HARX,147.98
2024-02-26,HARX,146.3
2024-02-27,HARX,146.54
2024-02-28,HARX,145.44
2024-02-29,HARX,144.28
2024-03-01,HARX,146.06
2024-03-04,HARX,144.83
2024-03-05,HARX,144.58
2024-03-06,HARX,147.58
2024-03-07,HARX,145.93
2024-03-08,HARX,146.6
2024-03-11,HARX,150.21
2024-03-12,HARX,153.31
2024-03-13,HARX,151.95
2024-03-14,HARX,150.23
2024-03-15,HARX,151.46
2024-03-18,HARX,153.96
2024-03-19,HARX,155.09
2024-03-20,HARX,156.64
2024-03-21,HARX,155.22
2024-03-22,HARX,156.35
2024-03-25,HARX,155.67
2024-03-26,HARX,155.36
2024-03-27,HARX,153.57
2024-03-28,HARX,151.98
2024-03-29,HARX,150.9
2024-04-01,HARX,153.13
2024-04-02,HARX,155.16
2024-04-03,HARX,155.34
2024-04-04,HARX,155.65
2024-04-05,HARX,155.41
2024-04-08,HARX,155.64
2024-04-09,HARX,153.79
2024-04-10,HARX,155.67
2024-04-11,HARX,156.5
2024-04-12,HARX,154.36
2024-04-15,HARX,153.53
2024-04-16,HARX,152.98
2024-04-17,HARX,151.77
2024-04-18,HARX,150.16
2024-04-19,HARX,149.43
2024-04-22,HARX,150.53
2024-04-23,HARX,147.53
2024-04-24,HARX,146.17
2024-04-25,HARX,146.56
2024-04-26,HARX,145.64
2024-04-29,HARX,147.16
2024-04-30,HARX,148.56
2024-05-01,HARX,149.7
2024-05-02,HARX,149.6
2024-05-03,HARX,151.21
2024-05-06,HARX,149.18
2024-05-07,HARX,146.75
2024-05-08,HARX,148.39
2024-05-09,HARX,151.41
2024-05-10,HARX,152.75
2024-05-13,HARX,154.36
2024-05-14,HARX,153.89
2024-05-15,HARX,153.56
2024-05-16,HARX,152.25
2024-05-17,HARX,152.01
2024-05-20,HARX,155.78
2024-05-21,HARX,155.86
2024-05-22,HARX,155.64
2024-05-23,HARX,155.23
2024-05-24,HARX,153.97
2024-05-27,HARX,153.69
2024-05-28,HARX,155.26
2024-05-29,HARX,152.67
2024-05-30,HARX,154.06
2024-05-31,HARX,153.99
2024-06-03,HARX,155.02
2024-06-04,HARX,151.08
2024-06-05,HARX,149.91
2024-06-06,HARX,147.38
2024-06-07,HARX,144.46
2024-06-10,HARX,142.61
2024-06-11,HARX,147.11
2024-06-12,HARX,147.67
2024-06-13,HARX,144.91
2024-06-14,HARX,143.91
2024-06-17,HARX,140.76
2024-06-18,HARX,139.98
2024-06-19,HARX,138.24
2024-06-20,HARX,137.47
2024-06-21,HARX,138.34
2024-06-24,HARX,138.49
2024-06-25,HARX,138.27
2024-06-26,HARX,137.97
2024-06-27,HARX,134.92
2024-06-28,HARX,136.45
2024-07-01,HARX,137.71
2024-07-02,HARX,137.08
2024-07-03,HARX,136.73
2024-07-04,HARX,136.51
2024-07-05,HARX,138.56
2024-07-08,HARX,138.02
2024-07-09,HARX,137.09
2024-07-10,HARX,138.13
2024-07-11,HARX,138.32
2024-07-12,HARX,137.57
2024-07-15,HARX,135.89
2024-07-16,HARX,136.67
2024-07-17,HARX,138.4
2024-07-18,HARX,141.97
2024-07-19,HARX,141.44
2024-07-22,HARX,142.52
2024-07-23,HARX,142.19
2024-07-24,HARX,142.39
2024-07-25,HARX,140.82
2024-07-26,HARX,142.22
2024-07-29,HARX,140.39
2024-07-30,HARX,139.14
2024-07-31,HARX,139.74
2024-08-01,HARX,138.71
2024-08-02,HARX,140.88
2024-08-05,HARX,137.04
2024-08-06,HARX,137.29
2024-08-07,HARX,138.31
2024-08-08,HARX,140.91
2024-08-09,HARX,141.92
2024-08-12,HARX,145.67
2024-08-13,HARX,144.4
2024-08-14,HARX,140.6
2024-08-15,HARX,141.31
2024-08-16,HARX,140.41
2024-08-19,HARX,140.68
2024-08-20,HARX,139.52
2024-08-21,HARX,139.22
2024-08-22,HARX,138.32
2024-08-23,HARX,136.5
2024-08-26,HARX,135.71
2024-08-27,HARX,138.07
2024-08-28,HARX,137.47
2024-08-29,HARX,139.07
2024-08-30,HARX,138.65
2024-09-02,HARX,139.22
2024-09-03,HARX,142.34
2024-09-04,HARX,143.47
2024-09-05,HARX,145.08
2024-09-06,HARX,146.17
2024-09-09,HARX,146.46
2024-09-10,HARX,144.03
2024-09-11,HARX,142.13
2024-09-12,HARX,142.97
2024-09-13,HARX,145.32
2024-09-16,HARX,147.36
2024-09-17,HARX,146.42
2024-09-18,HARX,149.49
2024-09-19,HARX,148.6
2024-09-20,HARX,152.36
2024-09-23,HARX,150.17
2024-09-24,HARX,150.39
2024-09-25,HARX,150.6
2024-09-26,HARX,151.39
2024-09-27,HARX,151.62
2024-09-30,HARX,154.27
2024-10-01,HARX,153.87
2024-10-02,HARX,154.16
2024-10-03,HARX,156.06
2024-10-04,HARX,159.8
2024-10-07,HARX,157.71
2024-10-08,HARX,158.03
2024-10-09,HARX,156.59
2024-10-10,HARX,157.29
2024-10-11,HARX,155.84
2024-10-14,HARX,156.44
2024-10-15,HARX,159.2
2024-10-16,HARX,157.89
2024-10-17,HARX,157.08
2024-10-18,HARX,157.07
2024-10-21,HARX,155.23
2024-10-22,HARX,156.25
2024-10-23,HARX,153.26
2024-10-24,HARX,153.39
2024-10-25,HARX,155.18
2024-10-28,HARX,158.12
2024-10-29,HARX,157.7
2024-10-30,HARX,158.96
2024-10-31,HARX,155.48
2024-11-01,HARX,153.76
2024-11-04,HARX,155.47
2024-11-05,HARX,155.23
2024-11-06,HARX,156.0
2024-11-07,HARX,153.3
2024-11-08,HARX,151.38
2024-11-11,HARX,150.75
2024-11-12,HARX,151.22
2024-11-13,HARX,155.44
2024-11-14,HARX,154.84
2024-11-15,HARX,152.69
2024-11-18,HARX,153.66
2024-11-19,HARX,153.09
2024-11-20,HARX,156.07
2024-11-21,HARX,154.9
2024-11-22,HARX,157.2
2024-11-25,HARX,155.63
2024-11-26,HARX,153.48
2024-11-27,HARX,154.43
2024-11-28,HARX,155.76
2024-11-29,HARX,154.76
2024-12-02,HARX,150.39
2024-12-03,HARX,149.91
2024-12-04,HARX,150.91
2024-12-05,HARX,151.28
2024-12-06,HARX,151.05
2024-12-09,HARX,148.65
2024-12-10,HARX,150.44
2024-12-11,HARX,147.67
2024-12-12,HARX,145.26
2024-12-13,HARX,142.41
2024-12-16,HARX,143.98
2024-12-17,HARX,144.17
2024-12-18,HARX,148.05
2024-12-19,HARX,147.24
2024-12-20,HARX,147.63
2024-12-23,HARX,146.53
2024-12-24,HARX,144.86
2024-12-25,HARX,144.67
2024-12-26,HARX,144.36
2024-12-27,HARX,141.98
2024-12-30,HARX,142.07
2024-12-31,HARX,138.83
2023-01-02,VANX,76.53
2023-01-03,VANX,76.07
2023-01-04,VANX,79.26
2023-01-05,VANX,81.94
2023-01-06,VANX,82.37
2023-01-09,VANX,83.54
2023-01-10,VANX,81.89
2023-01-11,VANX,80.03
2023-01-12,VANX,80.75
2023-01-13,VANX,83.02
2023-01-16,VANX,80.35
2023-01-17,VANX,80.56
2023-01-18,VANX,79.97
2023-01-19,VANX,77.51
2023-01-20,VANX,77.49
2023-01-23,VANX,77.52
2023-01-24,VANX,75.07
2023-01-25,VANX,74.98
2023-01-26,VANX,74.77
2023-01-27,VANX,74.92
2023-01-30,VANX,76.83
2023-01-31,VANX,74.1
2023-02-01,VANX,73.59
2023-02-02,VANX,72.9
2023-02-03,VANX,72.0
2023-02-06,VANX,72.5
2023-02-07,VANX,72.66
2023-02-08,VANX,73.5
2023-02-09,VANX,70.94
2023-02-10,VANX,69.7
2023-02-13,VANX,72.12
2023-02-14,VANX,72.3
2023-02-15,VANX,72.84
2023-02-16,VANX,73.25
2023-02-17,VANX,71.73
2023-02-20,VANX,72.24
2023-02-21,VANX,72.0
2023-02-22,VANX,70.62
2023-02-23,VANX,69.65
2023-02-24,VANX,68.19
2023-02-27,VANX,66.87
2023-02-28,VANX,70.32
2023-03-01,VANX,69.8
2023-03-02,VANX,67.65
2023-03-03,VANX,70.05
2023-03-06,VANX,68.56
2023-03-07,VANX,66.52
2023-03-08,VANX,65.76
2023-03-09,VANX,65.86
2023-03-10,VANX,66.73
2023-03-13,VANX,67.38
2023-03-14,VANX,68.08
2023-03-15,VANX,68.3
2023-03-16,VANX,66.93
2023-03-17,VANX,67.09
2023-03-20,VANX,65.23
2023-03-21,VANX,66.25
2023-03-22,VANX,67.19
2023-03-23,VANX,66.68
2023-03-24,VANX,66.71
2023-03-27,VANX,67.22
2023-03-28,VANX,67.84
2023-03-29,VANX,68.01
2023-03-30,VANX,69.78
2023-03-31,VANX,69.23
2023-04-03,VANX,70.48
2023-04-04,VANX,67.82
2023-04-05,VANX,71.1
2023-04-06,VANX,70.61
2023-04-07,VANX,69.97
2023-04-10,VANX,69.8
2023-04-11,VANX,70.7
2023-04-12,VANX,71.82
2023-04-13,VANX,71.24
2023-04-14,VANX,71.24
2023-04-17,VANX,69.71
2023-04-18,VANX,70.22
2023-04-19,VANX,71.09
2023-04-20,VANX,68.19
2023-04-21,VANX,69.67
2023-04-24,VANX,70.14
2023-04-25,VANX,72.46
2023-04-26,VANX,71.16
2023-04-27,VANX,72.03
2023-04-28,VANX,72.09
2023-05-01,VANX,71.8
2023-05-02,VANX,73.68
2023-05-03,VANX,72.22
2023-05-04,VANX,75.39
2023-05-05,VANX,76.62
2023-05-08,VANX,74.52
2023-05-09,VANX,75.63
2023-05-10,VANX,76.92
2023-05-11,VANX,80.73
2023-05-12,VANX,81.31
2023-05-15,VANX,84.04
2023-05-16,VANX,83.83
2023-05-17,VANX,85.05
2023-05-18,VANX,82.6
2023-05-19,VANX,82.29
2023-05-22,VANX,83.34
2023-05-23,VANX,85.06
2023-05-24,VANX,85.86
2023-05-25,VANX,85.84
2023-05-26,VANX,81.76
2023-05-29,VANX,79.66
2023-05-30,VANX,81.14
2023-05-31,VANX,83.2
2023-06-01,VANX,84.64
2023-06-02,VANX,87.66
2023-06-05,VANX,90.36
2023-06-06,VANX,93.55
2023-06-07,VANX,90.28
2023-06-08,VANX,91.23
2023-06-09,VANX,92.28
2023-06-12,VANX,92.15
2023-06-13,VANX,94.72
2023-06-14,VANX,96.71
2023-06-15,VANX,95.23
2023-06-16,VANX,95.07
2023-06-19,VANX,95.18
2023-06-20,VANX,97.81
2023-06-21,VANX,98.84
2023-06-22,VANX,98.57
2023-06-23,VANX,101.0
2023-06-26,VANX,101.76
2023-06-27,VANX,98.22
2023-06-28,VANX,95.73
2023-06-29,VANX,96.06
2023-06-30,VANX,97.97
2023-07-03,VANX,100.45
2023-07-04,VANX,97.88
2023-07-05,VANX,96.37
2023-07-06,VANX,100.04
2023-07-07,VANX,99.7
2023-07-10,VANX,100.09
2023-07-11,VANX,100.83
2023-07-12,VANX,101.86
2023-07-13,VANX,103.16
2023-07-14,VANX,102.4
2023-07-17,VANX,101.4
2023-07-18,VANX,101.76
2023-07-19,VANX,101.27
2023-07-20,VANX,98.68
2023-07-21,VANX,99.92
2023-07-24,VANX,101.1
2023-07-25,VANX,102.71
2023-07-26,VANX,103.79
2023-07-27,VANX,103.4
2023-07-28,VANX,103.72
2023-07-31,VANX,102.38
2023-08-01,VANX,104.09
2023-08-02,VANX,106.07
2023-08-03,VANX,105.88
2023-08-04,VANX,105.81
2023-08-07,VANX,106.74
2023-08-08,VANX,106.98
2023-08-09,VANX,108.59
2023-08-10,VANX,103.59
2023-08-11,VANX,103.02
2023-08-14,VANX,102.52
2023-08-15,VANX,101.49
2023-08-16,VANX,101.89
2023-08-17,VANX,101.54
2023-08-18,VANX,101.98
2023-08-21,VANX,100.78
2023-08-22,VANX,99.0
2023-08-23,VANX,99.79
2023-08-24,VANX,98.38
2023-08-25,VANX,98.31
2023-08-28,VANX,95.09
2023-08-29,VANX,96.76
2023-08-30,VANX,99.68
2023-08-31,VANX,101.19
2023-09-01,VANX,101.3
2023-09-04,VANX,104.89
2023-09-05,VANX,104.45
2023-09-06,VANX,105.48
2023-09-07,VANX,101.37
2023-09-08,VANX,101.23
2023-09-11,VANX,101.02
2023-09-12,VANX,98.36
2023-09-13,VANX,96.79
2023-09-14,VANX,99.57
2023-09-15,VANX,98.45
2023-09-18,VANX,99.98
2023-09-19,VANX,97.02
2023-09-20,VANX,96.16
2023-09-21,VANX,95.38
2023-09-22,VANX,94.96
2023-09-25,VANX,95.65
2023-09-26,VANX,97.48
2023-09-27,VANX,98.51
2023-09-28,VANX,103.44
2023-09-29,VANX,104.28
2023-10-02,VANX,105.2
2023-10-03,VANX,103.61
2023-10-04,VANX,104.57
2023-10-05,VANX,104.85
2023-10-06,VANX,107.26
2023-10-09,VANX,106.63
2023-10-10,VANX,107.54
2023-10-11,VANX,105.23
2023-10-12,VANX,104.7
2023-10-13,VANX,107.38
2023-10-16,VANX,105.33
2023-10-17,VANX,105.67
2023-10-18,VANX,105.26
2023-10-19,VANX,104.4
2023-10-20,VANX,106.4
2023-10-23,VANX,105.17
2023-10-24,VANX,108.49
2023-10-25,VANX,109.05
2023-10-26,VANX,114.68
2023-10-27,VANX,113.88
2023-10-30,VANX,112.87
2023-10-31,VANX,116.91
2023-11-01,VANX,119.13
2023-11-02,VANX,119.82
2023-11-03,VANX,123.41
2023-11-06,VANX,121.87
2023-11-07,VANX,119.05
2023-11-08,VANX,116.85
2023-11-09,VANX,116.18
2023-11-10,VANX,117.66
2023-11-13,VANX,117.04
2023-11-14,VANX,122.37
2023-11-15,VANX,123.41
2023-11-16,VANX,129.43
2023-11-17,VANX,130.98
2023-11-20,VANX,134.66
2023-11-21,VANX,136.83
2023-11-22,VANX,140.59
2023-11-23,VANX,140.94
2023-11-27,VANX,141.96
2023-11-28,VANX,143.85
2023-11-29,VANX,141.9
2023-11-30,VANX,141.75
2023-12-01,VANX,140.21
2023-12-04,VANX,141.41
2023-12-05,VANX,138.04
2023-12-06,VANX,137.78
2023-12-07,VANX,138.81
2023-12-08,VANX,139.8
2023-12-11,VANX,144.8
2023-12-12,VANX,143.4
2023-12-13,VANX,140.01
2023-12-14,VANX,136.59
2023-12-15,VANX,140.54
2023-12-18,VANX,138.86
2023-12-19,VANX,139.56
2023-12-20,VANX,135.45
2023-12-21,VANX,133.1
2023-12-22,VANX,135.2
2023-12-25,VANX,141.52
2023-12-26,VANX,141.15
2023-12-27,VANX,138.33
2023-12-28,VANX,137.53
2023-12-29,VANX,143.16
2024-01-01,VANX,145.14
2024-01-02,VANX,141.1
2024-01-03,VANX,140.8
2024-01-04,VANX,145.01
2024-01-05,VANX,148.06
2024-01-08,VANX,152.89
2024-01-09,VANX,156.36
2024-01-10,VANX,153.79
2024-01-11,VANX,152.94
2024-01-12,VANX,153.46
2024-01-15,VANX,146.15
2024-01-16,VANX,147.03
2024-01-17,VANX,149.11
2024-01-18,VANX,147.58
2024-01-19,VANX,149.53
2024-01-22,VANX,152.05
2024-01-23,VANX,152.61
2024-01-24,VANX,152.69
2024-01-25,VANX,156.58
2024-01-26,VANX,155.15
2024-01-29,VANX,155.93
2024-01-30,VANX,159.94
2024-01-31,VANX,164.77
2024-02-01,VANX,163.82
2024-02-02,VANX,160.23
2024-02-05,VANX,164.17
2024-02-06,VANX,162.12
2024-02-07,VANX,163.07
2024-02-08,VANX,155.16
2024-02-09,VANX,157.53
2024-02-12,VANX,160.44
2024-02-13,VANX,160.33
2024-02-14,VANX,163.09
2024-02-15,VANX,166.92
2024-02-16,VANX,164.68
2024-02-19,VANX,166.88
2024-02-20,VANX,166.3
2024-02-21,VANX,165.89
2024-02-22,VANX,167.75
2024-02-23,VANX,171.66
2024-02-26,VANX,170.5
2024-02-27,VANX,167.67
2024-02-28,VANX,160.9
2024-02-29,VANX,163.75
2024-03-01,VANX,163.4
2024-03-04,VANX,164.67
2024-03-05,VANX,163.81
2024-03-06,VANX,164.4
2024-03-07,VANX,165.42
2024-03-08,VANX,168.95
2024-03-11,VANX,171.13
2024-03-12,VANX,176.31
2024-03-13,VANX,177.4
2024-03-14,VANX,179.23
2024-03-15,VANX,179.16
2024-03-18,VANX,176.45
2024-03-19,VANX,177.92
2024-03-20,VANX,177.65
2024-03-21,VANX,181.86
2024-03-22,VANX,176.81
2024-03-25,VANX,179.29
2024-03-26,VANX,185.19
2024-03-27,VANX,180.43
2024-03-28,VANX,179.14
2024-03-29,VANX,170.4
2024-04-01,VANX,172.63
2024-04-02,VANX,175.49
2024-04-03,VANX,173.69
2024-04-04,VANX,179.6
2024-04-05,VANX,179.51
2024-04-08,VANX,179.96
2024-04-09,VANX,178.45
2024-04-10,VANX,176.94
2024-04-11,VANX,178.49
2024-04-12,VANX,180.57
2024-04-15,VANX,177.19
2024-04-16,VANX,177.49
2024-04-17,VANX,177.83
2024-04-18,VANX,172.37
2024-04-19,VANX,175.58
2024-04-22,VANX,174.72
2024-04-23,VANX,177.76
2024-04-24,VANX,173.59
2024-04-25,VANX,172.65
2024-04-26,VANX,169.64
2024-04-29,VANX,177.68
2024-04-30,VANX,176.93
2024-05-01,VANX,183.54
2024-05-02,VANX,183.56
2024-05-03,VANX,183.07
2024-05-06,VANX,187.96
2024-05-07,VANX,185.64
2024-05-08,VANX,181.84
2024-05-09,VANX,190.99
2024-05-10,VANX,193.32
2024-05-13,VANX,189.26
2024-05-14,VANX,189.35
2024-05-15,VANX,190.12
2024-05-16,VANX,197.35
2024-05-17,VANX,196.1
2024-05-20,VANX,199.82
2024-05-21,VANX,200.98
2024-05-22,VANX,202.6
2024-05-23,VANX,200.06
2024-05-24,VANX,201.36
2024-05-27,VANX,198.39
2024-05-28,VANX,202.33
2024-05-29,VANX,200.81
2024-05-30,VANX,198.36
2024-05-31,VANX,198.66
2024-06-03,VANX,197.06
2024-06-04,VANX,198.74
2024-06-05,VANX,203.32
2024-06-06,VANX,209.12
2024-06-07,VANX,209.34
2024-06-10,VANX,206.39
2024-06-11,VANX,200.37
2024-06-12,VANX,202.58
2024-06-13,VANX,196.96
2024-06-14,VANX,198.54
2024-06-17,VANX,194.26
2024-06-18,VANX,194.84
2024-06-19,VANX,194.43
2024-06-20,VANX,196.86
2024-06-21,VANX,196.87
2024-06-24,VANX,194.96
2024-06-25,VANX,200.05
2024-06-26,VANX,203.09
2024-06-27,VANX,210.23
2024-06-28,VANX,207.91
2024-07-01,VANX,214.03
2024-07-02,VANX,218.6
2024-07-03,VANX,217.13
2024-07-04,VANX,220.05
2024-07-05,VANX,217.25
2024-07-08,VANX,223.23
2024-07-09,VANX,225.85
2024-07-10,VANX,228.78
2024-07-11,VANX,223.61
2024-07-12,VANX,226.6
2024-07-15,VANX,228.56
2024-07-16,VANX,232.96
2024-07-17,VANX,230.67
2024-07-18,VANX,228.15
2024-07-19,VANX,221.66
2024-07-22,VANX,219.3
2024-07-23,VANX,215.94
2024-07-24,VANX,213.32
2024-07-25,VANX,210.54
2024-07-26,VANX,216.25
2024-07-29,VANX,214.1
2024-07-30,VANX,218.78
2024-07-31,VANX,220.45
2024-08-01,VANX,223.91
2024-08-02,VANX,219.09
2024-08-05,VANX,218.85
2024-08-06,VANX,219.4
2024-08-07,VANX,216.82
2024-08-08,VANX,218.05
2024-08-09,VANX,227.37
2024-08-12,VANX,228.88
2024-08-13,VANX,231.74
2024-08-14,VANX,227.35
2024-08-15,VANX,220.39
2024-08-16,VANX,221.93
2024-08-19,VANX,223.92
2024-08-20,VANX,223.38
2024-08-21,VANX,227.96
2024-08-22,VANX,231.91
2024-08-23,VANX,237.2
2024-08-26,VANX,233.18
2024-08-27,VANX,236.65
2024-08-28,VANX,236.53
2024-08-29,VANX,237.97
2024-08-30,VANX,241.97
2024-09-02,VANX,234.17
2024-09-03,VANX,238.58
2024-09-04,VANX,240.41
2024-09-05,VANX,235.12
2024-09-06,VANX,232.51
2024-09-09,VANX,235.68
2024-09-10,VANX,242.23
2024-09-11,VANX,242.98
2024-09-12,VANX,243.86
2024-09-13,VANX,241.65
2024-09-16,VANX,246.23
2024-09-17,VANX,253.73
2024-09-18,VANX,260.36
2024-09-19,VANX,260.24
2024-09-20,VANX,262.56
2024-09-23,VANX,259.57
2024-09-24,VANX,262.05
2024-09-25,VANX,255.12
2024-09-26,VANX,253.94
2024-09-27,VANX,250.75
2024-09-30,VANX,245.73
2024-10-01,VANX,251.64
2024-10-02,VANX,248.42
2024-10-03,VANX,255.43
2024-10-04,VANX,257.7
2024-10-07,VANX,253.55
2024-10-08,VANX,254.62
2024-10-09,VANX,259.23
2024-10-10,VANX,254.44
2024-10-11,VANX,248.02
2024-10-14,VANX,252.38
2024-10-15,VANX,246.5
2024-10-16,VANX,250.7
2024-10-17,VANX,246.22
2024-10-18,VANX,243.09
2024-10-21,VANX,243.17
2024-10-22,VANX,242.87
2024-10-23,VANX,236.83
2024-10-24,VANX,235.67
2024-10-25,VANX,238.73
2024-10-28,VANX,243.48
2024-10-29,VANX,245.88
2024-10-30,VANX,241.66
2024-10-31,VANX,240.41
2024-11-01,VANX,240.76
2024-11-04,VANX,247.62
2024-11-05,VANX,248.41
2024-11-06,VANX,254.43
2024-11-07,VANX,258.79
2024-11-08,VANX,249.86
2024-11-11,VANX,249.11
2024-11-12,VANX,264.14
2024-11-13,VANX,259.8
2024-11-14,VANX,257.33
2024-11-15,VANX,257.57
2024-11-18,VANX,262.11
2024-11-19,VANX,267.02
2024-11-20,VANX,271.23
2024-11-21,VANX,262.14
2024-11-22,VANX,262.71
2024-11-25,VANX,263.41
2024-11-26,VANX,257.78
2024-11-27,VANX,263.29
2024-11-28,VANX,271.48
2024-11-29,VANX,273.8
2024-12-02,VANX,268.66
2024-12-03,VANX,273.88
2024-12-04,VANX,281.48
2024-12-05,VANX,290.74
2024-12-06,VANX,290.37
2024-12-09,VANX,293.78
2024-12-10,VANX,297.99
2024-12-11,VANX,301.19
2024-12-12,VANX,311.53
2024-12-13,VANX,315.08
2024-12-16,VANX,305.92
2024-12-17,VANX,306.21
2024-12-18,VANX,299.79
2024-12-19,VANX,295.15
2024-12-20,VANX,295.72
2024-12-23,VANX,298.26
2024-12-24,VANX,304.02
2024-12-25,VANX,299.13
2024-12-26,VANX,299.2
2024-12-27,VANX,306.27
2024-12-30,VANX,308.73
2024-12-31,VANX,303.3
2023-01-02,REDX,225.51
2023-01-03,REDX,228.79
2023-01-04,REDX,225.86
2023-01-05,REDX,227.51
2023-01-06,REDX,225.35
2023-01-09,REDX,227.41
2023-01-10,REDX,228.92
2023-01-11,REDX,226.31
2023-01-12,REDX,230.64
2023-01-13,REDX,229.69
2023-01-16,REDX,227.2
2023-01-17,REDX,225.32
2023-01-18,REDX,228.38
2023-01-19,REDX,223.18
2023-01-20,REDX,226.48
2023-01-23,REDX,227.12
2023-01-24,REDX,221.91
2023-01-25,REDX,225.92
2023-01-26,REDX,227.34
2023-01-27,REDX,219.83
2023-01-30,REDX,224.95
2023-01-31,REDX,225.78
2023-02-01,REDX,220.1
2023-02-02,REDX,220.99
2023-02-03,REDX,217.06
2023-02-06,REDX,224.34
2023-02-07,REDX,227.16
2023-02-08,REDX,227.3
2023-02-09,REDX,220.45
2023-02-10,REDX,222.58
2023-02-13,REDX,218.65
2023-02-14,REDX,218.65
2023-02-15,REDX,224.49
2023-02-16,REDX,227.63
2023-02-17,REDX,225.17
2023-02-20,REDX,224.74
2023-02-21,REDX,217.95
2023-02-22,REDX,222.56
2023-02-23,REDX,225.05
2023-02-24,REDX,226.03
2023-02-27,REDX,231.92
2023-02-28,REDX,236.5
2023-03-01,REDX,233.4
2023-03-02,REDX,229.12
2023-03-03,REDX,231.19
2023-03-06,REDX,232.85
2023-03-07,REDX,236.06
2023-03-08,REDX,233.09
2023-03-09,REDX,228.36
2023-03-10,REDX,231.53
2023-03-13,REDX,235.26
2023-03-14,REDX,238.15
2023-03-15,REDX,239.94
2023-03-16,REDX,237.64
2023-03-17,REDX,227.6
2023-03-20,REDX,233.41
2023-03-21,REDX,243.78
2023-03-22,REDX,251.2
2023-03-23,REDX,250.12
2023-03-24,REDX,259.14
2023-03-27,REDX,262.84
2023-03-28,REDX,258.73
2023-03-29,REDX,266.71
2023-03-30,REDX,262.27
2023-03-31,REDX,253.95
2023-04-03,REDX,256.8
2023-04-04,REDX,260.63
2023-04-05,REDX,259.11
2023-04-06,REDX,260.73
2023-04-07,REDX,257.95
2023-04-10,REDX,258.34
2023-04-11,REDX,260.74
2023-04-12,REDX,259.75
2023-04-13,REDX,265.09
2023-04-14,REDX,268.72
2023-04-17,REDX,268.82
2023-04-18,REDX,268.99
2023-04-19,REDX,264.36
2023-04-20,REDX,259.09
2023-04-21,REDX,254.48
2023-04-24,REDX,253.37
2023-04-25,REDX,250.09
2023-04-26,REDX,245.53
2023-04-27,REDX,231.57
2023-04-28,REDX,239.69
2023-05-01,REDX,244.79
2023-05-02,REDX,243.93
2023-05-03,REDX,245.12
2023-05-04,REDX,242.89
2023-05-05,REDX,243.92
2023-05-08,REDX,240.56
2023-05-09,REDX,243.11
2023-05-10,REDX,239.31
2023-05-11,REDX,238.01
2023-05-12,REDX,237.29
2023-05-15,REDX,244.88
2023-05-16,REDX,243.91
2023-05-17,REDX,238.37
2023-05-18,REDX,246.02
2023-05-19,REDX,246.15
2023-05-22,REDX,246.71
2023-05-23,REDX,245.87
2023-05-24,REDX,245.37
2023-05-25,REDX,243.19
2023-05-26,REDX,240.84
2023-05-29,REDX,239.25
2023-05-30,REDX,241.09
2023-05-31,REDX,230.01
2023-06-01,REDX,233.38
2023-06-02,REDX,234.07
2023-06-05,REDX,235.57
2023-06-06,REDX,245.2
2023-06-07,REDX,245.33
2023-06-08,REDX,245.84
2023-06-09,REDX,254.22
2023-06-12,REDX,256.47
2023-06-13,REDX,249.01
2023-06-14,REDX,259.78
2023-06-15,REDX,260.44
2023-06-16,REDX,264.95
2023-06-19,REDX,267.88
2023-06-20,REDX,265.63
2023-06-21,REDX,259.41
2023-06-22,REDX,257.24
2023-06-23,REDX,260.21
2023-06-26,REDX,268.37
2023-06-27,REDX,271.4
2023-06-28,REDX,267.13
2023-06-29,REDX,273.53
2023-06-30,REDX,273.82
2023-07-03,REDX,266.4
2023-07-04,REDX,264.61
2023-07-05,REDX,266.66
2023-07-06,REDX,258.27
2023-07-07,REDX,266.39
2023-07-10,REDX,269.55
2023-07-11,REDX,275.54
2023-07-12,REDX,271.51
2023-07-13,REDX,274.38
2023-07-14,REDX,277.04
2023-07-17,REDX,272.45
2023-07-18,REDX,272.97
2023-07-19,REDX,277.29
2023-07-20,REDX,274.34
2023-07-21,REDX,269.98
2023-07-24,REDX,264.74
2023-07-25,REDX,267.04
2023-07-26,REDX,266.82
2023-07-27,REDX,270.12
2023-07-28,REDX,271.84
2023-07-31,REDX,261.56
2023-08-01,REDX,268.65
2023-08-02,REDX,265.41
2023-08-03,REDX,272.33
2023-08-04,REDX,272.29
2023-08-07,REDX,274.73
2023-08-08,REDX,279.04
2023-08-09,REDX,275.41
2023-08-10,REDX,282.23
2023-08-11,REDX,283.39
2023-08-14,REDX,279.13
2023-08-15,REDX,278.24
2023-08-16,REDX,281.27
2023-08-17,REDX,289.19
2023-08-18,REDX,292.52
2023-08-21,REDX,288.42
2023-08-22,REDX,287.83
2023-08-23,REDX,284.81
2023-08-24,REDX,285.61
2023-08-25,REDX,296.17
2023-08-28,REDX,301.69
2023-08-29,REDX,298.45
2023-08-30,REDX,303.96
2023-08-31,REDX,303.01
2023-09-01,REDX,304.47
2023-09-04,REDX,306.6
2023-09-05,REDX,306.29
2023-09-06,REDX,316.88
2023-09-07,REDX,318.96
2023-09-08,REDX,310.97
2023-09-11,REDX,308.51
2023-09-12,REDX,315.56
2023-09-13,REDX,307.9
2023-09-14,REDX,299.52
2023-09-15,REDX,299.85
2023-09-18,REDX,303.36
2023-09-19,REDX,299.97
2023-09-20,REDX,304.29
2023-09-21,REDX,299.25
2023-09-22,REDX,306.99
2023-09-25,REDX,305.05
2023-09-26,REDX,317.13
2023-09-27,REDX,319.26
2023-09-28,REDX,309.4
2023-09-29,REDX,293.86
2023-10-02,REDX,289.91
2023-10-03,REDX,290.72
2023-10-04,REDX,287.79
2023-10-05,REDX,282.17
2023-10-06,REDX,281.88
2023-10-09,REDX,284.15
2023-10-10,REDX,288.23
2023-10-11,REDX,294.66
2023-10-12,REDX,288.04
2023-10-13,REDX,289.63
2023-10-16,REDX,292.5
2023-10-17,REDX,292.7
2023-10-18,REDX,285.69
2023-10-19,REDX,290.84
2023-10-20,REDX,288.51
2023-10-23,REDX,281.8
2023-10-24,REDX,284.03
2023-10-25,REDX,289.82
2023-10-26,REDX,284.3
2023-10-27,REDX,285.39
2023-10-30,REDX,281.38
2023-10-31,REDX,274.81
2023-11-01,REDX,271.62
2023-11-02,REDX,268.65
2023-11-03,REDX,264.33
2023-11-06,REDX,267.74
2023-11-07,REDX,271.63
2023-11-08,REDX,266.09
2023-11-09,REDX,274.3
2023-11-10,REDX,274.96
2023-11-13,REDX,276.81
2023-11-14,REDX,280.65
2023-11-15,REDX,281.1
2023-11-16,REDX,284.39
2023-11-17,REDX,286.34
2023-11-20,REDX,284.14
2023-11-21,REDX,282.12
2023-11-22,REDX,288.35
2023-11-23,REDX,292.22
2023-11-24,REDX,306.22
2023-11-27,REDX,310.66
2023-11-28,REDX,308.99
2023-11-29,REDX,309.12
2023-11-30,REDX,317.92
2023-12-01,REDX,313.17
2023-12-04,REDX,325.26
2023-12-05,REDX,323.31
2023-12-06,REDX,308.66
2023-12-07,REDX,306.37
2023-12-08,REDX,306.85
2023-12-11,REDX,310.47
2023-12-12,REDX,314.51
2023-12-13,REDX,306.57
2023-12-14,REDX,309.84
2023-12-15,REDX,321.41
2023-12-18,REDX,335.98
2023-12-19,REDX,337.15
2023-12-20,REDX,342.95
2023-12-21,REDX,346.85
2023-12-22,REDX,351.89
2023-12-25,REDX,355.55
2023-12-26,REDX,359.46
2023-12-27,REDX,357.1
2023-12-28,REDX,363.73
2023-12-29,REDX,358.45
2024-01-01,REDX,359.96
2024-01-02,REDX,359.08
2024-01-03,REDX,359.02
2024-01-04,REDX,364.78
2024-01-05,REDX,363.48
2024-01-08,REDX,370.8
2024-01-09,REDX,366.17
2024-01-10,REDX,373.31
2024-01-11,REDX,377.62
2024-01-12,REDX,370.28
2024-01-15,REDX,368.86
2024-01-16,REDX,373.16
2024-01-17,REDX,374.33
2024-01-18,REDX,380.41
2024-01-19,REDX,375.21
2024-01-22,REDX,375.31
2024-01-23,REDX,377.74
2024-01-24,REDX,369.46
2024-01-25,REDX,347.11
2024-01-26,REDX,337.18
2024-01-29,REDX,338.05
2024-01-30,REDX,331.81
2024-01-31,REDX,337.16
2024-02-01,REDX,343.47
2024-02-02,REDX,347.18
2024-02-05,REDX,354.33
2024-02-06,REDX,343.36
2024-02-07,REDX,328.19
2024-02-08,REDX,322.41
2024-02-09,REDX,322.36
2024-02-12,REDX,325.97
2024-02-13,REDX,324.59
2024-02-14,REDX,320.94
2024-02-15,REDX,328.4
2024-02-16,REDX,324.48
2024-02-19,REDX,322.29
2024-02-20,REDX,317.5
2024-02-21,REDX,319.79
2024-02-22,REDX,319.36
2024-02-23,REDX,314.2
2024-02-26,REDX,309.35
2024-02-27,REDX,308.65
2024-02-28,REDX,303.35
2024-02-29,REDX,308.52
2024-03-01,REDX,316.09
2024-03-04,REDX,306.2
2024-03-05,REDX,297.43
2024-03-06,REDX,299.19
2024-03-07,REDX,289.22
2024-03-08,REDX,285.85
2024-03-11,REDX,279.65
2024-03-12,REDX,270.21
2024-03-13,REDX,263.08
2024-03-14,REDX,262.3
2024-03-15,REDX,251.24
2024-03-18,REDX,254.46
2024-03-19,REDX,260.38
2024-03-20,REDX,260.79
2024-03-21,REDX,255.11
2024-03-22,REDX,247.48
2024-03-25,REDX,247.9
2024-03-26,REDX,252.81
2024-03-27,REDX,255.64
2024-03-28,REDX,253.52
2024-03-29,REDX,248.3
2024-04-01,REDX,250.89
2024-04-02,REDX,246.46
2024-04-03,REDX,240.88
2024-04-04,REDX,237.9
2024-04-05,REDX,228.71
2024-04-08,REDX,229.85
2024-04-09,REDX,232.43
2024-04-10,REDX,237.89
2024-04-11,REDX,234.38
2024-04-12,REDX,235.03
2024-04-15,REDX,230.07
2024-04-16,REDX,231.56
2024-04-17,REDX,238.96
2024-04-18,REDX,243.95
2024-04-19,REDX,245.48
2024-04-22,REDX,242.53
2024-04-23,REDX,250.62
2024-04-24,REDX,254.49
2024-04-25,REDX,250.19
2024-04-26,REDX,249.96
2024-04-29,REDX,245.75
2024-04-30,REDX,252.76
2024-05-01,REDX,253.75
2024-05-02,REDX,257.31
2024-05-03,REDX,250.54
2024-05-06,REDX,242.87
2024-05-07,REDX,239.87
2024-05-08,REDX,233.79
2024-05-09,REDX,237.99
2024-05-10,REDX,238.61
2024-05-13,REDX,240.11
2024-05-14,REDX,229.6
2024-05-15,REDX,224.25
2024-05-16,REDX,227.07
2024-05-17,REDX,234.53
2024-05-20,REDX,228.25
2024-05-21,REDX,227.89
2024-05-22,REDX,225.35
2024-05-23,REDX,224.75
2024-05-24,REDX,221.41
2024-05-27,REDX,210.76
2024-05-28,REDX,210.93
2024-05-29,REDX,212.69
2024-05-30,REDX,205.2
2024-05-31,REDX,203.63
2024-06-03,REDX,200.91
2024-06-04,REDX,202.71
2024-06-05,REDX,197.68
2024-06-06,REDX,194.5
2024-06-07,REDX,200.01
2024-06-10,REDX,203.46
2024-06-11,REDX,208.78
2024-06-12,REDX,208.41
2024-06-13,REDX,209.27
2024-06-14,REDX,203.77
2024-06-17,REDX,201.94
2024-06-18,REDX,203.61
2024-06-19,REDX,203.37
2024-06-20,REDX,203.45
2024-06-21,REDX,211.32
2024-06-24,REDX,224.65
2024-06-25,REDX,224.48
2024-06-26,REDX,220.96
2024-06-27,REDX,218.52
2024-06-28,REDX,211.52
2024-07-01,REDX,217.36
2024-07-02,REDX,220.43
2024-07-03,REDX,220.71
2024-07-04,REDX,220.35
2024-07-05,REDX,219.94
2024-07-08,REDX,222.92
2024-07-09,REDX,214.42
2024-07-10,REDX,212.98
2024-07-11,REDX,217.73
2024-07-12,REDX,221.41
2024-07-15,REDX,226.92
2024-07-16,REDX,223.84
2024-07-17,REDX,224.03
2024-07-18,REDX,224.14
2024-07-19,REDX,225.22
2024-07-22,REDX,226.17
2024-07-23,REDX,225.28
2024-07-24,REDX,224.33
2024-07-25,REDX,218.93
2024-07-26,REDX,218.48
2024-07-29,REDX,219.98
2024-07-30,REDX,219.59
2024-07-31,REDX,224.77
2024-08-01,REDX,233.82
2024-08-02,REDX,234.91
2024-08-05,REDX,226.36
2024-08-06,REDX,232.43
2024-08-07,REDX,230.24
2024-08-08,REDX,224.37
2024-08-09,REDX,224.08
2024-08-12,REDX,221.01
2024-08-13,REDX,217.27
2024-08-14,REDX,212.98
2024-08-15,REDX,211.9
2024-08-16,REDX,204.85
2024-08-19,REDX,199.91
2024-08-20,REDX,196.09
2024-08-21,REDX,196.74
2024-08-22,REDX,197.2
2024-08-23,REDX,197.71
2024-08-26,REDX,193.15
2024-08-27,REDX,188.05
2024-08-28,REDX,184.52
2024-08-29,REDX,177.98
2024-08-30,REDX,179.08
2024-09-02,REDX,175.86
2024-09-03,REDX,173.77
2024-09-04,REDX,177.29
2024-09-05,REDX,179.43
2024-09-06,REDX,179.5
2024-09-09,REDX,176.82
2024-09-10,REDX,172.54
2024-09-11,REDX,170.13
2024-09-12,REDX,172.53
2024-09-13,REDX,180.0
2024-09-16,REDX,176.08
2024-09-17,REDX,179.14
2024-09-18,REDX,186.06
2024-09-19,REDX,188.32
2024-09-20,REDX,183.11
2024-09-23,REDX,183.11
2024-09-24,REDX,182.96
2024-09-25,REDX,181.61
2024-09-26,REDX,182.93
2024-09-27,REDX,186.12
2024-09-30,REDX,186.99
2024-10-01,REDX,185.51
2024-10-02,REDX,185.49
2024-10-03,REDX,179.73
2024-10-04,REDX,185.86
2024-10-07,REDX,190.58
2024-10-08,REDX,185.65
2024-10-09,REDX,183.61
2024-10-10,REDX,183.48
2024-10-11,REDX,179.49
2024-10-14,REDX,180.7
2024-10-15,REDX,179.84
2024-10-16,REDX,176.35
2024-10-17,REDX,176.46
2024-10-18,REDX,177.4
2024-10-21,REDX,178.84
2024-10-22,REDX,169.77
2024-10-23,REDX,172.75
2024-10-24,REDX,175.94
2024-10-25,REDX,181.98
2024-10-28,REDX,178.07
2024-10-29,REDX,180.59
2024-10-30,REDX,181.42
2024-10-31,REDX,183.23
2024-11-01,REDX,186.37
2024-11-04,REDX,185.15
2024-11-05,REDX,185.83
2024-11-06,REDX,183.88
2024-11-07,REDX,182.76
2024-11-08,REDX,190.45
2024-11-11,REDX,189.7
2024-11-12,REDX,194.3
2024-11-13,REDX,201.17
2024-11-14,REDX,198.57
2024-11-15,REDX,197.77
2024-11-18,REDX,200.32
2024-11-19,REDX,197.37
2024-11-20,REDX,195.01
2024-11-21,REDX,195.74
2024-11-22,REDX,194.83
2024-11-25,REDX,197.52
2024-11-26,REDX,204.07
2024-11-27,REDX,201.74
2024-11-28,REDX,203.88
2024-11-29,REDX,205.36
2024-12-02,REDX,205.51
2024-12-03,REDX,203.83
2024-12-04,REDX,212.08
2024-12-05,REDX,213.68
2024-12-06,REDX,220.01
2024-12-09,REDX,219.13
2024-12-10,REDX,213.9
2024-12-11,REDX,209.29
2024-12-12,REDX,208.95
2024-12-13,REDX,202.99
2024-12-16,REDX,202.38
2024-12-17,REDX,197.36
2024-12-18,REDX,199.34
2024-12-19,REDX,206.08
2024-12-20,REDX,202.78
2024-12-23,REDX,199.07
2024-12-24,REDX,193.7
2024-12-25,REDX,192.34
2024-12-26,REDX,195.84
2024-12-27,REDX,201.45
2024-12-30,REDX,204.36
2024-12-31,REDX,202.43
2023-01-02,ZENX,32.79
2023-01-03,ZENX,32.26
2023-01-04,ZENX,32.02
2023-01-05,ZENX,32.23
2023-01-06,ZENX,31.57
2023-01-09,ZENX,30.69
2023-01-10,ZENX,31.3
2023-01-11,ZENX,31.48
2023-01-12,ZENX,30.4
2023-01-13,ZENX,30.85
2023-01-16,ZENX,30.81
2023-01-17,ZENX,31.41
2023-01-18,ZENX,31.77
2023-01-19,ZENX,31.29
2023-01-20,ZENX,31.45
2023-01-23,ZENX,30.24
2023-01-24,ZENX,29.68
2023-01-25,ZENX,30.24
2023-01-26,ZENX,29.9
2023-01-27,ZENX,30.25
2023-01-30,ZENX,30.26
2023-01-31,ZENX,30.46
2023-02-01,ZENX,30.65
2023-02-02,ZENX,30.89
2023-02-03,ZENX,31.54
2023-02-06,ZENX,32.11
2023-02-07,ZENX,32.15
2023-02-08,ZENX,33.51
2023-02-09,ZENX,34.21
2023-02-10,ZENX,34.8
2023-02-13,ZENX,35.16
2023-02-14,ZENX,35.45
2023-02-15,ZENX,35.84
2023-02-16,ZENX,35.66
2023-02-17,ZENX,35.54
2023-02-20,ZENX,35.58
2023-02-21,ZENX,35.73
2023-02-22,ZENX,35.22
2023-02-23,ZENX,36.97
2023-02-24,ZENX,36.96
2023-02-27,ZENX,36.96
2023-02-28,ZENX,35.61
2023-03-01,ZENX,36.08
2023-03-02,ZENX,36.33
2023-03-03,ZENX,37.95
2023-03-06,ZENX,37.71
2023-03-07,ZENX,37.1
2023-03-08,ZENX,36.32
2023-03-09,ZENX,35.7
2023-03-10,ZENX,35.28
2023-03-13,ZENX,34.3
2023-03-14,ZENX,33.84
2023-03-15,ZENX,32.59
2023-03-16,ZENX,32.36
2023-03-17,ZENX,32.68
2023-03-20,ZENX,33.58
2023-03-21,ZENX,33.79
2023-03-22,ZENX,34.27
2023-03-23,ZENX,34.27
2023-03-24,ZENX,34.44
2023-03-27,ZENX,34.0
2023-03-28,ZENX,33.85
2023-03-29,ZENX,33.14
2023-03-30,ZENX,32.56
2023-03-31,ZENX,31.58
2023-04-03,ZENX,31.42
2023-04-04,ZENX,31.45
2023-04-05,ZENX,31.48
2023-04-06,ZENX,31.41
2023-04-07,ZENX,31.7
2023-04-10,ZENX,31.96
2023-04-11,ZENX,31.27
2023-04-12,ZENX,30.75
2023-04-13,ZENX,30.79
2023-04-14,ZENX,30.69
2023-04-17,ZENX,30.78
2023-04-18,ZENX,29.97
2023-04-19,ZENX,28.95
2023-04-20,ZENX,28.86
2023-04-21,ZENX,29.45
2023-04-24,ZENX,29.25
2023-04-25,ZENX,28.72
2023-04-26,ZENX,28.91
2023-04-27,ZENX,28.59
2023-04-28,ZENX,28.34
2023-05-01,ZENX,28.09
2023-05-02,ZENX,27.45
2023-05-03,ZENX,27.51
2023-05-04,ZENX,28.18
2023-05-05,ZENX,28.65
2023-05-08,ZENX,29.84
2023-05-09,ZENX,29.29
2023-05-10,ZENX,29.28
2023-05-11,ZENX,29.15
2023-05-12,ZENX,29.21
2023-05-15,ZENX,28.03
2023-05-16,ZENX,28.15
2023-05-17,ZENX,28.05
2023-05-18,ZENX,27.86
2023-05-19,ZENX,28.28
2023-05-22,ZENX,27.59
2023-05-23,ZENX,27.7
2023-05-24,ZENX,27.57
2023-05-25,ZENX,27.83
2023-05-26,ZENX,28.17
2023-05-29,ZENX,28.1
2023-05-30,ZENX,28.49
2023-05-31,ZENX,28.26
2023-06-01,ZENX,28.42
2023-06-02,ZENX,28.12
2023-06-05,ZENX,28.33
2023-06-06,ZENX,28.57
2023-06-07,ZENX,28.55
2023-06-08,ZENX,28.5
2023-06-09,ZENX,28.5
2023-06-12,ZENX,28.41
2023-06-13,ZENX,28.06
2023-06-14,ZENX,28.55
2023-06-15,ZENX,28.74
2023-06-16,ZENX,29.56
2023-06-19,ZENX,29.08
2023-06-20,ZENX,28.9
2023-06-21,ZENX,29.61
2023-06-22,ZENX,29.53
2023-06-23,ZENX,28.94
2023-06-26,ZENX,29.46
2023-06-27,ZENX,27.96
2023-06-28,ZENX,27.97
2023-06-29,ZENX,28.64
2023-06-30,ZENX,27.85
2023-07-03,ZENX,28.73
2023-07-04,ZENX,28.71
2023-07-05,ZENX,28.33
2023-07-06,ZENX,27.88
2023-07-07,ZENX,27.72
2023-07-10,ZENX,27.41
2023-07-11,ZENX,27.63
2023-07-12,ZENX,28.04
2023-07-13,ZENX,28.15
2023-07-14,ZENX,28.82
2023-07-17,ZENX,29.02
2023-07-18,ZENX,28.78
2023-07-19,ZENX,28.52
2023-07-20,ZENX,29.15
2023-07-21,ZENX,29.76
2023-07-24,ZENX,29.92
2023-07-25,ZENX,29.91
2023-07-26,ZENX,30.06
2023-07-27,ZENX,30.25
2023-07-28,ZENX,29.95
2023-07-31,ZENX,29.22
2023-08-01,ZENX,28.62
2023-08-02,ZENX,28.74
2023-08-03,ZENX,28.57
2023-08-04,ZENX,28.34
2023-08-07,ZENX,28.24
2023-08-08,ZENX,27.79
2023-08-09,ZENX,27.33
2023-08-10,ZENX,27.96
2023-08-11,ZENX,27.62
2023-08-14,ZENX,28.31
2023-08-15,ZENX,28.56
2023-08-16,ZENX,28.85
2023-08-17,ZENX,28.78
2023-08-18,ZENX,29.13
2023-08-21,ZENX,29.19
2023-08-22,ZENX,29.25
2023-08-23,ZENX,28.9
2023-08-24,ZENX,28.67
2023-08-25,ZENX,29.31
2023-08-28,ZENX,28.74
2023-08-29,ZENX,28.0
2023-08-30,ZENX,28.48
2023-08-31,ZENX,28.78
2023-09-01,ZENX,29.19
2023-09-04,ZENX,29.13
2023-09-05,ZENX,29.17
2023-09-06,ZENX,29.49
2023-09-07,ZENX,28.68
2023-09-08,ZENX,28.33
2023-09-11,ZENX,28.44
2023-09-12,ZENX,27.57
2023-09-13,ZENX,28.02
2023-09-14,ZENX,28.07
2023-09-15,ZENX,27.92
2023-09-18,ZENX,27.72
2023-09-19,ZENX,27.92
2023-09-20,ZENX,27.65
2023-09-21,ZENX,27.11
2023-09-22,ZENX,27.47
2023-09-25,ZENX,27.71
2023-09-26,ZENX,27.92
2023-09-27,ZENX,28.0
2023-09-28,ZENX,28.01
2023-09-29,ZENX,28.4
2023-10-02,ZENX,28.11
2023-10-03,ZENX,27.0
2023-10-04,ZENX,27.62
2023-10-05,ZENX,28.07
2023-10-06,ZENX,27.92
2023-10-09,ZENX,27.95
2023-10-10,ZENX,28.11
2023-10-11,ZENX,28.04
2023-10-12,ZENX,27.65
2023-10-13,ZENX,27.45
2023-10-16,ZENX,27.7
2023-10-17,ZENX,27.34
2023-10-18,ZENX,27.74
2023-10-19,ZENX,27.38
2023-10-20,ZENX,27.12
2023-10-23,ZENX,26.92
2023-10-24,ZENX,26.87
2023-10-25,ZENX,26.85
2023-10-26,ZENX,26.97
2023-10-27,ZENX,27.26
2023-10-30,ZENX,26.58
2023-10-31,ZENX,26.69
2023-11-01,ZENX,27.28
2023-11-02,ZENX,27.3
2023-11-03,ZENX,26.94
2023-11-06,ZENX,26.67
2023-11-07,ZENX,26.93
2023-11-08,ZENX,26.35
2023-11-09,ZENX,26.39
2023-11-10,ZENX,26.18
2023-11-13,ZENX,26.15
2023-11-14,ZENX,26.26
2023-11-15,ZENX,25.96
2023-11-16,ZENX,26.57
2023-11-17,ZENX,26.93
2023-11-20,ZENX,26.65
2023-11-21,ZENX,26.74
2023-11-22,ZENX,26.97
2023-11-23,ZENX,27.19
2023-11-24,ZENX,27.09
2023-11-27,ZENX,27.01
2023-11-28,ZENX,26.9
2023-11-29,ZENX,26.62
2023-11-30,ZENX,26.48
2023-12-01,ZENX,26.26
2023-12-04,ZENX,26.06
2023-12-05,ZENX,25.99
2023-12-06,ZENX,26.25
2023-12-07,ZENX,25.86
2023-12-08,ZENX,25.56
2023-12-11,ZENX,25.39
2023-12-12,ZENX,25.08
2023-12-13,ZENX,25.41
2023-12-14,ZENX,24.9
2023-12-15,ZENX,25.26
2023-12-18,ZENX,25.04
2023-12-19,ZENX,24.86
2023-12-20,ZENX,24.68
2023-12-21,ZENX,25.39
2023-12-22,ZENX,25.41
2023-12-25,ZENX,25.46
2023-12-26,ZENX,25.68
2023-12-27,ZENX,25.19
2023-12-28,ZENX,24.71
2023-12-29,ZENX,24.45
2024-01-01,ZENX,24.5
2024-01-02,ZENX,24.41
2024-01-03,ZENX,23.84
2024-01-04,ZENX,24.37
2024-01-05,ZENX,24.11
2024-01-08,ZENX,24.58
2024-01-09,ZENX,24.59
2024-01-10,ZENX,25.1
2024-01-11,ZENX,25.21
2024-01-12,ZENX,25.03
2024-01-15,ZENX,25.54
2024-01-16,ZENX,25.09
2024-01-17,ZENX,24.56
2024-01-18,ZENX,24.8
2024-01-19,ZENX,24.62
2024-01-22,ZENX,23.99
2024-01-23,ZENX,24.09
2024-01-24,ZENX,23.78
2024-01-25,ZENX,23.94
2024-01-26,ZENX,23.75
2024-01-29,ZENX,23.84
2024-01-30,ZENX,23.29
2024-01-31,ZENX,23.65
2024-02-01,ZENX,24.03
2024-02-02,ZENX,23.48
2024-02-05,ZENX,23.45
2024-02-06,ZENX,23.82
2024-02-07,ZENX,23.76
2024-02-08,ZENX,24.25
2024-02-09,ZENX,23.99
2024-02-12,ZENX,23.95
2024-02-13,ZENX,23.69
2024-02-14,ZENX,23.14
2024-02-15,ZENX,23.4
2024-02-16,ZENX,22.99
2024-02-19,ZENX,22.89
2024-02-20,ZENX,22.53
2024-02-21,ZENX,22.41
2024-02-22,ZENX,22.68
2024-02-23,ZENX,22.75
2024-02-26,ZENX,22.52
2024-02-27,ZENX,22.3
2024-02-28,ZENX,22.39
2024-02-29,ZENX,21.78
2024-03-01,ZENX,21.39
2024-03-04,ZENX,21.31
2024-03-05,ZENX,20.88
2024-03-06,ZENX,20.6
2024-03-07,ZENX,20.22
2024-03-08,ZENX,20.05
2024-03-11,ZENX,20.74
2024-03-12,ZENX,20.68
2024-03-13,ZENX,20.48
2024-03-14,ZENX,21.13
2024-03-15,ZENX,21.07
2024-03-18,ZENX,20.74
2024-03-19,ZENX,20.52
2024-03-20,ZENX,20.34
2024-03-21,ZENX,20.89
2024-03-22,ZENX,20.61
2024-03-25,ZENX,20.82
2024-03-26,ZENX,21.13
2024-03-27,ZENX,20.67
2024-03-28,ZENX,20.91
2024-03-29,ZENX,21.17
2024-04-01,ZENX,21.61
2024-04-02,ZENX,21.78
2024-04-03,ZENX,21.7
2024-04-04,ZENX,21.77
2024-04-05,ZENX,21.93
2024-04-08,ZENX,22.45
2024-04-09,ZENX,22.25
2024-04-10,ZENX,22.78
2024-04-11,ZENX,22.97
2024-04-12,ZENX,22.76
2024-04-15,ZENX,22.23
2024-04-16,ZENX,22.18
2024-04-17,ZENX,22.24
2024-04-18,ZENX,22.03
2024-04-19,ZENX,22.5
2024-04-22,ZENX,22.51
2024-04-23,ZENX,22.37
2024-04-24,ZENX,22.47
2024-04-25,ZENX,22.74
2024-04-26,ZENX,22.49
2024-04-29,ZENX,22.73
2024-04-30,ZENX,22.91
2024-05-01,ZENX,22.77
2024-05-02,ZENX,22.44
2024-05-03,ZENX,23.19
2024-05-06,ZENX,22.8
2024-05-07,ZENX,22.54
2024-05-08,ZENX,22.85
2024-05-09,ZENX,22.84
2024-05-10,ZENX,23.21
2024-05-13,ZENX,22.89
2024-05-14,ZENX,22.84
2024-05-15,ZENX,22.66
2024-05-16,ZENX,22.62
2024-05-17,ZENX,22.34
2024-05-20,ZENX,22.5
2024-05-21,ZENX,23.04
2024-05-22,ZENX,22.59
2024-05-23,ZENX,22.26
2024-05-24,ZENX,22.05
2024-05-27,ZENX,22.18
2024-05-28,ZENX,21.99
2024-05-29,ZENX,22.05
2024-05-30,ZENX,22.05
2024-05-31,ZENX,22.34
2024-06-03,ZENX,21.72
2024-06-04,ZENX,22.05
2024-06-05,ZENX,21.96
2024-06-06,ZENX,22.05
2024-06-07,ZENX,21.8
2024-06-10,ZENX,21.63
2024-06-11,ZENX,21.73
2024-06-12,ZENX,22.17
2024-06-13,ZENX,22.31
2024-06-14,ZENX,21.77
2024-06-17,ZENX,21.34
2024-06-18,ZENX,21.31
2024-06-19,ZENX,21.27
2024-06-20,ZENX,21.43
2024-06-21,ZENX,21.09
2024-06-24,ZENX,21.28
2024-06-25,ZENX,20.89
2024-06-26,ZENX,20.79
2024-06-27,ZENX,20.95
2024-06-28,ZENX,20.75
2024-07-01,ZENX,20.91
2024-07-02,ZENX,21.12
2024-07-03,ZENX,21.18
2024-07-04,ZENX,21.08
2024-07-05,ZENX,20.82
2024-07-08,ZENX,20.48
2024-07-09,ZENX,20.32
2024-07-10,ZENX,20.32
2024-07-11,ZENX,20.38
2024-07-12,ZENX,20.38
2024-07-15,ZENX,20.28
2024-07-16,ZENX,20.5
2024-07-17,ZENX,20.88
2024-07-18,ZENX,20.91
2024-07-19,ZENX,20.82
2024-07-22,ZENX,21.19
2024-07-23,ZENX,20.95
2024-07-24,ZENX,20.83
2024-07-25,ZENX,21.44
2024-07-26,ZENX,21.4
2024-07-29,ZENX,21.49
2024-07-30,ZENX,21.29
2024-07-31,ZENX,20.97
2024-08-01,ZENX,20.35
2024-08-02,ZENX,19.85
2024-08-05,ZENX,19.53
2024-08-06,ZENX,19.5
2024-08-07,ZENX,19.33
2024-08-08,ZENX,19.3
2024-08-09,ZENX,19.21
2024-08-12,ZENX,18.65
2024-08-13,ZENX,18.96
2024-08-14,ZENX,18.63
2024-08-15,ZENX,18.48
2024-08-16,ZENX,18.41
2024-08-19,ZENX,18.7
2024-08-20,ZENX,18.65
2024-08-21,ZENX,18.21
2024-08-22,ZENX,18.08
2024-08-23,ZENX,17.79
2024-08-26,ZENX,17.95
2024-08-27,ZENX,18.12
2024-08-28,ZENX,17.87
2024-08-29,ZENX,18.02
2024-08-30,ZENX,18.36
2024-09-02,ZENX,18.25
2024-09-03,ZENX,18.0
2024-09-04,ZENX,18.37
2024-09-05,ZENX,18.07
2024-09-06,ZENX,18.02
2024-09-09,ZENX,18.17
2024-09-10,ZENX,18.04
2024-09-11,ZENX,18.24
2024-09-12,ZENX,18.53
2024-09-13,ZENX,18.58
2024-09-16,ZENX,18.54
2024-09-17,ZENX,18.34
2024-09-18,ZENX,17.97
2024-09-19,ZENX,17.96
2024-09-20,ZENX,18.02
2024-09-23,ZENX,18.44
2024-09-24,ZENX,18.62
2024-09-25,ZENX,18.17
2024-09-26,ZENX,18.48
2024-09-27,ZENX,18.15
2024-09-30,ZENX,17.98
2024-10-01,ZENX,17.67
2024-10-02,ZENX,17.3
2024-10-03,ZENX,17.1
2024-10-04,ZENX,16.9
2024-10-07,ZENX,17.0
2024-10-08,ZENX,17.54
2024-10-09,ZENX,17.5
2024-10-10,ZENX,17.78
2024-10-11,ZENX,17.86
2024-10-14,ZENX,17.8
2024-10-15,ZENX,17.88
2024-10-16,ZENX,17.64
2024-10-17,ZENX,17.52
2024-10-18,ZENX,17.4
2024-10-21,ZENX,17.28
2024-10-22,ZENX,17.26
2024-10-23,ZENX,17.57
2024-10-24,ZENX,18.01
2024-10-25,ZENX,17.47
2024-10-28,ZENX,17.68
2024-10-29,ZENX,17.98
2024-10-30,ZENX,18.43
2024-10-31,ZENX,18.23
2024-11-01,ZENX,18.17
2024-11-04,ZENX,18.27
2024-11-05,ZENX,18.47
2024-11-06,ZENX,18.78
2024-11-07,ZENX,18.46
2024-11-08,ZENX,18.73
2024-11-11,ZENX,19.07
2024-11-12,ZENX,19.47
2024-11-13,ZENX,19.73
2024-11-14,ZENX,19.57
2024-11-15,ZENX,19.72
2024-11-18,ZENX,19.75
2024-11-19,ZENX,19.58
2024-11-20,ZENX,19.6
2024-11-21,ZENX,19.43
2024-11-22,ZENX,19.29
2024-11-25,ZENX,18.99
2024-11-26,ZENX,18.5
2024-11-27,ZENX,18.42
2024-11-28,ZENX,18.44
2024-11-29,ZENX,18.13
2024-12-02,ZENX,18.14
2024-12-03,ZENX,18.26
2024-12-04,ZENX,17.7
2024-12-05,ZENX,17.52
2024-12-06,ZENX,17.75
2024-12-09,ZENX,17.72
2024-12-10,ZENX,17.26
2024-12-11,ZENX,17.35
2024-12-12,ZENX,17.26
2024-12-13,ZENX,17.07
2024-12-16,ZENX,16.66
2024-12-17,ZENX,16.43
2024-12-18,ZENX,16.71
2024-12-19,ZENX,16.52
2024-12-20,ZENX,16.15
2024-12-23,ZENX,16.13
2024-12-24,ZENX,16.21
2024-12-25,ZENX,16.37
2024-12-26,ZENX,17.03
2024-12-27,ZENX,16.94
2024-12-30,ZENX,16.95
2024-12-31,ZENX,17.05
2023-01-02,QUAX,94.22
2023-01-03,QUAX,95.14
2023-01-04,QUAX,94.01
2023-01-05,QUAX,92.86
2023-01-06,QUAX,93.23
2023-01-09,QUAX,93.41
2023-01-10,QUAX,91.77
2023-01-11,QUAX,92.27
2023-01-12,QUAX,92.72
2023-01-13,QUAX,96.88
2023-01-16,QUAX,95.65
2023-01-17,QUAX,97.14
2023-01-18,QUAX,95.91
2023-01-19,QUAX,95.29
2023-01-20,QUAX,95.98
2023-01-23,QUAX,94.43
2023-01-24,QUAX,94.65
2023-01-25,QUAX,94.09
2023-01-26,QUAX,93.61
2023-01-27,QUAX,94.6
2023-01-30,QUAX,95.59
2023-01-31,QUAX,94.47
2023-02-01,QUAX,94.2
2023-02-02,QUAX,93.28
2023-02-03,QUAX,92.67
2023-02-06,QUAX,91.69
2023-02-07,QUAX,91.83
2023-02-08,QUAX,90.77
2023-02-09,QUAX,92.42
2023-02-10,QUAX,93.45
2023-02-13,QUAX,90.18
2023-02-14,QUAX,86.24
2023-02-15,QUAX,88.62
2023-02-16,QUAX,90.18
2023-02-17,QUAX,88.75
2023-02-20,QUAX,90.74
2023-02-21,QUAX,90.82
2023-02-22,QUAX,90.49
2023-02-23,QUAX,90.08
2023-02-24,QUAX,91.51
2023-02-27,QUAX,91.85
2023-02-28,QUAX,92.54
2023-03-01,QUAX,90.36
2023-03-02,QUAX,89.73
2023-03-03,QUAX,89.52
2023-03-06,QUAX,86.1
2023-03-07,QUAX,84.86
2023-03-08,QUAX,85.31
2023-03-09,QUAX,87.17
2023-03-10,QUAX,88.16
2023-03-13,QUAX,85.98
2023-03-14,QUAX,83.23
2023-03-15,QUAX,83.49
2023-03-16,QUAX,82.33
2023-03-17,QUAX,82.16
2023-03-20,QUAX,81.69
2023-03-21,QUAX,82.14
2023-03-22,QUAX,83.65
2023-03-23,QUAX,85.52
2023-03-24,QUAX,85.46
2023-03-27,QUAX,83.69
2023-03-28,QUAX,84.85
2023-03-29,QUAX,84.88
2023-03-30,QUAX,84.52
2023-03-31,QUAX,82.02
2023-04-03,QUAX,79.28
2023-04-04,QUAX,78.47
2023-04-05,QUAX,77.43
2023-04-06,QUAX,78.46
2023-04-07,QUAX,77.58
2023-04-10,QUAX,77.47
2023-04-11,QUAX,73.51
2023-04-12,QUAX,77.76
2023-04-13,QUAX,77.79
2023-04-14,QUAX,77.36
2023-04-17,QUAX,79.69
2023-04-18,QUAX,80.09
2023-04-19,QUAX,79.5
2023-04-20,QUAX,79.28
2023-04-21,QUAX,81.03
2023-04-24,QUAX,81.39
2023-04-25,QUAX,82.8
2023-04-26,QUAX,81.63
2023-04-27,QUAX,82.23
2023-04-28,QUAX,83.48
2023-05-01,QUAX,82.0
2023-05-02,QUAX,81.76
2023-05-03,QUAX,83.13
2023-05-04,QUAX,83.65
2023-05-05,QUAX,84.55
2023-05-08,QUAX,84.06
2023-05-09,QUAX,85.38
2023-05-10,QUAX,87.03
2023-05-11,QUAX,89.07
2023-05-12,QUAX,87.76
2023-05-15,QUAX,88.89
2023-05-16,QUAX,86.5
2023-05-17,QUAX,85.44
2023-05-18,QUAX,83.97
2023-05-19,QUAX,85.27
2023-05-22,QUAX,85.76
2023-05-23,QUAX,86.51
2023-05-24,QUAX,88.44
2023-05-25,QUAX,86.58
2023-05-26,QUAX,87.17
2023-05-29,QUAX,89.99
2023-05-30,QUAX,88.17
2023-05-31,QUAX,91.72
2023-06-01,QUAX,93.98
2023-06-02,QUAX,94.94
2023-06-05,QUAX,97.65
2023-06-06,QUAX,97.07
2023-06-07,QUAX,95.28
2023-06-08,QUAX,94.7
2023-06-09,QUAX,94.7
2023-06-12,QUAX,94.74
2023-06-13,QUAX,94.85
2023-06-14,QUAX,96.05
2023-06-15,QUAX,95.99
2023-06-16,QUAX,95.3
2023-06-19,QUAX,95.72
2023-06-20,QUAX,94.9
2023-06-21,QUAX,95.24
2023-06-22,QUAX,93.48
2023-06-23,QUAX,93.24
2023-06-26,QUAX,93.74
2023-06-27,QUAX,95.11
2023-06-28,QUAX,95.22
2023-06-29,QUAX,94.55
2023-06-30,QUAX,94.81
2023-07-03,QUAX,95.43
2023-07-04,QUAX,93.63
2023-07-05,QUAX,89.64
2023-07-06,QUAX,88.75
2023-07-07,QUAX,89.3
2023-07-10,QUAX,89.62
2023-07-11,QUAX,88.06
2023-07-12,QUAX,88.23
2023-07-13,QUAX,90.86
2023-07-14,QUAX,91.1
2023-07-17,QUAX,93.27
2023-07-18,QUAX,93.92
2023-07-19,QUAX,93.45
2023-07-20,QUAX,94.77
2023-07-24,QUAX,91.52
2023-07-25,QUAX,92.49
2023-07-26,QUAX,90.43
2023-07-27,QUAX,93.68
2023-07-28,QUAX,95.31
2023-07-31,QUAX,95.71
2023-08-01,QUAX,95.72
2023-08-02,QUAX,97.36
2023-08-03,QUAX,96.9
2023-08-04,QUAX,100.23
2023-08-07,QUAX,98.9
2023-08-08,QUAX,99.38
2023-08-09,QUAX,98.48
2023-08-10,QUAX,98.55
2023-08-11,QUAX,98.16
2023-08-14,QUAX,97.64
2023-08-15,QUAX,98.78
2023-08-16,QUAX,103.48
2023-08-17,QUAX,104.06
2023-08-18,QUAX,104.83
2023-08-21,QUAX,107.59
2023-08-22,QUAX,107.9
2023-08-23,QUAX,108.26
2023-08-24,QUAX,109.2
2023-08-25,QUAX,109.04
2023-08-28,QUAX,107.1
2023-08-29,QUAX,108.91
2023-08-30,QUAX,108.47
2023-08-31,QUAX,108.08
2023-09-01,QUAX,108.0
2023-09-04,QUAX,109.54
2023-09-05,QUAX,109.68
2023-09-06,QUAX,110.79
2023-09-07,QUAX,114.05
2023-09-08,QUAX,113.45
2023-09-11,QUAX,113.34
2023-09-12,QUAX,116.92
2023-09-13,QUAX,118.08
2023-09-14,QUAX,119.26
2023-09-15,QUAX,120.16
2023-09-18,QUAX,117.53
2023-09-19,QUAX,117.31
2023-09-20,QUAX,119.64
2023-09-21,QUAX,119.53
2023-09-22,QUAX,116.26
2023-09-25,QUAX,114.26
2023-09-26,QUAX,115.05
2023-09-27,QUAX,116.0
2023-09-28,QUAX,114.9
2023-09-29,QUAX,114.03
2023-10-02,QUAX,113.17
2023-10-03,QUAX,110.44
2023-10-04,QUAX,112.22
2023-10-05,QUAX,108.64
2023-10-06,QUAX,111.72
2023-10-09,QUAX,112.55
2023-10-10,QUAX,111.31
2023-10-11,QUAX,113.09
2023-10-12,QUAX,115.88
2023-10-13,QUAX,114.38
2023-10-16,QUAX,113.0
2023-10-17,QUAX,113.35
2023-10-18,QUAX,111.54
2023-10-19,QUAX,111.17
2023-10-20,QUAX,110.11
2023-10-23,QUAX,114.08
2023-10-24,QUAX,112.69
2023-10-25,QUAX,111.81
2023-10-26,QUAX,110.31
2023-10-27,QUAX,109.71
2023-10-30,QUAX,107.89
2023-10-31,QUAX,104.51
2023-11-01,QUAX,102.79
2023-11-02,QUAX,103.89
2023-11-03,QUAX,107.54
2023-11-06,QUAX,108.44
2023-11-07,QUAX,107.95
2023-11-08,QUAX,109.04
2023-11-09,QUAX,110.71
2023-11-10,QUAX,113.63
2023-11-13,QUAX,112.65
2023-11-14,QUAX,112.03
2023-11-15,QUAX,116.44
2023-11-16,QUAX,114.35
2023-11-17,QUAX,114.33
2023-11-20,QUAX,114.72
2023-11-21,QUAX,112.82
2023-11-22,QUAX,110.14
2023-11-23,QUAX,110.62
2023-11-24,QUAX,110.78
2023-11-27,QUAX,107.49
2023-11-28,QUAX,109.2
2023-11-29,QUAX,107.07
2023-11-30,QUAX,108.78
2023-12-01,QUAX,107.44
2023-12-04,QUAX,107.81
2023-12-05,QUAX,107.86
2023-12-06,QUAX,106.35
2023-12-07,QUAX,107.72
2023-12-08,QUAX,108.52
2023-12-11,QUAX,108.52
2023-12-12,QUAX,106.2
2023-12-13,QUAX,106.44
2023-12-14,QUAX,108.27
2023-12-15,QUAX,110.53
2023-12-18,QUAX,115.64
2023-12-19,QUAX,114.92
2023-12-20,QUAX,115.28
2023-12-21,QUAX,111.9
2023-12-22,QUAX,109.63
2023-12-25,QUAX,106.87
2023-12-26,QUAX,105.66
2023-12-27,QUAX,104.33
2023-12-28,QUAX,101.07
2023-12-29,QUAX,103.18
2024-01-01,QUAX,105.74
2024-01-02,QUAX,108.87
2024-01-03,QUAX,109.08
2024-01-04,QUAX,108.89
2024-01-05,QUAX,106.17
2024-01-08,QUAX,106.06
2024-01-09,QUAX,104.3
2024-01-10,QUAX,102.16
2024-01-11,QUAX,99.82
2024-01-12,QUAX,100.39
2024-01-15,QUAX,97.36
2024-01-16,QUAX,99.16
2024-01-17,QUAX,98.79
2024-01-18,QUAX,98.52
2024-01-19,QUAX,96.83
2024-01-22,QUAX,99.09
2024-01-23,QUAX,98.64
2024-01-24,QUAX,96.52
2024-01-25,QUAX,96.56
2024-01-26,QUAX,95.87
2024-01-29,QUAX,95.61
2024-01-30,QUAX,97.4
2024-01-31,QUAX,96.77
2024-02-01,QUAX,95.84
2024-02-02,QUAX,96.22
2024-02-05,QUAX,96.5
2024-02-06,QUAX,96.23
2024-02-07,QUAX,98.81
2024-02-08,QUAX,97.64
2024-02-09,QUAX,97.67
2024-02-12,QUAX,96.91
2024-02-13,QUAX,96.69
2024-02-14,QUAX,95.45
2024-02-15,QUAX,93.66
2024-02-16,QUAX,94.95
2024-02-19,QUAX,95.34
2024-02-20,QUAX,96.1
2024-02-21,QUAX,95.6
2024-02-22,QUAX,97.8
2024-02-23,QUAX,94.8
2024-02-26,QUAX,98.82
2024-02-27,QUAX,99.68
2024-02-28,QUAX,99.69
2024-02-29,QUAX,100.61
2024-03-01,QUAX,100.42
2024-03-04,QUAX,103.98
2024-03-05,QUAX,103.89
2024-03-06,QUAX,104.89
2024-03-07,QUAX,105.44
2024-03-08,QUAX,105.7
2024-03-11,QUAX,108.47
2024-03-12,QUAX,110.43
2024-03-13,QUAX,112.01
2024-03-14,QUAX,111.11
2024-03-15,QUAX,113.46
2024-03-18,QUAX,115.17
2024-03-19,QUAX,115.45
2024-03-20,QUAX,116.44
2024-03-21,QUAX,115.03
2024-03-22,QUAX,118.51
2024-03-25,QUAX,120.95
2024-03-26,QUAX,119.25
2024-03-27,QUAX,115.65
2024-03-28,QUAX,115.17
2024-03-29,QUAX,116.76
2024-04-01,QUAX,118.54
2024-04-02,QUAX,120.02
2024-04-03,QUAX,121.76
2024-04-04,QUAX,117.51
2024-04-05,QUAX,114.23
2024-04-08,QUAX,112.61
2024-04-09,QUAX,112.68
2024-04-10,QUAX,112.89
2024-04-11,QUAX,116.21
2024-04-12,QUAX,113.5
2024-04-15,QUAX,113.49
2024-04-16,QUAX,115.28
2024-04-17,QUAX,117.02
2024-04-18,QUAX,118.06
2024-04-19,QUAX,119.54
2024-04-22,QUAX,119.87
2024-04-23,QUAX,124.37
2024-04-24,QUAX,122.52
2024-04-25,QUAX,121.25
2024-04-26,QUAX,119.93
2024-04-29,QUAX,120.77
2024-04-30,QUAX,119.23
2024-05-01,QUAX,122.24
2024-05-02,QUAX,123.22
2024-05-03,QUAX,123.71
2024-05-06,QUAX,125.44
2024-05-07,QUAX,120.83
2024-05-08,QUAX,120.36
2024-05-09,QUAX,118.78
2024-05-10,QUAX,116.33
2024-05-13,QUAX,117.5
2024-05-14,QUAX,112.94
2024-05-15,QUAX,109.83
2024-05-16,QUAX,112.68
2024-05-17,QUAX,112.48
2024-05-20,QUAX,116.38
2024-05-21,QUAX,114.73
2024-05-22,QUAX,110.69
2024-05-23,QUAX,110.55
2024-05-24,QUAX,110.02
2024-05-27,QUAX,109.4
2024-05-28,QUAX,109.5
2024-05-29,QUAX,107.74
2024-05-30,QUAX,109.17
2024-05-31,QUAX,107.67
2024-06-03,QUAX,109.32
2024-06-04,QUAX,107.23
2024-06-05,QUAX,110.54
2024-06-06,QUAX,110.63
2024-06-07,QUAX,109.58
2024-06-10,QUAX,110.12
2024-06-11,QUAX,106.94
2024-06-12,QUAX,108.02
2024-06-13,QUAX,105.86
2024-06-14,QUAX,103.36
2024-06-17,QUAX,100.91
2024-06-18,QUAX,96.42
2024-06-19,QUAX,97.0
2024-06-20,QUAX,97.66
2024-06-21,QUAX,96.84
2024-06-24,QUAX,96.82
2024-06-25,QUAX,97.43
2024-06-26,QUAX,98.41
2024-06-27,QUAX,97.13
2024-06-28,QUAX,96.65
2024-07-01,QUAX,97.96
2024-07-02,QUAX,96.45
2024-07-03,QUAX,96.09
2024-07-04,QUAX,95.84
2024-07-05,QUAX,95.84
2024-07-08,QUAX,94.55
2024-07-09,QUAX,92.6
2024-07-10,QUAX,94.53
2024-07-11,QUAX,94.29
2024-07-12,QUAX,94.59
2024-07-15,QUAX,96.01
2024-07-16,QUAX,99.95
2024-07-17,QUAX,101.17
2024-07-18,QUAX,103.25
2024-07-19,QUAX,107.23
2024-07-22,QUAX,107.41
2024-07-23,QUAX,108.96
2024-07-24,QUAX,108.27
2024-07-25,QUAX,106.6
2024-07-26,QUAX,105.42
2024-07-29,QUAX,102.05
2024-07-30,QUAX,101.19
2024-07-31,QUAX,98.48
2024-08-01,QUAX,95.95
2024-08-02,QUAX,95.23
2024-08-05,QUAX,97.31
2024-08-06,QUAX,97.5
2024-08-07,QUAX,94.72
2024-08-08,QUAX,94.23
2024-08-09,QUAX,96.17
2024-08-12,QUAX,96.79
2024-08-13,QUAX,96.2
2024-08-14,QUAX,94.13
2024-08-15,QUAX,93.99
2024-08-16,QUAX,94.23
2024-08-19,QUAX,95.65
2024-08-20,QUAX,95.54
2024-08-21,QUAX,95.18
2024-08-22,QUAX,94.48
2024-08-23,QUAX,94.07
2024-08-26,QUAX,92.7
2024-08-27,QUAX,90.56
2024-08-28,QUAX,91.53
2024-08-29,QUAX,90.95
2024-08-30,QUAX,93.73
2024-09-02,QUAX,93.96
2024-09-03,QUAX,96.33
2024-09-04,QUAX,94.87
2024-09-05,QUAX,95.08
2024-09-06,QUAX,93.07
2024-09-09,QUAX,92.81
2024-09-10,QUAX,89.85
2024-09-11,QUAX,88.33
2024-09-12,QUAX,86.59
2024-09-13,QUAX,85.16
2024-09-16,QUAX,84.02
2024-09-17,QUAX,85.22
2024-09-18,QUAX,85.59
2024-09-19,QUAX,85.63
2024-09-20,QUAX,84.23
2024-09-23,QUAX,83.58
2024-09-24,QUAX,84.95
2024-09-25,QUAX,84.65
2024-09-26,QUAX,84.18
2024-09-27,QUAX,84.8
2024-09-30,QUAX,85.56
2024-10-01,QUAX,84.11
2024-10-02,QUAX,84.29
2024-10-03,QUAX,84.96
2024-10-04,QUAX,83.98
2024-10-07,QUAX,80.87
2024-10-08,QUAX,80.88
2024-10-09,QUAX,81.97
2024-10-10,QUAX,82.02
2024-10-11,QUAX,82.7
2024-10-14,QUAX,82.19
2024-10-15,QUAX,82.73
2024-10-16,QUAX,82.83
2024-10-17,QUAX,82.57
2024-10-18,QUAX,81.31
2024-10-21,QUAX,82.62
2024-10-22,QUAX,83.68
2024-10-23,QUAX,86.78
2024-10-24,QUAX,85.86
2024-10-25,QUAX,84.55
2024-10-28,QUAX,84.0
2024-10-29,QUAX,82.99
2024-10-30,QUAX,83.28
2024-10-31,QUAX,84.8
2024-11-01,QUAX,86.79
2024-11-04,QUAX,87.21
2024-11-05,QUAX,88.14
2024-11-06,QUAX,88.84
2024-11-07,QUAX,88.44
2024-11-08,QUAX,91.19
2024-11-11,QUAX,91.54
2024-11-12,QUAX,93.48
2024-11-13,QUAX,92.11
2024-11-14,QUAX,93.14
2024-11-15,QUAX,93.89
2024-11-18,QUAX,94.79
2024-11-19,QUAX,95.77
2024-11-20,QUAX,96.17
2024-11-21,QUAX,92.67
2024-11-22,QUAX,93.37
2024-11-25,QUAX,94.78
2024-11-26,QUAX,94.93
2024-11-27,QUAX,94.9
2024-11-28,QUAX,94.63
2024-11-29,QUAX,94.94
2024-12-02,QUAX,93.32
2024-12-03,QUAX,92.35
2024-12-04,QUAX,92.42
2024-12-05,QUAX,92.23
2024-12-06,QUAX,91.98
2024-12-09,QUAX,91.54
2024-12-10,QUAX,92.03
2024-12-11,QUAX,94.11
2024-12-12,QUAX,94.01
2024-12-13,QUAX,93.93
2024-12-16,QUAX,92.66
2024-12-17,QUAX,91.95
2024-12-18,QUAX,92.75
2024-12-19,QUAX,91.46
2024-12-20,QUAX,89.6
2024-12-23,QUAX,89.68
2024-12-24,QUAX,88.78
2024-12-25,QUAX,91.01
2024-12-26,QUAX,91.88
2024-12-27,QUAX,91.2
2024-12-30,QUAX,90.58
2024-12-31,QUAX,86.41
2023-01-02,EMBX,241.35
2023-01-03,EMBX,239.71
2023-01-04,EMBX,239.42
2023-01-05,EMBX,238.65
2023-01-06,EMBX,230.43
2023-01-09,EMBX,233.11
2023-01-10,EMBX,235.6
2023-01-11,EMBX,228.51
2023-01-12,EMBX,222.5
2023-01-13,EMBX,226.82
2023-01-16,EMBX,226.18
2023-01-17,EMBX,228.67
2023-01-18,EMBX,229.68
2023-01-19,EMBX,227.86
2023-01-20,EMBX,228.99
2023-01-23,EMBX,234.64
2023-01-24,EMBX,238.16
2023-01-25,EMBX,236.81
2023-01-26,EMBX,237.83
2023-01-27,EMBX,239.02
2023-01-30,EMBX,240.32
2023-01-31,EMBX,230.76
2023-02-01,EMBX,228.01
2023-02-02,EMBX,223.72
2023-02-03,EMBX,224.39
2023-02-06,EMBX,225.97
2023-02-07,EMBX,230.57
2023-02-08,EMBX,232.72
2023-02-09,EMBX,233.8
2023-02-10,EMBX,232.77
2023-02-13,EMBX,237.84
2023-02-14,EMBX,241.01
2023-02-15,EMBX,242.9
2023-02-16,EMBX,244.05
2023-02-17,EMBX,244.27
2023-02-20,EMBX,239.29
2023-02-21,EMBX,247.56
2023-02-22,EMBX,249.79
2023-02-23,EMBX,248.45
2023-02-24,EMBX,249.47
2023-02-27,EMBX,252.96
2023-02-28,EMBX,248.52
2023-03-01,EMBX,248.53
2023-03-02,EMBX,236.96
2023-03-03,EMBX,238.53
2023-03-06,EMBX,237.02
2023-03-07,EMBX,234.65
2023-03-08,EMBX,226.68
2023-03-09,EMBX,223.09
2023-03-10,EMBX,221.99
2023-03-13,EMBX,221.88
2023-03-14,EMBX,227.09
2023-03-15,EMBX,221.62
2023-03-16,EMBX,218.66
2023-03-17,EMBX,220.18
2023-03-20,EMBX,226.1
2023-03-21,EMBX,220.31
2023-03-22,EMBX,207.63
2023-03-23,EMBX,208.61
2023-03-24,EMBX,216.82
2023-03-27,EMBX,214.84
2023-03-28,EMBX,213.32
2023-03-29,EMBX,210.39
2023-03-30,EMBX,213.41
2023-03-31,EMBX,213.05
2023-04-03,EMBX,211.03
2023-04-04,EMBX,212.14
2023-04-05,EMBX,210.31
2023-04-06,EMBX,203.37
2023-04-07,EMBX,203.69
2023-04-10,EMBX,204.06
2023-04-11,EMBX,201.1
2023-04-12,EMBX,199.82
2023-04-13,EMBX,205.09
2023-04-14,EMBX,209.57
2023-04-17,EMBX,212.57
2023-04-18,EMBX,215.66
2023-04-19,EMBX,213.38
2023-04-20,EMBX,211.83
2023-04-21,EMBX,205.63
2023-04-24,EMBX,208.06
2023-04-25,EMBX,209.12
2023-04-26,EMBX,208.08
2023-04-27,EMBX,211.93
2023-04-28,EMBX,207.83
2023-05-01,EMBX,208.63
2023-05-02,EMBX,205.61
2023-05-03,EMBX,211.15
2023-05-04,EMBX,204.15
2023-05-05,EMBX,212.43
2023-05-08,EMBX,212.83
2023-05-09,EMBX,205.13
2023-05-10,EMBX,206.93
2023-05-11,EMBX,205.58
2023-05-12,EMBX,210.96
2023-05-15,EMBX,208.23
2023-05-16,EMBX,204.51
2023-05-17,EMBX,200.75
2023-05-18,EMBX,192.74
2023-05-19,EMBX,192.97
2023-05-22,EMBX,196.86
2023-05-23,EMBX,201.3
2023-05-24,EMBX,203.01
2023-05-25,EMBX,202.33
2023-05-26,EMBX,198.76
2023-05-29,EMBX,201.23
2023-05-30,EMBX,201.47
2023-05-31,EMBX,205.29
2023-06-01,EMBX,200.0
2023-06-02,EMBX,201.43
2023-06-05,EMBX,201.53
2023-06-06,EMBX,205.57
2023-06-07,EMBX,211.33
2023-06-08,EMBX,210.53
2023-06-09,EMBX,206.02
2023-06-12,EMBX,203.89
2023-06-13,EMBX,205.81
2023-06-14,EMBX,207.65
2023-06-15,EMBX,213.81
2023-06-16,EMBX,213.13
2023-06-19,EMBX,212.81
2023-06-20,EMBX,217.69
2023-06-21,EMBX,217.05
2023-06-22,EMBX,213.15
2023-06-23,EMBX,208.62
2023-06-26,EMBX,206.82
2023-06-27,EMBX,204.66
2023-06-28,EMBX,208.35
2023-06-29,EMBX,204.8
2023-06-30,EMBX,207.51
2023-07-03,EMBX,206.04
2023-07-04,EMBX,207.53
2023-07-05,EMBX,206.02
2023-07-06,EMBX,210.13
2023-07-07,EMBX,212.94
2023-07-11,EMBX,201.82
2023-07-12,EMBX,200.07
2023-07-13,EMBX,203.32
2023-07-14,EMBX,197.78
2023-07-17,EMBX,196.78
2023-07-18,EMBX,198.66
2023-07-19,EMBX,196.96
2023-07-20,EMBX,193.28
2023-07-21,EMBX,188.96
2023-07-24,EMBX,191.58
2023-07-25,EMBX,192.83
2023-07-26,EMBX,186.69
2023-07-27,EMBX,190.8
2023-07-28,EMBX,192.0
2023-07-31,EMBX,190.08
2023-08-01,EMBX,187.72
2023-08-02,EMBX,187.55
2023-08-03,EMBX,185.33
2023-08-04,EMBX,185.31
2023-08-07,EMBX,188.98
2023-08-08,EMBX,187.08
2023-08-09,EMBX,192.21
2023-08-10,EMBX,196.57
2023-08-11,EMBX,203.55
2023-08-14,EMBX,208.24
2023-08-15,EMBX,209.71
2023-08-16,EMBX,204.34
2023-08-17,EMBX,202.54
2023-08-18,EMBX,197.59
2023-08-21,EMBX,196.07
2023-08-22,EMBX,196.8
2023-08-23,EMBX,201.19
2023-08-24,EMBX,200.72
2023-08-25,EMBX,194.58
2023-08-28,EMBX,191.76
2023-08-29,EMBX,191.44
2023-08-30,EMBX,187.26
2023-08-31,EMBX,193.66
2023-09-01,EMBX,196.6
2023-09-04,EMBX,191.68
2023-09-05,EMBX,200.21
2023-09-06,EMBX,197.44
2023-09-07,EMBX,201.04
2023-09-08,EMBX,199.15
2023-09-11,EMBX,199.98
2023-09-12,EMBX,200.23
2023-09-13,EMBX,203.06
2023-09-14,EMBX,200.1
2023-09-15,EMBX,199.99
2023-09-18,EMBX,206.65
2023-09-19,EMBX,211.31
2023-09-20,EMBX,217.01
2023-09-21,EMBX,218.7
2023-09-22,EMBX,214.26
2023-09-25,EMBX,216.57
2023-09-26,EMBX,219.36
2023-09-27,EMBX,213.04
2023-09-28,EMBX,211.87
2023-09-29,EMBX,213.85
2023-10-02,EMBX,214.02
2023-10-03,EMBX,209.94
2023-10-04,EMBX,209.96
2023-10-05,EMBX,211.49
2023-10-06,EMBX,214.71
2023-10-09,EMBX,216.07
2023-10-10,EMBX,215.56
2023-10-11,EMBX,217.41
2023-10-12,EMBX,214.95
2023-10-13,EMBX,215.55
2023-10-16,EMBX,211.51
2023-10-17,EMBX,209.86
2023-10-18,EMBX,205.72
2023-10-19,EMBX,200.87
2023-10-20,EMBX,205.98
2023-10-23,EMBX,198.39
2023-10-24,EMBX,206.25
2023-10-25,EMBX,201.85
2023-10-26,EMBX,199.89
2023-10-27,EMBX,199.93
2023-10-30,EMBX,195.25
2023-10-31,EMBX,188.71
2023-11-01,EMBX,192.23
2023-11-02,EMBX,193.73
2023-11-03,EMBX,196.42
2023-11-06,EMBX,191.43
2023-11-07,EMBX,189.65
2023-11-08,EMBX,186.13
2023-11-09,EMBX,183.28
2023-11-10,EMBX,187.34
2023-11-13,EMBX,183.75
2023-11-14,EMBX,185.05
2023-11-15,EMBX,186.65
2023-11-16,EMBX,179.48
2023-11-17,EMBX,176.3
2023-11-20,EMBX,174.54
2023-11-21,EMBX,169.56
2023-11-22,EMBX,171.75
2023-11-23,EMBX,170.58
2023-11-24,EMBX,174.73
2023-11-27,EMBX,176.07
2023-11-28,EMBX,174.45
2023-11-29,EMBX,172.22
2023-11-30,EMBX,170.28
2023-12-01,EMBX,170.0
2023-12-04,EMBX,171.72
2023-12-05,EMBX,168.16
2023-12-06,EMBX,172.25
2023-12-07,EMBX,174.79
2023-12-08,EMBX,180.4
2023-12-11,EMBX,180.64
2023-12-12,EMBX,185.32
2023-12-13,EMBX,184.03
2023-12-14,EMBX,180.49
2023-12-15,EMBX,183.45
2023-12-18,EMBX,186.08
2023-12-19,EMBX,188.68
2023-12-20,EMBX,187.06
2023-12-21,EMBX,192.0
2023-12-22,EMBX,194.39
2023-12-25,EMBX,195.35
2023-12-26,EMBX,195.59
2023-12-27,EMBX,194.58
2023-12-28,EMBX,189.45
2023-12-29,EMBX,183.85
2024-01-01,EMBX,180.04
2024-01-02,EMBX,178.45
2024-01-03,EMBX,182.04
2024-01-04,EMBX,185.66
2024-01-05,EMBX,182.88
2024-01-08,EMBX,181.5
2024-01-09,EMBX,181.81
2024-01-10,EMBX,185.01
2024-01-11,EMBX,182.63
2024-01-12,EMBX,185.73
2024-01-15,EMBX,181.7
2024-01-16,EMBX,182.8
2024-01-17,EMBX,181.83
2024-01-18,EMBX,185.03
2024-01-19,EMBX,188.88
2024-01-22,EMBX,185.98
2024-01-23,EMBX,185.7
2024-01-24,EMBX,191.38
2024-01-25,EMBX,186.59
2024-01-26,EMBX,186.82
2024-01-29,EMBX,187.06
2024-01-30,EMBX,186.63
2024-01-31,EMBX,181.71
2024-02-01,EMBX,184.47
2024-02-02,EMBX,185.41
2024-02-05,EMBX,183.55
2024-02-06,EMBX,187.67
2024-02-07,EMBX,188.22
2024-02-08,EMBX,190.14
2024-02-09,EMBX,186.94
2024-02-12,EMBX,182.48
2024-02-13,EMBX,183.32
2024-02-14,EMBX,185.71
2024-02-15,EMBX,188.57
2024-02-16,EMBX,186.81
2024-02-19,EMBX,187.04
2024-02-20,EMBX,187.63
2024-02-21,EMBX,188.78
2024-02-22,EMBX,189.11
2024-02-23,EMBX,192.6
2024-02-26,EMBX,194.2
2024-02-27,EMBX,200.75
2024-02-28,EMBX,198.19
2024-02-29,EMBX,188.08
2024-03-01,EMBX,186.5
2024-03-04,EMBX,186.01
2024-03-05,EMBX,189.1
2024-03-06,EMBX,191.4
2024-03-07,EMBX,196.27
2024-03-08,EMBX,201.32
2024-03-11,EMBX,198.71
2024-03-12,EMBX,204.08
2024-03-13,EMBX,207.53
2024-03-14,EMBX,204.75
2024-03-15,EMBX,201.31
2024-03-18,EMBX,204.78
2024-03-19,EMBX,208.89
2024-03-20,EMBX,215.4
2024-03-21,EMBX,214.8
2024-03-22,EMBX,213.89
2024-03-25,EMBX,211.1
2024-03-26,EMBX,207.64
2024-03-27,EMBX,212.65
2024-03-28,EMBX,213.78
2024-03-29,EMBX,213.83
2024-04-01,EMBX,215.51
2024-04-02,EMBX,222.25
2024-04-03,EMBX,213.77
2024-04-04,EMBX,217.54
2024-04-05,EMBX,217.06
2024-04-08,EMBX,219.24
2024-04-09,EMBX,219.27
2024-04-10,EMBX,217.14
2024-04-11,EMBX,223.67
2024-04-12,EMBX,223.69
2024-04-15,EMBX,223.2
2024-04-16,EMBX,219.14
2024-04-17,EMBX,222.42
2024-04-18,EMBX,218.88
2024-04-19,EMBX,222.43
2024-04-22,EMBX,226.05
2024-04-23,EMBX,230.07
2024-04-24,EMBX,228.16
2024-04-25,EMBX,227.11
2024-04-26,EMBX,228.57
2024-04-29,EMBX,229.15
2024-04-30,EMBX,226.78
2024-05-01,EMBX,229.22
2024-05-02,EMBX,233.01
2024-05-03,EMBX,232.85
2024-05-06,EMBX,232.33
2024-05-07,EMBX,231.29
2024-05-08,EMBX,229.96
2024-05-09,EMBX,232.62
2024-05-10,EMBX,237.4
2024-05-14,EMBX,224.03
2024-05-15,EMBX,217.66
2024-05-16,EMBX,214.09
2024-05-17,EMBX,211.72
2024-05-20,EMBX,216.63
2024-05-21,EMBX,214.32
2024-05-22,EMBX,219.18
2024-05-23,EMBX,216.78
2024-05-24,EMBX,216.07
2024-05-27,EMBX,212.76
2024-05-28,EMBX,212.14
2024-05-29,EMBX,215.22
2024-05-30,EMBX,214.1
2024-05-31,EMBX,217.84
2024-06-03,EMBX,216.63
2024-06-04,EMBX,207.85
2024-06-05,EMBX,203.82
2024-06-06,EMBX,208.77
2024-06-07,EMBX,203.01
2024-06-10,EMBX,201.59
2024-06-11,EMBX,201.34
2024-06-12,EMBX,200.37
2024-06-13,EMBX,200.27
2024-06-14,EMBX,205.96
2024-06-17,EMBX,207.65
2024-06-18,EMBX,207.03
2024-06-19,EMBX,204.8
2024-06-20,EMBX,207.53
2024-06-21,EMBX,205.33
2024-06-24,EMBX,205.47
2024-06-25,EMBX,206.23
2024-06-26,EMBX,210.66
2024-06-27,EMBX,215.11
2024-06-28,EMBX,219.49
2024-07-01,EMBX,221.43
2024-07-02,EMBX,220.66
2024-07-03,EMBX,225.93
2024-07-04,EMBX,223.64
2024-07-05,EMBX,220.76
2024-07-08,EMBX,223.29
2024-07-09,EMBX,219.99
2024-07-10,EMBX,216.37
2024-07-11,EMBX,214.99
2024-07-12,EMBX,220.42
2024-07-15,EMBX,218.79
2024-07-16,EMBX,218.68
2024-07-17,EMBX,221.21
2024-07-18,EMBX,225.33
2024-07-19,EMBX,230.32
2024-07-22,EMBX,223.05
2024-07-23,EMBX,224.5
2024-07-24,EMBX,223.38
2024-07-25,EMBX,220.01
2024-07-26,EMBX,222.47
2024-07-29,EMBX,216.07
2024-07-30,EMBX,219.81
2024-07-31,EMBX,218.95
2024-08-01,EMBX,217.74
2024-08-02,EMBX,217.84
2024-08-05,EMBX,218.82
2024-08-06,EMBX,215.21
2024-08-07,EMBX,215.96
2024-08-08,EMBX,219.51
2024-08-09,EMBX,215.0
2024-08-12,EMBX,217.21
2024-08-13,EMBX,212.36
2024-08-14,EMBX,218.71
2024-08-15,EMBX,218.49
2024-08-16,EMBX,221.2
2024-08-19,EMBX,222.56
2024-08-20,EMBX,232.2
2024-08-21,EMBX,230.01
2024-08-22,EMBX,231.16
2024-08-23,EMBX,227.37
2024-08-26,EMBX,229.11
2024-08-27,EMBX,233.9
2024-08-28,EMBX,240.99
2024-08-29,EMBX,240.65
2024-08-30,EMBX,240.66
2024-09-02,EMBX,241.04
2024-09-03,EMBX,248.71
2024-09-04,EMBX,246.33
2024-09-05,EMBX,244.39
2024-09-06,EMBX,244.93
2024-09-09,EMBX,257.21
2024-09-10,EMBX,254.26
2024-09-11,EMBX,259.26
2024-09-12,EMBX,260.39
2024-09-13,EMBX,256.43
2024-09-16,EMBX,259.36
2024-09-17,EMBX,260.03
2024-09-18,EMBX,260.05
2024-09-19,EMBX,259.52
2024-09-20,EMBX,266.57
2024-09-23,EMBX,262.59
2024-09-24,EMBX,260.96
2024-09-25,EMBX,256.13
2024-09-26,EMBX,264.1
2024-09-27,EMBX,274.25
2024-09-30,EMBX,280.91
2024-10-01,EMBX,277.42
2024-10-02,EMBX,276.37
2024-10-03,EMBX,276.0
2024-10-04,EMBX,278.52
2024-10-07,EMBX,278.5
2024-10-08,EMBX,278.43
2024-10-09,EMBX,278.04
2024-10-10,EMBX,280.73
2024-10-11,EMBX,286.88
2024-10-14,EMBX,289.13
2024-10-15,EMBX,287.3
2024-10-16,EMBX,284.22
2024-10-17,EMBX,277.2
2024-10-18,EMBX,267.26
2024-10-21,EMBX,267.87
2024-10-22,EMBX,270.27
2024-10-23,EMBX,262.76
2024-10-24,EMBX,259.36
2024-10-25,EMBX,254.25
2024-10-28,EMBX,251.92
2024-10-29,EMBX,253.71
2024-10-30,EMBX,245.35
2024-10-31,EMBX,242.7
2024-11-01,EMBX,241.71
2024-11-04,EMBX,239.92
2024-11-05,EMBX,240.48
2024-11-06,EMBX,243.39
2024-11-07,EMBX,240.54
2024-11-08,EMBX,251.19
2024-11-11,EMBX,259.41
2024-11-12,EMBX,258.26
2024-11-13,EMBX,254.73
2024-11-14,EMBX,252.72
2024-11-15,EMBX,256.56
2024-11-18,EMBX,254.64
2024-11-19,EMBX,255.69
2024-11-20,EMBX,260.83
2024-11-21,EMBX,262.93
2024-11-22,EMBX,265.34
2024-11-25,EMBX,267.06
2024-11-26,EMBX,272.17
2024-11-27,EMBX,273.61
2024-11-28,EMBX,275.34
2024-11-29,EMBX,283.25
2024-12-02,EMBX,281.46
2024-12-03,EMBX,281.82
2024-12-04,EMBX,277.94
2024-12-05,EMBX,281.89
2024-12-06,EMBX,282.7
2024-12-09,EMBX,279.89
2024-12-10,EMBX,275.75
2024-12-11,EMBX,281.96
2024-12-12,EMBX,284.49
2024-12-13,EMBX,285.13
2024-12-16,EMBX,294.43
2024-12-17,EMBX,293.44
2024-12-18,EMBX,295.33
2024-12-19,EMBX,294.91
2024-12-20,EMBX,296.29
2024-12-23,EMBX,293.85
2024-12-24,EMBX,292.34
2024-12-25,EMBX,290.84
2024-12-26,EMBX,285.62
2024-12-27,EMBX,297.92
2024-12-30,EMBX,293.66
2024-12-31,EMBX,296.87
2023-01-02,CREX,240.17
2023-01-03,CREX,236.12
2023-01-04,CREX,235.39
2023-01-05,CREX,234.38
2023-01-06,CREX,231.56
2023-01-09,CREX,233.59
2023-01-10,CREX,236.22
2023-01-11,CREX,241.49
2023-01-12,CREX,235.18
2023-01-13,CREX,236.31
2023-01-16,CREX,235.27
2023-01-17,CREX,234.46
2023-01-18,CREX,237.43
2023-01-19,CREX,237.9
2023-01-20,CREX,232.16
2023-01-23,CREX,231.41
2023-01-24,CREX,234.0
2023-01-25,CREX,231.65
2023-01-26,CREX,236.76
2023-01-27,CREX,238.04
2023-01-30,CREX,236.2
2023-01-31,CREX,236.4
2023-02-01,CREX,231.74
2023-02-02,CREX,234.74
2023-02-03,CREX,232.89
2023-02-06,CREX,233.28
2023-02-07,CREX,236.17
2023-02-08,CREX,228.66
2023-02-09,CREX,231.55
2023-02-10,CREX,234.01
2023-02-13,CREX,238.09
2023-02-14,CREX,239.55
2023-02-15,CREX,242.33
2023-02-16,CREX,246.56
2023-02-17,CREX,249.59
2023-02-20,CREX,251.17
2023-02-21,CREX,251.51
2023-02-22,CREX,249.63
2023-02-24,CREX,245.05
2023-02-27,CREX,242.14
2023-02-28,CREX,246.32
2023-03-01,CREX,244.56
2023-03-02,CREX,246.37
2023-03-03,CREX,257.79
2023-03-06,CREX,258.58
2023-03-07,CREX,253.36
2023-03-08,CREX,258.35
2023-03-09,CREX,251.99
2023-03-10,CREX,246.67
2023-03-13,CREX,245.94
2023-03-14,CREX,247.02
2023-03-15,CREX,243.33
2023-03-16,CREX,244.46
2023-03-17,CREX,243.75
2023-03-20,CREX,248.88
2023-03-21,CREX,243.93
2023-03-22,CREX,247.11
2023-03-23,CREX,252.63
2023-03-24,CREX,255.24
2023-03-27,CREX,253.52
2023-03-28,CREX,253.07
2023-03-29,CREX,251.09
2023-03-30,CREX,250.46
2023-03-31,CREX,250.48
2023-04-03,CREX,248.7
2023-04-04,CREX,251.4
2023-04-05,CREX,253.41
2023-04-06,CREX,248.58
2023-04-07,CREX,247.51
2023-04-10,CREX,252.3
2023-04-11,CREX,253.29
2023-04-12,CREX,257.63
2023-04-13,CREX,253.59
2023-04-14,CREX,251.78
2023-04-17,CREX,249.68
2023-04-18,CREX,244.4
2023-04-19,CREX,242.16
2023-04-20,CREX,239.36
2023-04-21,CREX,239.74
2023-04-24,CREX,239.73
2023-04-25,CREX,234.74
2023-04-26,CREX,233.63
2023-04-27,CREX,233.77
2023-04-28,CREX,233.52
2023-05-01,CREX,239.31
2023-05-02,CREX,242.84
2023-05-03,CREX,240.69
2023-05-04,CREX,236.29
2023-05-05,CREX,241.2
2023-05-08,CREX,242.94
2023-05-09,CREX,240.12
2023-05-10,CREX,238.63
2023-05-11,CREX,238.36
2023-05-12,CREX,238.48
2023-05-15,CREX,233.31
2023-05-16,CREX,233.12
2023-05-17,CREX,236.57
2023-05-18,CREX,233.93
2023-05-19,CREX,235.97
2023-05-22,CREX,231.84
2023-05-23,CREX,233.07
2023-05-24,CREX,232.36
2023-05-25,CREX,230.72
2023-05-26,CREX,229.03
2023-05-29,CREX,230.04
2023-05-30,CREX,228.48
2023-05-31,CREX,229.61
2023-06-01,CREX,233.04
2023-06-02,CREX,231.25
2023-06-05,CREX,229.65
2023-06-06,CREX,231.51
2023-06-07,CREX,233.98
2023-06-08,CREX,230.66
2023-06-09,CREX,231.66
2023-06-12,CREX,233.38
2023-06-13,CREX,233.61
2023-06-14,CREX,230.63
2023-06-15,CREX,229.59
2023-06-16,CREX,233.01
2023-06-19,CREX,233.74
2023-06-20,CREX,236.2
2023-06-21,CREX,239.87
2023-06-22,CREX,241.68
2023-06-23,CREX,244.26
2023-06-26,CREX,249.31
2023-06-27,CREX,250.09
2023-06-28,CREX,255.33
2023-06-29,CREX,257.73
2023-06-30,CREX,266.5
2023-07-03,CREX,266.51
2023-07-04,CREX,270.12
2023-07-05,CREX,262.57
2023-07-06,CREX,257.71
2023-07-07,CREX,251.1
2023-07-10,CREX,248.96
2023-07-11,CREX,244.65
2023-07-12,CREX,243.53
2023-07-13,CREX,241.33
2023-07-14,CREX,242.9
2023-07-17,CREX,240.8
2023-07-18,CREX,239.71
2023-07-19,CREX,237.29
2023-07-20,CREX,228.65
2023-07-21,CREX,227.44
2023-07-24,CREX,227.58
2023-07-25,CREX,234.71
2023-07-26,CREX,237.86
2023-07-27,CREX,235.95
2023-07-28,CREX,231.52
2023-07-31,CREX,232.99
2023-08-01,CREX,234.53
2023-08-02,CREX,239.03
2023-08-03,CREX,239.63
2023-08-04,CREX,243.41
2023-08-07,CREX,243.15
2023-08-08,CREX,241.07
2023-08-09,CREX,244.61
2023-08-10,CREX,243.83
2023-08-11,CREX,238.35
2023-08-14,CREX,237.25
2023-08-15,CREX,242.23
2023-08-16,CREX,246.27
2023-08-17,CREX,252.83
2023-08-18,CREX,251.43
2023-08-21,CREX,258.99
2023-08-22,CREX,254.93
2023-08-23,CREX,260.05
2023-08-24,CREX,267.77
2023-08-25,CREX,273.71
2023-08-28,CREX,267.7
2023-08-29,CREX,267.99
2023-08-30,CREX,266.85
2023-08-31,CREX,262.78
2023-09-01,CREX,263.35
2023-09-04,CREX,265.1
2023-09-05,CREX,262.54
2023-09-06,CREX,265.39
2023-09-07,CREX,265.44
2023-09-08,CREX,263.52
2023-09-11,CREX,265.35
2023-09-12,CREX,274.33
2023-09-13,CREX,275.91
2023-09-14,CREX,273.41
2023-09-15,CREX,268.12
2023-09-18,CREX,261.14
2023-09-19,CREX,267.1
2023-09-20,CREX,265.04
2023-09-21,CREX,267.21
2023-09-22,CREX,262.84
2023-09-25,CREX,265.19
2023-09-26,CREX,271.0
2023-09-27,CREX,273.11
2023-09-28,CREX,266.95
2023-09-29,CREX,267.84
2023-10-02,CREX,266.43
2023-10-03,CREX,266.31
2023-10-04,CREX,267.45
2023-10-05,CREX,266.33
2023-10-06,CREX,265.5
2023-10-09,CREX,263.35
2023-10-10,CREX,266.04
2023-10-11,CREX,267.06
2023-10-12,CREX,273.4
2023-10-13,CREX,273.97
2023-10-16,CREX,279.71
2023-10-17,CREX,283.29
2023-10-18,CREX,286.85
2023-10-19,CREX,284.81
2023-10-20,CREX,283.26
2023-10-23,CREX,284.9
2023-10-24,CREX,283.6
2023-10-25,CREX,277.75
2023-10-26,CREX,273.59
2023-10-27,CREX,279.98
2023-10-30,CREX,282.9
2023-10-31,CREX,282.79
2023-11-01,CREX,287.93
2023-11-02,CREX,295.55
2023-11-03,CREX,292.19
2023-11-06,CREX,291.16
2023-11-07,CREX,291.88
2023-11-08,CREX,288.7
2023-11-09,CREX,287.2
2023-11-10,CREX,286.26
2023-11-13,CREX,280.69
2023-11-14,CREX,274.89
2023-11-15,CREX,279.63
2023-11-16,CREX,280.32
2023-11-17,CREX,275.45
2023-11-20,CREX,269.81
2023-11-21,CREX,278.84
2023-11-22,CREX,277.61
2023-11-23,CREX,274.14
2023-11-24,CREX,268.29
2023-11-27,CREX,269.59
2023-11-28,CREX,275.35
2023-11-29,CREX,274.82
2023-11-30,CREX,268.93
2023-12-01,CREX,270.39
2023-12-04,CREX,279.45
2023-12-05,CREX,276.14
2023-12-06,CREX,278.83
2023-12-07,CREX,280.04
2023-12-08,CREX,284.44
2023-12-11,CREX,282.5
2023-12-12,CREX,279.39
2023-12-13,CREX,279.82
2023-12-14,CREX,283.09
2023-12-15,CREX,281.29
2023-12-18,CREX,280.3
2023-12-19,CREX,269.85
2023-12-20,CREX,275.7
2023-12-21,CREX,270.08
2023-12-22,CREX,262.2
2023-12-25,CREX,266.96
2023-12-26,CREX,263.53
2023-12-27,CREX,271.71
2023-12-28,CREX,269.56
2023-12-29,CREX,266.66
2024-01-01,CREX,274.97
2024-01-02,CREX,273.46
2024-01-03,CREX,272.25
2024-01-04,CREX,270.1
2024-01-05,CREX,270.13
2024-01-08,CREX,269.63
2024-01-09,CREX,264.36
2024-01-10,CREX,271.41
2024-01-11,CREX,265.26
2024-01-12,CREX,264.71
2024-01-15,CREX,263.87
2024-01-16,CREX,269.48
2024-01-17,CREX,266.75
2024-01-18,CREX,266.85
2024-01-19,CREX,270.59
2024-01-22,CREX,267.76
2024-01-23,CREX,273.06
2024-01-24,CREX,279.14
2024-01-25,CREX,275.46
2024-01-26,CREX,271.89
2024-01-29,CREX,280.0
2024-01-30,CREX,284.34
2024-01-31,CREX,285.71
2024-02-01,CREX,289.88
2024-02-02,CREX,277.79
2024-02-05,CREX,271.63
2024-02-06,CREX,271.85
2024-02-07,CREX,276.01
2024-02-08,CREX,280.18
2024-02-09,CREX,278.42
2024-02-12,CREX,276.63
2024-02-13,CREX,279.21
2024-02-14,CREX,280.55
2024-02-15,CREX,281.45
2024-02-16,CREX,283.82
2024-02-19,CREX,290.04
2024-02-20,CREX,290.85
2024-02-21,CREX,287.09
2024-02-22,CREX,287.28
2024-02-23,CREX,287.53
2024-02-26,CREX,287.42
2024-02-27,CREX,283.89
2024-02-28,CREX,281.39
2024-02-29,CREX,276.55
2024-03-01,CREX,277.63
2024-03-04,CREX,281.66
2024-03-05,CREX,274.73
2024-03-06,CREX,281.01
2024-03-07,CREX,273.73
2024-03-08,CREX,276.83
2024-03-11,CREX,276.88
2024-03-12,CREX,282.43
2024-03-13,CREX,285.07
2024-03-14,CREX,288.04
2024-03-15,CREX,283.51
2024-03-18,CREX,290.57
2024-03-19,CREX,299.32
2024-03-20,CREX,297.85
2024-03-21,CREX,302.73
2024-03-22,CREX,289.53
2024-03-25,CREX,297.18
2024-03-26,CREX,292.96
2024-03-27,CREX,284.11
2024-03-28,CREX,288.37
2024-03-29,CREX,286.55
2024-04-01,CREX,290.05
2024-04-02,CREX,288.93
2024-04-03,CREX,289.71
2024-04-04,CREX,289.3
2024-04-05,CREX,289.25
2024-04-08,CREX,287.96
2024-04-09,CREX,290.02
2024-04-10,CREX,302.12
2024-04-11,CREX,296.65
2024-04-12,CREX,292.99
2024-04-15,CREX,295.57
2024-04-16,CREX,290.22
2024-04-17,CREX,286.94
2024-04-18,CREX,285.45
2024-04-19,CREX,280.78
2024-04-22,CREX,286.89
2024-04-23,CREX,280.45
2024-04-24,CREX,283.92
2024-04-25,CREX,278.87
2024-04-26,CREX,281.82
2024-04-29,CREX,281.14
2024-04-30,CREX,290.84
2024-05-01,CREX,287.67
2024-05-02,CREX,283.49
2024-05-03,CREX,284.02
2024-05-06,CREX,283.02
2024-05-07,CREX,281.59
2024-05-08,CREX,283.56
2024-05-09,CREX,283.82
2024-05-10,CREX,277.3
2024-05-13,CREX,274.64
2024-05-14,CREX,277.58
2024-05-15,CREX,288.42
2024-05-16,CREX,283.46
2024-05-17,CREX,285.59
2024-05-20,CREX,289.13
2024-05-21,CREX,287.36
2024-05-22,CREX,288.28
2024-05-23,CREX,283.78
2024-05-24,CREX,284.32
2024-05-27,CREX,288.36
2024-05-28,CREX,288.36
2024-05-29,CREX,284.85
2024-05-30,CREX,292.39
2024-05-31,CREX,296.17
2024-06-03,CREX,293.73
2024-06-04,CREX,298.09
2024-06-05,CREX,299.17
2024-06-06,CREX,300.34
2024-06-07,CREX,291.16
2024-06-10,CREX,288.96
2024-06-11,CREX,291.02
2024-06-12,CREX,294.92
2024-06-13,CREX,296.53
2024-06-14,CREX,290.24
2024-06-17,CREX,286.69
2024-06-18,CREX,282.06
2024-06-19,CREX,280.74
2024-06-20,CREX,280.24
2024-06-21,CREX,279.74
2024-06-24,CREX,280.44
2024-06-25,CREX,286.97
2024-06-26,CREX,290.62
2024-06-27,CREX,289.11
2024-06-28,CREX,288.0
2024-07-01,CREX,291.76
2024-07-02,CREX,291.81
2024-07-03,CREX,297.32
2024-07-04,CREX,304.79
2024-07-05,CREX,296.89
2024-07-08,CREX,295.72
2024-07-09,CREX,294.52
2024-07-10,CREX,296.81
2024-07-11,CREX,297.67
2024-07-12,CREX,301.54
2024-07-15,CREX,301.27
2024-07-16,CREX,306.87
2024-07-17,CREX,306.2
2024-07-18,CREX,302.81
2024-07-19,CREX,304.78
2024-07-22,CREX,307.53
2024-07-23,CREX,298.44
2024-07-24,CREX,299.75
2024-07-25,CREX,300.22
2024-07-26,CREX,302.59
2024-07-29,CREX,299.33
2024-07-30,CREX,303.4
2024-07-31,CREX,307.03
2024-08-01,CREX,304.02
2024-08-02,CREX,303.51
2024-08-05,CREX,304.79
2024-08-06,CREX,310.37
2024-08-07,CREX,307.02
2024-08-08,CREX,298.8
2024-08-09,CREX,299.03
2024-08-12,CREX,298.25
2024-08-13,CREX,301.61
2024-08-14,CREX,298.47
2024-08-15,CREX,303.82
2024-08-16,CREX,300.33
2024-08-19,CREX,301.24
2024-08-20,CREX,301.32
2024-08-21,CREX,297.86
2024-08-22,CREX,296.84
2024-08-23,CREX,297.02
2024-08-26,CREX,300.27
2024-08-27,CREX,296.64
2024-08-28,CREX,293.76
2024-08-29,CREX,294.8
2024-08-30,CREX,291.73
2024-09-02,CREX,292.31
2024-09-03,CREX,285.5
2024-09-04,CREX,281.38
2024-09-05,CREX,285.65
2024-09-06,CREX,279.8
2024-09-09,CREX,276.59
2024-09-10,CREX,280.6
2024-09-11,CREX,280.34
2024-09-12,CREX,283.61
2024-09-13,CREX,281.01
2024-09-16,CREX,277.24
2024-09-17,CREX,284.65
2024-09-18,CREX,280.09
2024-09-19,CREX,286.24
2024-09-20,CREX,285.61
2024-09-23,CREX,296.78
2024-09-24,CREX,297.78
2024-09-25,CREX,305.37
2024-09-26,CREX,305.36
2024-09-27,CREX,307.88
2024-09-30,CREX,302.06
2024-10-01,CREX,300.4
2024-10-02,CREX,301.31
2024-10-03,CREX,294.35
2024-10-04,CREX,291.28
2024-10-07,CREX,293.09
2024-10-08,CREX,294.2
2024-10-09,CREX,294.18
2024-10-10,CREX,289.2
2024-10-11,CREX,295.68
2024-10-14,CREX,299.14
2024-10-15,CREX,304.73
2024-10-16,CREX,308.5
2024-10-17,CREX,306.61
2024-10-18,CREX,303.24
2024-10-21,CREX,297.71
2024-10-22,CREX,301.69
2024-10-23,CREX,307.24
2024-10-24,CREX,302.31
2024-10-25,CREX,305.53
2024-10-28,CREX,309.14
2024-10-29,CREX,316.01
2024-10-30,CREX,316.77
2024-10-31,CREX,314.51
2024-11-01,CREX,307.36
2024-11-04,CREX,305.79
2024-11-05,CREX,300.45
2024-11-06,CREX,296.89
2024-11-07,CREX,304.99
2024-11-08,CREX,295.7
2024-11-11,CREX,300.51
2024-11-12,CREX,309.23
2024-11-13,CREX,313.28
2024-11-14,CREX,311.8
2024-11-15,CREX,315.7
2024-11-18,CREX,313.91
2024-11-19,CREX,312.78
2024-11-20,CREX,310.77
2024-11-21,CREX,313.97
2024-11-22,CREX,316.17
2024-11-25,CREX,318.48
2024-11-26,CREX,329.01
2024-11-27,CREX,330.17
2024-11-28,CREX,328.61
2024-11-29,CREX,319.82
2024-12-02,CREX,318.55
2024-12-03,CREX,320.17
2024-12-04,CREX,320.33
2024-12-05,CREX,315.26
2024-12-06,CREX,311.11
2024-12-09,CREX,311.2
2024-12-10,CREX,312.9
2024-12-11,CREX,311.97
2024-12-12,CREX,309.09
2024-12-13,CREX,312.78
2024-12-16,CREX,309.08
2024-12-17,CREX,311.16
2024-12-18,CREX,321.99
2024-12-19,CREX,318.43
2024-12-20,CREX,319.68
2024-12-23,CREX,321.88
2024-12-24,CREX,328.39
2024-12-25,CREX,321.92
2024-12-26,CREX,318.49
2024-12-27,CREX,328.26
2024-12-30,CREX,336.86
2024-12-31,CREX,353.1
2023-01-02,SOLX,205.76
2023-01-03,SOLX,195.97
2023-01-04,SOLX,198.44
2023-01-05,SOLX,201.0
2023-01-06,SOLX,200.15
2023-01-09,SOLX,202.72
2023-01-10,SOLX,202.08
2023-01-11,SOLX,200.11
2023-01-12,SOLX,181.85
2023-01-13,SOLX,181.66
2023-01-16,SOLX,187.01
2023-01-17,SOLX,190.46
2023-01-18,SOLX,190.17
2023-01-19,SOLX,186.08
2023-01-20,SOLX,182.86
2023-01-23,SOLX,193.26
2023-01-24,SOLX,191.84
2023-01-25,SOLX,193.57
2023-01-26,SOLX,194.89
2023-01-27,SOLX,195.85
2023-01-30,SOLX,198.3
2023-01-31,SOLX,202.15
2023-02-01,SOLX,204.61
2023-02-02,SOLX,197.11
2023-02-03,SOLX,205.78
2023-02-06,SOLX,207.92
2023-02-07,SOLX,208.54
2023-02-08,SOLX,206.18
2023-02-09,SOLX,207.22
2023-02-10,SOLX,197.84
2023-02-13,SOLX,189.79
2023-02-14,SOLX,186.76
2023-02-15,SOLX,195.72
2023-02-16,SOLX,199.07
2023-02-17,SOLX,193.9
2023-02-20,SOLX,198.82
2023-02-21,SOLX,198.54
2023-02-22,SOLX,201.79
2023-02-23,SOLX,209.14
2023-02-24,SOLX,214.44
2023-02-27,SOLX,207.9
2023-02-28,SOLX,207.12
2023-03-01,SOLX,209.58
2023-03-02,SOLX,214.8
2023-03-03,SOLX,218.88
2023-03-06,SOLX,212.17
2023-03-07,SOLX,218.28
2023-03-08,SOLX,228.4
2023-03-09,SOLX,232.58
2023-03-10,SOLX,229.09
2023-03-13,SOLX,228.6
2023-03-14,SOLX,228.28
2023-03-15,SOLX,221.57
2023-03-16,SOLX,225.01
2023-03-17,SOLX,223.39
2023-03-20,SOLX,217.72
2023-03-21,SOLX,225.0
2023-03-22,SOLX,229.51
2023-03-23,SOLX,222.1
2023-03-24,SOLX,213.13
2023-03-27,SOLX,211.62
2023-03-28,SOLX,209.06
2023-03-29,SOLX,199.33
2023-03-30,SOLX,206.17
2023-03-31,SOLX,214.61
2023-04-03,SOLX,209.8
2023-04-04,SOLX,204.55
2023-04-05,SOLX,195.63
2023-04-06,SOLX,198.18
2023-04-07,SOLX,206.57
2023-04-10,SOLX,204.46
2023-04-11,SOLX,200.81
2023-04-12,SOLX,206.73
2023-04-13,SOLX,193.34
2023-04-14,SOLX,188.75
2023-04-17,SOLX,187.84
2023-04-18,SOLX,191.33
2023-04-19,SOLX,188.44
2023-04-20,SOLX,182.58
2023-04-21,SOLX,181.85
2023-04-24,SOLX,179.02
2023-04-25,SOLX,184.23
2023-04-26,SOLX,184.85
2023-04-27,SOLX,187.57
2023-04-28,SOLX,177.59
2023-05-01,SOLX,174.89
2023-05-02,SOLX,178.35
2023-05-03,SOLX,181.14
2023-05-04,SOLX,173.52
2023-05-05,SOLX,173.38
2023-05-08,SOLX,172.38
2023-05-09,SOLX,179.08
2023-05-10,SOLX,177.94
2023-05-11,SOLX,176.68
2023-05-12,SOLX,173.51
2023-05-15,SOLX,170.26
2023-05-16,SOLX,166.99
2023-05-17,SOLX,161.44
2023-05-18,SOLX,159.4
2023-05-19,SOLX,162.64
2023-05-22,SOLX,159.69
2023-05-23,SOLX,153.08
2023-05-24,SOLX,147.62
2023-05-25,SOLX,152.04
2023-05-26,SOLX,150.93
2023-05-29,SOLX,151.53
2023-05-30,SOLX,150.8
2023-05-31,SOLX,150.45
2023-06-01,SOLX,147.65
2023-06-02,SOLX,141.97
2023-06-05,SOLX,142.66
2023-06-06,SOLX,147.92
2023-06-07,SOLX,143.08
2023-06-08,SOLX,146.88
2023-06-09,SOLX,147.36
2023-06-12,SOLX,150.7
2023-06-13,SOLX,146.56
2023-06-14,SOLX,145.93
2023-06-15,SOLX,140.54
2023-06-16,SOLX,138.64
2023-06-19,SOLX,143.79
2023-06-20,SOLX,146.33
2023-06-21,SOLX,139.9
2023-06-22,SOLX,135.05
2023-06-23,SOLX,136.98
2023-06-26,SOLX,141.03
2023-06-27,SOLX,139.97
2023-06-28,SOLX,133.92
2023-06-29,SOLX,131.48
2023-06-30,SOLX,124.52
2023-07-03,SOLX,124.86
2023-07-04,SOLX,118.21
2023-07-05,SOLX,117.59
2023-07-06,SOLX,119.22
2023-07-07,SOLX,116.56
2023-07-10,SOLX,119.16
2023-07-11,SOLX,117.09
2023-07-12,SOLX,113.53
2023-07-13,SOLX,107.78
2023-07-14,SOLX,106.43
2023-07-17,SOLX,99.89
2023-07-18,SOLX,100.37
2023-07-19,SOLX,102.59
2023-07-20,SOLX,99.88
2023-07-21,SOLX,99.76
2023-07-24,SOLX,102.68
2023-07-25,SOLX,101.6
2023-07-26,SOLX,97.55
2023-07-27,SOLX,97.53
2023-07-28,SOLX,94.47
2023-07-31,SOLX,93.5
2023-08-01,SOLX,91.91
2023-08-02,SOLX,95.1
2023-08-03,SOLX,93.97
2023-08-04,SOLX,95.46
2023-08-07,SOLX,92.74
2023-08-08,SOLX,96.76
2023-08-09,SOLX,100.72
2023-08-10,SOLX,98.65
2023-08-11,SOLX,96.45
2023-08-14,SOLX,97.1
2023-08-15,SOLX,92.16
2023-08-16,SOLX,86.77
2023-08-17,SOLX,89.24
2023-08-18,SOLX,88.08
2023-08-21,SOLX,88.11
2023-08-22,SOLX,86.85
2023-08-23,SOLX,86.81
2023-08-24,SOLX,88.67
2023-08-25,SOLX,86.86
2023-08-28,SOLX,90.87
2023-08-29,SOLX,93.69
2023-08-30,SOLX,91.26
2023-08-31,SOLX,91.64
2023-09-01,SOLX,95.98
2023-09-04,SOLX,98.55
2023-09-05,SOLX,97.85
2023-09-06,SOLX,99.37
2023-09-07,SOLX,96.89
2023-09-08,SOLX,97.08
2023-09-11,SOLX,94.58
2023-09-12,SOLX,95.68
2023-09-13,SOLX,97.75
2023-09-14,SOLX,93.2
2023-09-15,SOLX,92.08
2023-09-18,SOLX,93.44
2023-09-19,SOLX,95.82
2023-09-20,SOLX,93.73
2023-09-21,SOLX,93.51
2023-09-22,SOLX,96.93
2023-09-25,SOLX,98.99
2023-09-26,SOLX,101.0
2023-09-27,SOLX,101.15
2023-09-28,SOLX,106.45
2023-09-29,SOLX,109.18
2023-10-02,SOLX,109.52
2023-10-03,SOLX,115.29
2023-10-04,SOLX,115.32
2023-10-05,SOLX,113.78
2023-10-06,SOLX,113.32
2023-10-09,SOLX,113.67
2023-10-10,SOLX,110.11
2023-10-11,SOLX,112.95
2023-10-12,SOLX,118.63
2023-10-13,SOLX,115.97
2023-10-16,SOLX,114.95
2023-10-17,SOLX,115.03
2023-10-18,SOLX,120.99
2023-10-19,SOLX,117.89
2023-10-20,SOLX,122.1
2023-10-23,SOLX,125.59
2023-10-24,SOLX,123.32
2023-10-25,SOLX,126.57
2023-10-26,SOLX,127.79
2023-10-27,SOLX,124.47
2023-10-30,SOLX,131.02
2023-10-31,SOLX,124.62
2023-11-01,SOLX,127.79
2023-11-02,SOLX,123.45
2023-11-03,SOLX,126.99
2023-11-06,SOLX,122.76
2023-11-07,SOLX,121.33
2023-11-08,SOLX,120.92
2023-11-09,SOLX,120.46
2023-11-10,SOLX,128.96
2023-11-13,SOLX,125.9
2023-11-14,SOLX,125.73
2023-11-15,SOLX,120.39
2023-11-16,SOLX,116.2
2023-11-17,SOLX,121.44
2023-11-20,SOLX,124.57
2023-11-21,SOLX,128.14
2023-11-22,SOLX,130.83
2023-11-23,SOLX,135.45
2023-11-24,SOLX,137.68
2023-11-27,SOLX,139.23
2023-11-28,SOLX,133.93
2023-11-29,SOLX,141.1
2023-11-30,SOLX,146.63
2023-12-01,SOLX,147.13
2023-12-04,SOLX,139.9
2023-12-05,SOLX,137.54
2023-12-06,SOLX,133.68
2023-12-07,SOLX,131.24
2023-12-08,SOLX,133.63
2023-12-11,SOLX,131.54
2023-12-12,SOLX,134.11
2023-12-13,SOLX,132.72
2023-12-14,SOLX,127.4
2023-12-15,SOLX,123.62
2023-12-18,SOLX,125.37
2023-12-19,SOLX,121.42
2023-12-20,SOLX,123.92
2023-12-21,SOLX,125.36
2023-12-22,SOLX,122.88
2023-12-25,SOLX,114.22
2023-12-26,SOLX,114.95
2023-12-27,SOLX,116.77
2023-12-28,SOLX,118.36
2023-12-29,SOLX,123.55
2024-01-01,SOLX,123.41
2024-01-02,SOLX,120.96
2024-01-03,SOLX,117.91
2024-01-04,SOLX,115.93
2024-01-05,SOLX,114.23
2024-01-08,SOLX,111.49
2024-01-09,SOLX,107.3
2024-01-10,SOLX,110.66
2024-01-11,SOLX,109.43
2024-01-12,SOLX,111.82
2024-01-15,SOLX,113.7
2024-01-16,SOLX,112.26
2024-01-17,SOLX,112.43
2024-01-18,SOLX,110.87
2024-01-19,SOLX,112.53
2024-01-22,SOLX,115.21
2024-01-23,SOLX,112.04
2024-01-24,SOLX,117.75
2024-01-25,SOLX,118.47
2024-01-26,SOLX,120.61
2024-01-29,SOLX,117.17
2024-01-30,SOLX,114.59
2024-01-31,SOLX,117.67
2024-02-01,SOLX,121.87
2024-02-02,SOLX,128.27
2024-02-05,SOLX,127.02
2024-02-06,SOLX,125.73
2024-02-07,SOLX,127.17
2024-02-08,SOLX,133.17
2024-02-09,SOLX,130.12
2024-02-12,SOLX,131.3
2024-02-13,SOLX,135.98
2024-02-14,SOLX,123.24
2024-02-15,SOLX,123.01
2024-02-16,SOLX,133.13
2024-02-19,SOLX,135.83
2024-02-20,SOLX,129.0
2024-02-21,SOLX,123.43
2024-02-22,SOLX,121.51
2024-02-23,SOLX,119.09
2024-02-26,SOLX,118.87
2024-02-27,SOLX,119.02
2024-02-28,SOLX,118.12
2024-02-29,SOLX,118.9
2024-03-01,SOLX,117.52
2024-03-04,SOLX,115.35
2024-03-05,SOLX,110.93
2024-03-06,SOLX,110.97
2024-03-07,SOLX,103.28
2024-03-08,SOLX,103.23
2024-03-11,SOLX,104.07
2024-03-12,SOLX,105.75
2024-03-13,SOLX,109.24
2024-03-14,SOLX,110.83
2024-03-15,SOLX,109.8
2024-03-18,SOLX,110.73
2024-03-19,SOLX,108.56
2024-03-20,SOLX,105.64
2024-03-21,SOLX,103.96
2024-03-22,SOLX,105.05
2024-03-25,SOLX,108.2
2024-03-26,SOLX,106.87
2024-03-27,SOLX,104.31
2024-03-28,SOLX,100.99
2024-03-29,SOLX,101.26
2024-04-01,SOLX,101.15
2024-04-02,SOLX,102.44
2024-04-03,SOLX,104.64
2024-04-04,SOLX,100.04
2024-04-05,SOLX,101.57
2024-04-08,SOLX,105.39
2024-04-09,SOLX,102.77
2024-04-10,SOLX,102.95
2024-04-11,SOLX,107.06
2024-04-12,SOLX,101.37
2024-04-15,SOLX,100.98
2024-04-16,SOLX,97.99
2024-04-17,SOLX,100.2
2024-04-18,SOLX,99.54
2024-04-19,SOLX,100.46
2024-04-22,SOLX,92.6
2024-04-23,SOLX,96.14
2024-04-24,SOLX,94.01
2024-04-25,SOLX,90.39
2024-04-26,SOLX,86.72
2024-04-29,SOLX,88.14
2024-04-30,SOLX,85.4
2024-05-01,SOLX,88.99
2024-05-02,SOLX,87.79
2024-05-03,SOLX,90.12
2024-05-06,SOLX,84.21
2024-05-07,SOLX,86.1
2024-05-08,SOLX,88.48
2024-05-09,SOLX,89.65
2024-05-10,SOLX,89.23
2024-05-13,SOLX,93.79
2024-05-14,SOLX,92.52
2024-05-15,SOLX,91.24
2024-05-16,SOLX,89.31
2024-05-17,SOLX,92.44
2024-05-20,SOLX,90.81
2024-05-21,SOLX,91.37
2024-05-22,SOLX,89.99
2024-05-23,SOLX,87.53
2024-05-24,SOLX,94.19
2024-05-27,SOLX,93.89
2024-05-28,SOLX,97.81
2024-05-29,SOLX,98.47
2024-05-30,SOLX,101.25
2024-05-31,SOLX,102.58
2024-06-03,SOLX,101.96
2024-06-04,SOLX,96.29
2024-06-05,SOLX,95.22
2024-06-06,SOLX,96.69
2024-06-07,SOLX,102.98
2024-06-10,SOLX,102.38
2024-06-11,SOLX,100.88
2024-06-12,SOLX,100.08
2024-06-13,SOLX,99.07
2024-06-14,SOLX,102.05
2024-06-17,SOLX,101.14
2024-06-18,SOLX,101.62
2024-06-19,SOLX,99.29
2024-06-20,SOLX,98.18
2024-06-21,SOLX,99.27
2024-06-24,SOLX,98.17
2024-06-25,SOLX,96.38
2024-06-26,SOLX,97.62
2024-06-27,SOLX,98.14
2024-06-28,SOLX,98.95
2024-07-01,SOLX,101.78
2024-07-02,SOLX,104.0
2024-07-03,SOLX,101.93
2024-07-04,SOLX,105.72
2024-07-05,SOLX,106.93
2024-07-08,SOLX,105.49
2024-07-09,SOLX,105.69
2024-07-10,SOLX,102.08
2024-07-11,SOLX,105.57
2024-07-12,SOLX,102.93
2024-07-15,SOLX,99.17
2024-07-16,SOLX,102.53
2024-07-17,SOLX,101.66
2024-07-18,SOLX,103.4
2024-07-19,SOLX,100.93
2024-07-22,SOLX,95.54
2024-07-23,SOLX,95.55
2024-07-24,SOLX,96.37
2024-07-25,SOLX,94.93
2024-07-26,SOLX,95.59
2024-07-29,SOLX,93.55
2024-07-30,SOLX,92.63
2024-07-31,SOLX,92.07
2024-08-01,SOLX,91.33
2024-08-02,SOLX,89.59
2024-08-05,SOLX,93.62
2024-08-06,SOLX,91.08
2024-08-07,SOLX,90.27
2024-08-08,SOLX,85.97
2024-08-09,SOLX,89.17
2024-08-12,SOLX,92.74
2024-08-13,SOLX,89.38
2024-08-14,SOLX,87.16
2024-08-15,SOLX,89.34
2024-08-16,SOLX,86.84
2024-08-19,SOLX,83.65
2024-08-20,SOLX,82.79
2024-08-21,SOLX,82.62
2024-08-22,SOLX,83.86
2024-08-23,SOLX,81.04
2024-08-26,SOLX,79.11
2024-08-27,SOLX,83.2
2024-08-28,SOLX,78.96
2024-08-29,SOLX,80.11
2024-08-30,SOLX,82.34
2024-09-02,SOLX,79.63
2024-09-03,SOLX,78.8
2024-09-04,SOLX,83.46
2024-09-05,SOLX,83.83
2024-09-06,SOLX,84.2
2024-09-09,SOLX,81.89
2024-09-10,SOLX,80.85
2024-09-11,SOLX,84.32
2024-09-12,SOLX,82.1
2024-09-13,SOLX,83.57
2024-09-16,SOLX,85.44
2024-09-17,SOLX,86.58
2024-09-18,SOLX,87.41
2024-09-19,SOLX,91.3
2024-09-20,SOLX,91.92
2024-09-23,SOLX,92.92
2024-09-24,SOLX,98.06
2024-09-25,SOLX,101.46
2024-09-26,SOLX,99.77
2024-09-27,SOLX,102.9
2024-09-30,SOLX,102.52
2024-10-01,SOLX,102.38
2024-10-02,SOLX,104.57
2024-10-03,SOLX,102.05
2024-10-04,SOLX,104.99
2024-10-07,SOLX,101.3
2024-10-08,SOLX,94.85
2024-10-09,SOLX,94.88
2024-10-10,SOLX,99.13
2024-10-11,SOLX,103.83
2024-10-14,SOLX,106.41
2024-10-15,SOLX,108.19
2024-10-16,SOLX,105.56
2024-10-17,SOLX,102.65
2024-10-18,SOLX,100.94
2024-10-21,SOLX,102.51
2024-10-22,SOLX,104.21
2024-10-23,SOLX,101.32
2024-10-24,SOLX,104.11
2024-10-25,SOLX,105.28
2024-10-28,SOLX,111.04
2024-10-29,SOLX,109.31
2024-10-30,SOLX,104.98
2024-10-31,SOLX,106.25
2024-11-01,SOLX,104.03
2024-11-04,SOLX,101.43
2024-11-05,SOLX,103.22
2024-11-06,SOLX,106.85
2024-11-07,SOLX,106.46
2024-11-08,SOLX,103.73
2024-11-11,SOLX,113.55
2024-11-12,SOLX,112.25
2024-11-13,SOLX,111.44
2024-11-14,SOLX,114.01
2024-11-15,SOLX,111.82
2024-11-18,SOLX,118.18
2024-11-19,SOLX,120.65
2024-11-20,SOLX,117.02
2024-11-21,SOLX,121.2
2024-11-22,SOLX,115.85
2024-11-25,SOLX,110.42
2024-11-26,SOLX,106.94
2024-11-27,SOLX,101.2
2024-11-28,SOLX,98.25
2024-11-29,SOLX,99.31
2024-12-02,SOLX,100.3
2024-12-03,SOLX,97.86
2024-12-04,SOLX,98.32
2024-12-05,SOLX,98.24
2024-12-06,SOLX,95.28
2024-12-09,SOLX,95.73
2024-12-10,SOLX,94.21
2024-12-11,SOLX,93.54
2024-12-12,SOLX,95.98
2024-12-13,SOLX,96.21
2024-12-16,SOLX,92.54
2024-12-17,SOLX,91.26
2024-12-18,SOLX,88.28
2024-12-19,SOLX,89.72
2024-12-20,SOLX,87.61
2024-12-23,SOLX,93.3
2024-12-24,SOLX,90.14
2024-12-25,SOLX,90.46
2024-12-26,SOLX,91.89
2024-12-27,SOLX,96.45
2024-12-30,SOLX,97.52
2024-12-31,SOLX,93.85
2023-01-02,IROX,194.08
2023-01-03,IROX,195.52
2023-01-04,IROX,196.28
2023-01-05,IROX,200.71
2023-01-06,IROX,200.95
2023-01-09,IROX,196.5
2023-01-10,IROX,202.89
2023-01-11,IROX,200.57
2023-01-12,IROX,196.53
2023-01-13,IROX,195.13
2023-01-16,IROX,186.45
2023-01-17,IROX,191.94
2023-01-18,IROX,192.78
2023-01-19,IROX,195.51
2023-01-20,IROX,197.6
2023-01-23,IROX,198.31
2023-01-24,IROX,198.25
2023-01-25,IROX,202.2
2023-01-26,IROX,208.21
2023-01-27,IROX,203.05
2023-01-30,IROX,206.23
2023-01-31,IROX,205.92
2023-02-01,IROX,202.8
2023-02-02,IROX,205.06
2023-02-03,IROX,200.99
2023-02-06,IROX,200.02
2023-02-07,IROX,204.1
2023-02-08,IROX,206.76
2023-02-09,IROX,213.82
2023-02-10,IROX,216.11
2023-02-13,IROX,207.98
2023-02-14,IROX,206.43
2023-02-15,IROX,207.14
2023-02-16,IROX,203.33
2023-02-17,IROX,198.55
2023-02-20,IROX,193.46
2023-02-21,IROX,195.28
2023-02-22,IROX,198.49
2023-02-23,IROX,199.63
2023-02-24,IROX,196.21
2023-02-27,IROX,206.84
2023-02-28,IROX,206.36
2023-03-01,IROX,198.07
2023-03-02,IROX,199.08
2023-03-03,IROX,196.2
2023-03-06,IROX,192.88
2023-03-07,IROX,198.96
2023-03-08,IROX,200.65
2023-03-09,IROX,200.65
2023-03-10,IROX,202.27
2023-03-13,IROX,211.34
2023-03-14,IROX,217.61
2023-03-15,IROX,227.4
2023-03-16,IROX,225.07
2023-03-17,IROX,222.04
2023-03-20,IROX,217.23
2023-03-21,IROX,207.3
2023-03-22,IROX,208.25
2023-03-23,IROX,208.74
2023-03-24,IROX,207.11
2023-03-27,IROX,200.21
2023-03-28,IROX,197.2
2023-03-29,IROX,191.3
2023-03-30,IROX,192.24
2023-03-31,IROX,189.66
2023-04-03,IROX,190.91
2023-04-04,IROX,186.5
2023-04-05,IROX,186.32
2023-04-06,IROX,190.81
2023-04-07,IROX,192.03
2023-04-10,IROX,192.5
2023-04-11,IROX,193.15
2023-04-12,IROX,192.96
2023-04-13,IROX,192.67
2023-04-14,IROX,189.86
2023-04-17,IROX,198.84
2023-04-18,IROX,196.62
2023-04-19,IROX,196.64
2023-04-20,IROX,198.79
2023-04-21,IROX,196.41
2023-04-24,IROX,193.62
2023-04-25,IROX,199.49
2023-04-26,IROX,194.38
2023-04-27,IROX,197.72
2023-04-28,IROX,199.04
2023-05-01,IROX,196.42
2023-05-02,IROX,189.72
2023-05-03,IROX,188.29
2023-05-04,IROX,190.59
2023-05-05,IROX,189.64
2023-05-08,IROX,185.12
2023-05-09,IROX,184.9
2023-05-10,IROX,185.88
2023-05-11,IROX,190.47
2023-05-12,IROX,192.66
2023-05-15,IROX,185.1
2023-05-16,IROX,186.26
2023-05-17,IROX,187.93
2023-05-18,IROX,186.11
2023-05-19,IROX,183.12
2023-05-22,IROX,181.49
2023-05-23,IROX,181.89
2023-05-24,IROX,177.25
2023-05-25,IROX,179.29
2023-05-26,IROX,182.71
2023-05-29,IROX,186.52
2023-05-30,IROX,193.61
2023-05-31,IROX,195.8
2023-06-01,IROX,194.02
2023-06-02,IROX,196.34
2023-06-05,IROX,196.01
2023-06-06,IROX,196.11
2023-06-07,IROX,197.57
2023-06-08,IROX,201.91
2023-06-09,IROX,205.09
2023-06-12,IROX,203.02
2023-06-13,IROX,200.47
2023-06-14,IROX,203.07
2023-06-15,IROX,204.43
2023-06-16,IROX,209.94
2023-06-19,IROX,210.37
2023-06-20,IROX,211.09
2023-06-21,IROX,214.45
2023-06-22,IROX,213.0
2023-06-23,IROX,222.39
2023-06-26,IROX,220.07
2023-06-27,IROX,222.82
2023-06-28,IROX,217.48
2023-06-29,IROX,213.16
2023-06-30,IROX,210.03
2023-07-03,IROX,212.75
2023-07-04,IROX,218.43
2023-07-05,IROX,224.62
2023-07-06,IROX,220.84
2023-07-07,IROX,213.54
2023-07-10,IROX,216.62
2023-07-11,IROX,216.47
2023-07-12,IROX,219.34
2023-07-13,IROX,217.24
2023-07-14,IROX,220.39
2023-07-17,IROX,226.6
2023-07-18,IROX,237.38
2023-07-19,IROX,234.78
2023-07-20,IROX,238.95
2023-07-21,IROX,246.65
2023-07-24,IROX,240.41
2023-07-25,IROX,235.57
2023-07-26,IROX,231.46
2023-07-27,IROX,237.6
2023-07-28,IROX,234.53
2023-07-31,IROX,225.11
2023-08-01,IROX,226.77
2023-08-02,IROX,225.67
2023-08-03,IROX,219.79
2023-08-04,IROX,218.16
2023-08-07,IROX,213.3
2023-08-08,IROX,216.51
2023-08-09,IROX,213.39
2023-08-10,IROX,214.51
2023-08-11,IROX,212.54
2023-08-14,IROX,216.91
2023-08-15,IROX,217.85
2023-08-16,IROX,218.3
2023-08-17,IROX,211.22
2023-08-18,IROX,220.61
2023-08-21,IROX,219.02
2023-08-22,IROX,219.57
2023-08-23,IROX,230.32
2023-08-24,IROX,232.32
2023-08-25,IROX,227.99
2023-08-28,IROX,232.01
2023-08-29,IROX,230.95
2023-08-30,IROX,235.78
2023-08-31,IROX,231.06
2023-09-01,IROX,228.47
2023-09-04,IROX,226.35
2023-09-05,IROX,230.02
2023-09-06,IROX,229.66
2023-09-07,IROX,223.7
2023-09-08,IROX,220.73
2023-09-11,IROX,218.32
2023-09-12,IROX,215.17
2023-09-13,IROX,212.47
2023-09-14,IROX,205.3
2023-09-15,IROX,200.25
2023-09-18,IROX,206.76
2023-09-19,IROX,198.28
2023-09-20,IROX,202.01
2023-09-21,IROX,202.78
2023-09-22,IROX,198.63
2023-09-25,IROX,201.87
2023-09-26,IROX,206.02
2023-09-27,IROX,203.07
2023-09-28,IROX,199.73
2023-09-29,IROX,203.6
2023-10-02,IROX,199.1
2023-10-03,IROX,191.29
2023-10-04,IROX,191.81
2023-10-05,IROX,191.1
2023-10-06,IROX,190.02
2023-10-09,IROX,190.05
2023-10-10,IROX,193.97
2023-10-11,IROX,193.57
2023-10-12,IROX,192.22
2023-10-13,IROX,193.38
2023-10-16,IROX,190.48
2023-10-17,IROX,189.5
2023-10-18,IROX,192.13
2023-10-19,IROX,190.82
2023-10-20,IROX,198.35
2023-10-23,IROX,203.09
2023-10-24,IROX,197.57
2023-10-25,IROX,191.47
2023-10-26,IROX,192.64
2023-10-27,IROX,196.07
2023-10-30,IROX,189.43
2023-10-31,IROX,193.83
2023-11-01,IROX,194.38
2023-11-02,IROX,199.18
2023-11-03,IROX,195.5
2023-11-06,IROX,193.86
2023-11-07,IROX,194.71
2023-11-08,IROX,191.69
2023-11-09,IROX,192.14
2023-11-10,IROX,194.77
2023-11-13,IROX,201.62
2023-11-14,IROX,199.53
2023-11-15,IROX,202.48
2023-11-16,IROX,202.49
2023-11-17,IROX,204.69
2023-11-20,IROX,203.66
2023-11-21,IROX,199.81
2023-11-22,IROX,192.44
2023-11-23,IROX,192.49
2023-11-24,IROX,193.77
2023-11-27,IROX,193.74
2023-11-28,IROX,196.19
2023-11-29,IROX,190.71
2023-11-30,IROX,195.42
2023-12-01,IROX,197.73
2023-12-04,IROX,199.05
2023-12-05,IROX,197.34
2023-12-06,IROX,201.87
2023-12-07,IROX,202.92
2023-12-08,IROX,207.22
2023-12-11,IROX,200.69
2023-12-12,IROX,203.81
2023-12-13,IROX,201.6
2023-12-14,IROX,197.73
2023-12-15,IROX,207.28
2023-12-18,IROX,200.86
2023-12-19,IROX,195.26
2023-12-20,IROX,197.44
2023-12-21,IROX,194.71
2023-12-22,IROX,198.55
2023-12-25,IROX,196.75
2023-12-26,IROX,195.3
2023-12-27,IROX,193.73
2023-12-28,IROX,195.97
2023-12-29,IROX,192.38
2024-01-01,IROX,195.88
2024-01-02,IROX,191.09
2024-01-03,IROX,195.9
2024-01-04,IROX,191.9
2024-01-05,IROX,192.0
2024-01-08,IROX,191.88
2024-01-09,IROX,194.07
2024-01-10,IROX,194.65
2024-01-11,IROX,189.21
2024-01-12,IROX,193.83
2024-01-15,IROX,186.19
2024-01-16,IROX,188.8
2024-01-17,IROX,187.37
2024-01-18,IROX,183.61
2024-01-19,IROX,183.45
2024-01-22,IROX,178.42
2024-01-23,IROX,177.1
2024-01-24,IROX,183.02
2024-01-25,IROX,182.46
2024-01-26,IROX,177.44
2024-01-29,IROX,175.78
2024-01-30,IROX,175.77
2024-01-31,IROX,178.09
2024-02-01,IROX,170.71
2024-02-02,IROX,170.89
2024-02-05,IROX,175.13
2024-02-06,IROX,173.59
2024-02-07,IROX,168.02
2024-02-08,IROX,165.85
2024-02-09,IROX,168.66
2024-02-12,IROX,165.13
2024-02-13,IROX,161.56
2024-02-14,IROX,161.78
2024-02-15,IROX,157.68
2024-02-16,IROX,157.18
2024-02-19,IROX,157.1
2024-02-20,IROX,157.2
2024-02-21,IROX,157.36
2024-02-22,IROX,153.77
2024-02-23,IROX,147.09
2024-02-26,IROX,147.81
2024-02-27,IROX,149.75
2024-02-28,IROX,144.84
2024-02-29,IROX,144.36
2024-03-01,IROX,143.44
2024-03-04,IROX,143.24
2024-03-05,IROX,146.93
2024-03-06,IROX,143.55
2024-03-07,IROX,140.65
2024-03-08,IROX,143.62
2024-03-11,IROX,140.73
2024-03-12,IROX,139.84
2024-03-13,IROX,136.17
2024-03-14,IROX,136.6
2024-03-15,IROX,133.71
2024-03-18,IROX,133.43
2024-03-19,IROX,131.77
2024-03-20,IROX,134.43
2024-03-21,IROX,133.92
2024-03-22,IROX,134.57
2024-03-25,IROX,135.38
2024-03-26,IROX,133.67
2024-03-27,IROX,134.4
2024-03-28,IROX,134.86
2024-03-29,IROX,133.53
2024-04-01,IROX,132.72
2024-04-02,IROX,125.91
2024-04-03,IROX,124.71
2024-04-04,IROX,125.69
2024-04-05,IROX,129.98
2024-04-08,IROX,130.17
2024-04-09,IROX,134.16
2024-04-10,IROX,132.93
2024-04-11,IROX,132.47
2024-04-12,IROX,134.18
2024-04-15,IROX,135.58
2024-04-16,IROX,136.5
2024-04-17,IROX,135.25
2024-04-18,IROX,131.64
2024-04-19,IROX,135.15
2024-04-22,IROX,137.5
2024-04-23,IROX,138.41
2024-04-24,IROX,142.91
2024-04-25,IROX,142.72
2024-04-26,IROX,140.82
2024-04-29,IROX,140.2
2024-04-30,IROX,136.84
2024-05-01,IROX,137.71
2024-05-02,IROX,139.31
2024-05-03,IROX,140.44
2024-05-06,IROX,139.73
2024-05-07,IROX,143.15
2024-05-08,IROX,144.31
2024-05-09,IROX,144.53
2024-05-10,IROX,142.08
2024-05-13,IROX,148.47
2024-05-14,IROX,150.87
2024-05-15,IROX,150.46
2024-05-16,IROX,153.53
2024-05-17,IROX,152.76
2024-05-20,IROX,149.91
2024-05-21,IROX,152.29
2024-05-22,IROX,155.72
2024-05-23,IROX,158.26
2024-05-24,IROX,161.4
2024-05-27,IROX,166.13
2024-05-28,IROX,167.42
2024-05-29,IROX,169.66
2024-05-30,IROX,168.88
2024-05-31,IROX,172.12
2024-06-03,IROX,177.14
2024-06-04,IROX,169.82
2024-06-05,IROX,166.77
2024-06-06,IROX,169.98
2024-06-07,IROX,175.98
2024-06-10,IROX,172.71
2024-06-11,IROX,173.11
2024-06-12,IROX,172.73
2024-06-13,IROX,176.97
2024-06-14,IROX,178.19
2024-06-17,IROX,174.48
2024-06-18,IROX,172.51
2024-06-19,IROX,167.66
2024-06-20,IROX,168.07
2024-06-21,IROX,168.56
2024-06-24,IROX,169.89
2024-06-25,IROX,167.94
2024-06-26,IROX,171.83
2024-06-27,IROX,171.16
2024-06-28,IROX,173.08
2024-07-01,IROX,172.8
2024-07-02,IROX,177.28
2024-07-03,IROX,172.73
2024-07-04,IROX,176.26
2024-07-05,IROX,173.29
2024-07-08,IROX,173.99
2024-07-09,IROX,177.75
2024-07-10,IROX,171.48
2024-07-11,IROX,174.51
2024-07-12,IROX,178.9
2024-07-15,IROX,184.54
2024-07-16,IROX,181.33
2024-07-17,IROX,180.95
2024-07-18,IROX,180.76
2024-07-19,IROX,186.65
2024-07-22,IROX,183.81
2024-07-23,IROX,183.55
2024-07-24,IROX,176.48
2024-07-25,IROX,172.09
2024-07-26,IROX,168.28
2024-07-29,IROX,165.73
2024-07-30,IROX,161.89
2024-07-31,IROX,158.36
2024-08-01,IROX,160.57
2024-08-02,IROX,162.83
2024-08-05,IROX,162.37
2024-08-06,IROX,162.51
2024-08-07,IROX,158.51
2024-08-08,IROX,161.31
2024-08-09,IROX,157.61
2024-08-12,IROX,156.86
2024-08-13,IROX,158.0
2024-08-14,IROX,155.69
2024-08-16,IROX,152.74
2024-08-20,IROX,153.36
2024-08-21,IROX,147.8
2024-08-22,IROX,145.38
2024-08-23,IROX,146.09
2024-08-26,IROX,146.23
2024-08-27,IROX,146.84
2024-08-28,IROX,142.84
2024-08-29,IROX,147.93
2024-08-30,IROX,149.56
2024-09-02,IROX,148.98
2024-09-03,IROX,144.61
2024-09-04,IROX,141.55
2024-09-05,IROX,142.52
2024-09-06,IROX,148.18
2024-09-09,IROX,145.24
2024-09-10,IROX,142.59
2024-09-11,IROX,149.54
2024-09-12,IROX,149.71
2024-09-13,IROX,150.38
2024-09-16,IROX,155.43
2024-09-17,IROX,157.18
2024-09-18,IROX,161.34
2024-09-19,IROX,161.64
2024-09-20,IROX,161.1
2024-09-23,IROX,158.81
2024-09-24,IROX,159.52
2024-09-25,IROX,163.14
2024-09-26,IROX,164.22
2024-09-27,IROX,163.86
2024-09-30,IROX,163.02
2024-10-01,IROX,160.52
2024-10-02,IROX,162.16
2024-10-03,IROX,160.7
2024-10-04,IROX,163.65
2024-10-07,IROX,166.99
2024-10-08,IROX,168.37
2024-10-09,IROX,162.65
2024-10-10,IROX,158.67
2024-10-11,IROX,155.27
2024-10-14,IROX,153.34
2024-10-15,IROX,153.78
2024-10-16,IROX,153.98
2024-10-17,IROX,161.33
2024-10-18,IROX,167.41
2024-10-21,IROX,161.8
2024-10-22,IROX,162.88
2024-10-23,IROX,163.1
2024-10-24,IROX,160.74
2024-10-25,IROX,159.93
2024-10-28,IROX,161.94
2024-10-29,IROX,165.88
2024-10-30,IROX,166.83
2024-10-31,IROX,162.66
2024-11-01,IROX,164.19
2024-11-04,IROX,166.89
2024-11-05,IROX,166.76
2024-11-06,IROX,166.43
2024-11-07,IROX,169.25
2024-11-08,IROX,166.9
2024-11-11,IROX,170.84
2024-11-12,IROX,171.37
2024-11-13,IROX,176.49
2024-11-14,IROX,171.81
2024-11-15,IROX,174.81
2024-11-18,IROX,176.18
2024-11-19,IROX,186.57
2024-11-20,IROX,189.13
2024-11-21,IROX,183.46
2024-11-22,IROX,187.95
2024-11-25,IROX,183.42
2024-11-26,IROX,181.39
2024-11-27,IROX,180.18
2024-11-28,IROX,180.98
2024-11-29,IROX,184.54
2024-12-02,IROX,177.49
2024-12-03,IROX,178.44
2024-12-04,IROX,179.42
2024-12-05,IROX,184.06
2024-12-06,IROX,186.62
2024-12-09,IROX,185.03
2024-12-10,IROX,187.27
2024-12-11,IROX,186.18
2024-12-12,IROX,183.46
2024-12-13,IROX,187.18
2024-12-16,IROX,187.39
2024-12-17,IROX,192.71
2024-12-18,IROX,189.41
2024-12-19,IROX,192.15
2024-12-20,IROX,202.05
2024-12-23,IROX,201.46
2024-12-24,IROX,206.42
2024-12-25,IROX,211.47
2024-12-26,IROX,215.69
2024-12-27,IROX,213.89
2024-12-30,IROX,221.02
2024-12-31,IROX,226.46
2023-01-02,SILX,48.82
2023-01-03,SILX,49.64
2023-01-04,SILX,49.79
2023-01-05,SILX,50.28
2023-01-06,SILX,50.1
2023-01-09,SILX,50.31
2023-01-10,SILX,51.03
2023-01-11,SILX,51.42
2023-01-12,SILX,51.72
2023-01-13,SILX,51.72
2023-01-16,SILX,51.78
2023-01-17,SILX,51.87
2023-01-18,SILX,52.71
2023-01-19,SILX,53.31
2023-01-20,SILX,53.75
2023-01-23,SILX,53.49
2023-01-24,SILX,53.36
2023-01-25,SILX,53.5
2023-01-26,SILX,53.37
2023-01-27,SILX,53.25
2023-01-30,SILX,53.4
2023-01-31,SILX,54.45
2023-02-01,SILX,54.2
2023-02-02,SILX,54.67
2023-02-03,SILX,54.96
2023-02-06,SILX,54.65
2023-02-07,SILX,54.49
2023-02-08,SILX,54.62
2023-02-09,SILX,53.84
2023-02-10,SILX,54.22
2023-02-13,SILX,54.47
2023-02-14,SILX,53.65
2023-02-15,SILX,53.62
2023-02-16,SILX,53.36
2023-02-17,SILX,52.91
2023-02-20,SILX,52.36
2023-02-21,SILX,51.14
2023-02-22,SILX,51.54
2023-02-23,SILX,51.07
2023-02-24,SILX,51.48
2023-02-27,SILX,51.69
2023-02-28,SILX,51.13
2023-03-01,SILX,49.98
2023-03-02,SILX,49.62
2023-03-03,SILX,49.26
2023-03-06,SILX,49.06
2023-03-07,SILX,49.58
2023-03-08,SILX,51.07
2023-03-09,SILX,51.83
2023-03-10,SILX,52.24
2023-03-13,SILX,52.31
2023-03-14,SILX,51.97
2023-03-15,SILX,52.27
2023-03-16,SILX,51.26
2023-03-17,SILX,50.21
2023-03-20,SILX,50.39
2023-03-21,SILX,50.8
2023-03-22,SILX,50.38
2023-03-23,SILX,50.05
2023-03-24,SILX,49.93
2023-03-27,SILX,49.83
2023-03-28,SILX,50.25
2023-03-29,SILX,50.31
2023-03-30,SILX,50.97
2023-03-31,SILX,51.29
2023-04-03,SILX,50.78
2023-04-04,SILX,51.61
2023-04-05,SILX,51.26
2023-04-06,SILX,50.87
2023-04-07,SILX,50.36
2023-04-10,SILX,50.88
2023-04-11,SILX,51.3
2023-04-12,SILX,50.75
2023-04-13,SILX,50.91
2023-04-14,SILX,51.25
2023-04-17,SILX,51.24
2023-04-18,SILX,52.09
2023-04-19,SILX,52.41
2023-04-20,SILX,51.56
2023-04-21,SILX,50.95
2023-04-24,SILX,50.81
2023-04-25,SILX,51.68
2023-04-26,SILX,52.14
2023-04-27,SILX,52.13
2023-04-28,SILX,52.91
2023-05-01,SILX,52.7
2023-05-02,SILX,52.73
2023-05-03,SILX,52.07
2023-05-04,SILX,51.64
2023-05-05,SILX,52.39
2023-05-08,SILX,51.95
2023-05-09,SILX,51.22
2023-05-10,SILX,51.35
2023-05-11,SILX,51.63
2023-05-12,SILX,51.84
2023-05-15,SILX,51.55
2023-05-16,SILX,51.83
2023-05-17,SILX,52.95
2023-05-18,SILX,52.01
2023-05-19,SILX,52.34
2023-05-22,SILX,52.76
2023-05-23,SILX,53.57
2023-05-24,SILX,53.63
2023-05-25,SILX,53.05
2023-05-26,SILX,52.81
2023-05-29,SILX,53.82
2023-05-30,SILX,53.66
2023-05-31,SILX,54.79
2023-06-01,SILX,54.65
2023-06-02,SILX,53.91
2023-06-05,SILX,53.61
2023-06-06,SILX,53.61
2023-06-07,SILX,53.88
2023-06-08,SILX,55.38
2023-06-09,SILX,55.29
2023-06-12,SILX,54.99
2023-06-13,SILX,54.96
2023-06-14,SILX,54.38
2023-06-15,SILX,54.55
2023-06-16,SILX,53.69
2023-06-19,SILX,53.4
2023-06-20,SILX,53.63
2023-06-21,SILX,52.97
2023-06-22,SILX,54.35
2023-06-23,SILX,54.66
2023-06-26,SILX,54.91
2023-06-27,SILX,55.32
2023-06-28,SILX,53.88
2023-06-29,SILX,54.21
2023-06-30,SILX,55.17
2023-07-03,SILX,55.98
2023-07-04,SILX,56.12
2023-07-05,SILX,56.5
2023-07-06,SILX,57.54
2023-07-07,SILX,57.45
2023-07-10,SILX,57.76
2023-07-11,SILX,58.43
2023-07-12,SILX,58.9
2023-07-13,SILX,58.27
2023-07-14,SILX,58.42
2023-07-17,SILX,58.24
2023-07-18,SILX,57.77
2023-07-19,SILX,57.37
2023-07-20,SILX,57.23
2023-07-21,SILX,57.58
2023-07-24,SILX,57.15
2023-07-25,SILX,57.98
2023-07-26,SILX,58.13
2023-07-27,SILX,58.06
2023-07-28,SILX,57.62
2023-07-31,SILX,57.54
2023-08-01,SILX,58.01
2023-08-02,SILX,58.87
2023-08-03,SILX,59.24
2023-08-04,SILX,59.26
2023-08-08,SILX,58.53
2023-08-09,SILX,58.1
2023-08-10,SILX,57.31
2023-08-11,SILX,57.55
2023-08-14,SILX,58.22
2023-08-15,SILX,59.31
2023-08-16,SILX,59.21
2023-08-17,SILX,60.08
2023-08-18,SILX,60.28
2023-08-21,SILX,60.43
2023-08-22,SILX,61.13
2023-08-23,SILX,60.53
2023-08-24,SILX,61.1
2023-08-25,SILX,61.14
2023-08-28,SILX,62.46
2023-08-29,SILX,62.47
2023-08-30,SILX,64.1
2023-08-31,SILX,64.06
2023-09-01,SILX,64.85
2023-09-04,SILX,64.61
2023-09-05,SILX,65.73
2023-09-06,SILX,65.72
2023-09-07,SILX,65.44
2023-09-08,SILX,66.71
2023-09-11,SILX,66.29
2023-09-12,SILX,66.55
2023-09-13,SILX,66.81
2023-09-14,SILX,67.82
2023-09-15,SILX,67.96
2023-09-18,SILX,68.74
2023-09-19,SILX,68.67
2023-09-20,SILX,69.71
2023-09-21,SILX,70.73
2023-09-22,SILX,70.39
2023-09-25,SILX,69.33
2023-09-26,SILX,69.14
2023-09-27,SILX,69.1
2023-09-28,SILX,70.2
2023-09-29,SILX,70.13
2023-10-02,SILX,71.24
2023-10-03,SILX,70.69
2023-10-04,SILX,69.87
2023-10-05,SILX,72.19
2023-10-06,SILX,72.58
2023-10-09,SILX,72.24
2023-10-10,SILX,73.74
2023-10-11,SILX,74.68
2023-10-12,SILX,74.21
2023-10-13,SILX,75.34
2023-10-16,SILX,75.09
2023-10-17,SILX,74.15
2023-10-18,SILX,74.93
2023-10-19,SILX,75.4
2023-10-20,SILX,75.49
2023-10-23,SILX,76.14
2023-10-24,SILX,74.76
2023-10-25,SILX,74.5
2023-10-26,SILX,73.05
2023-10-27,SILX,73.35
2023-10-30,SILX,73.79
2023-10-31,SILX,73.27
2023-11-01,SILX,73.86
2023-11-02,SILX,73.87
2023-11-03,SILX,73.67
2023-11-06,SILX,73.09
2023-11-07,SILX,73.42
2023-11-08,SILX,74.09
2023-11-09,SILX,73.33
2023-11-10,SILX,73.66
2023-11-13,SILX,74.71
2023-11-14,SILX,75.38
2023-11-15,SILX,75.58
2023-11-16,SILX,75.07
2023-11-17,SILX,73.02
2023-11-20,SILX,73.47
2023-11-21,SILX,73.64
2023-11-22,SILX,72.49
2023-11-23,SILX,70.48
2023-11-24,SILX,69.88
2023-11-27,SILX,68.43
2023-11-28,SILX,67.77
2023-11-29,SILX,68.57
2023-11-30,SILX,67.87
2023-12-01,SILX,67.98
2023-12-04,SILX,67.53
2023-12-05,SILX,67.5
2023-12-06,SILX,67.6
2023-12-07,SILX,66.54
2023-12-08,SILX,67.06
2023-12-11,SILX,66.33
2023-12-12,SILX,65.97
2023-12-13,SILX,65.39
2023-12-14,SILX,63.97
2023-12-15,SILX,63.94
2023-12-18,SILX,62.84
2023-12-19,SILX,62.89
2023-12-20,SILX,62.16
2023-12-21,SILX,62.41
2023-12-22,SILX,62.67
2023-12-25,SILX,62.53
2023-12-26,SILX,62.69
2023-12-27,SILX,62.97
2023-12-28,SILX,63.98
2023-12-29,SILX,63.38
2024-01-01,SILX,62.16
2024-01-02,SILX,61.2
2024-01-03,SILX,60.01
2024-01-04,SILX,59.74
2024-01-05,SILX,59.75
2024-01-08,SILX,59.85
2024-01-09,SILX,60.72
2024-01-10,SILX,60.42
2024-01-11,SILX,59.12
2024-01-12,SILX,59.21
2024-01-15,SILX,60.08
2024-01-16,SILX,61.01
2024-01-17,SILX,59.78
2024-01-18,SILX,59.69
2024-01-19,SILX,60.42
2024-01-22,SILX,60.83
2024-01-23,SILX,60.45
2024-01-24,SILX,59.67
2024-01-25,SILX,59.95
2024-01-26,SILX,60.58
2024-01-29,SILX,61.31
2024-01-30,SILX,61.46
2024-01-31,SILX,62.61
2024-02-01,SILX,63.16
2024-02-02,SILX,63.61
2024-02-05,SILX,63.65
2024-02-06,SILX,64.58
2024-02-07,SILX,64.14
2024-02-08,SILX,63.78
2024-02-09,SILX,63.6
2024-02-12,SILX,63.54
2024-02-13,SILX,62.93
2024-02-14,SILX,62.65
2024-02-15,SILX,62.2
2024-02-16,SILX,62.21
2024-02-19,SILX,61.65
2024-02-20,SILX,60.66
2024-02-21,SILX,60.25
2024-02-22,SILX,61.4
2024-02-23,SILX,59.8
2024-02-26,SILX,59.94
2024-02-27,SILX,59.81
2024-02-28,SILX,59.6
2024-02-29,SILX,59.9
2024-03-01,SILX,59.86
2024-03-04,SILX,60.21
2024-03-06,SILX,60.7
2024-03-07,SILX,60.71
2024-03-08,SILX,61.07
2024-03-11,SILX,62.07
2024-03-12,SILX,62.66
2024-03-13,SILX,62.31
2024-03-14,SILX,62.91
2024-03-15,SILX,62.77
2024-03-18,SILX,62.99
2024-03-19,SILX,64.15
2024-03-20,SILX,63.9
2024-03-21,SILX,63.31
2024-03-22,SILX,62.95
2024-03-25,SILX,63.91
2024-03-26,SILX,63.65
2024-03-27,SILX,63.41
2024-03-28,SILX,63.67
2024-03-29,SILX,63.97
2024-04-01,SILX,63.69
2024-04-02,SILX,64.89
2024-04-03,SILX,64.95
2024-04-04,SILX,65.63
2024-04-05,SILX,65.87
2024-04-08,SILX,65.88
2024-04-09,SILX,65.25
2024-04-10,SILX,65.69
2024-04-11,SILX,65.13
2024-04-12,SILX,66.68
2024-04-15,SILX,67.11
2024-04-16,SILX,65.92
2024-04-17,SILX,65.45
2024-04-18,SILX,65.31
2024-04-19,SILX,64.82
2024-04-22,SILX,64.26
2024-04-23,SILX,64.63
2024-04-24,SILX,64.15
2024-04-25,SILX,64.53
2024-04-26,SILX,64.33
2024-04-29,SILX,63.77
2024-04-30,SILX,63.0
2024-05-01,SILX,62.83
2024-05-02,SILX,63.53
2024-05-03,SILX,64.09
2024-05-06,SILX,64.13
2024-05-07,SILX,63.83
2024-05-08,SILX,64.38
2024-05-09,SILX,64.22
2024-05-10,SILX,63.55
2024-05-13,SILX,62.4
2024-05-14,SILX,62.14
2024-05-15,SILX,62.21
2024-05-16,SILX,62.6
2024-05-17,SILX,61.83
2024-05-20,SILX,61.45
2024-05-21,SILX,62.25
2024-05-22,SILX,62.46
2024-05-23,SILX,61.97
2024-05-24,SILX,62.38
2024-05-27,SILX,63.47
2024-05-28,SILX,64.84
2024-05-29,SILX,65.3
2024-05-30,SILX,66.3
2024-05-31,SILX,65.88
2024-06-03,SILX,66.37
2024-06-04,SILX,66.43
2024-06-05,SILX,66.27
2024-06-06,SILX,67.42
2024-06-07,SILX,67.62
2024-06-10,SILX,67.77
2024-06-11,SILX,68.02
2024-06-12,SILX,67.99
2024-06-13,SILX,68.2
2024-06-14,SILX,68.42
2024-06-17,SILX,68.76
2024-06-18,SILX,68.13
2024-06-19,SILX,67.28
2024-06-20,SILX,66.44
2024-06-21,SILX,65.95
2024-06-24,SILX,66.85
2024-06-25,SILX,68.22
2024-06-26,SILX,69.34
2024-06-27,SILX,70.31
2024-06-28,SILX,71.25
2024-07-01,SILX,72.72
2024-07-02,SILX,71.26
2024-07-03,SILX,70.72
2024-07-04,SILX,70.18
2024-07-05,SILX,70.42
2024-07-08,SILX,70.24
2024-07-09,SILX,71.21
2024-07-10,SILX,72.28
2024-07-11,SILX,71.44
2024-07-12,SILX,71.94
2024-07-15,SILX,72.17
2024-07-16,SILX,72.83
2024-07-17,SILX,71.73
2024-07-18,SILX,72.57
2024-07-19,SILX,72.59
2024-07-22,SILX,72.42
2024-07-23,SILX,73.23
2024-07-24,SILX,72.7
2024-07-25,SILX,73.87
2024-07-26,SILX,74.37
2024-07-29,SILX,73.72
2024-07-30,SILX,72.43
2024-07-31,SILX,73.12
2024-08-01,SILX,71.94
2024-08-02,SILX,70.75
2024-08-05,SILX,69.98
2024-08-06,SILX,70.21
2024-08-07,SILX,68.62
2024-08-08,SILX,68.71
2024-08-09,SILX,69.16
2024-08-12,SILX,68.14
2024-08-13,SILX,66.94
2024-08-14,SILX,67.22
2024-08-15,SILX,67.87
2024-08-16,SILX,68.69
2024-08-19,SILX,69.53
2024-08-20,SILX,69.13
2024-08-21,SILX,69.27
2024-08-22,SILX,68.92
2024-08-23,SILX,68.01
2024-08-26,SILX,68.71
2024-08-28,SILX,69.53
2024-08-29,SILX,68.5
2024-08-30,SILX,68.58
2024-09-02,SILX,67.74
2024-09-03,SILX,68.52
2024-09-04,SILX,68.89
2024-09-05,SILX,70.0
2024-09-06,SILX,69.74
2024-09-09,SILX,70.57
2024-09-10,SILX,70.33
2024-09-11,SILX,70.05
2024-09-12,SILX,70.41
2024-09-13,SILX,70.77
2024-09-16,SILX,70.14
2024-09-17,SILX,69.93
2024-09-18,SILX,69.78
2024-09-19,SILX,71.23
2024-09-20,SILX,69.61
2024-09-23,SILX,68.4
2024-09-24,SILX,69.22
2024-09-25,SILX,69.35
2024-09-26,SILX,70.27
2024-09-27,SILX,70.32
2024-09-30,SILX,70.59
2024-10-01,SILX,70.38
2024-10-02,SILX,69.7
2024-10-03,SILX,68.77
2024-10-04,SILX,69.3
2024-10-07,SILX,69.52
2024-10-08,SILX,69.0
2024-10-09,SILX,69.6
2024-10-10,SILX,69.27
2024-10-11,SILX,68.81
2024-10-14,SILX,69.16
2024-10-15,SILX,69.14
2024-10-16,SILX,70.29
2024-10-17,SILX,70.32
2024-10-18,SILX,69.69
2024-10-21,SILX,69.49
2024-10-22,SILX,70.18
2024-10-23,SILX,70.42
2024-10-24,SILX,69.78
2024-10-25,SILX,68.23
2024-10-28,SILX,68.4
2024-10-29,SILX,68.7
2024-10-30,SILX,69.41
2024-10-31,SILX,68.96
2024-11-01,SILX,67.94
2024-11-04,SILX,68.15
2024-11-05,SILX,68.61
2024-11-06,SILX,68.13
2024-11-07,SILX,67.53
2024-11-08,SILX,68.87
2024-11-11,SILX,68.87
2024-11-12,SILX,70.15
2024-11-13,SILX,69.73
2024-11-14,SILX,68.84
2024-11-15,SILX,69.18
2024-11-18,SILX,69.73
2024-11-19,SILX,69.86
2024-11-20,SILX,69.39
2024-11-21,SILX,69.76
2024-11-22,SILX,68.38
2024-11-25,SILX,68.72
2024-11-26,SILX,69.51
2024-11-27,SILX,69.64
2024-11-28,SILX,70.48
2024-11-29,SILX,70.44
2024-12-02,SILX,69.19
2024-12-03,SILX,68.03
2024-12-04,SILX,67.82
2024-12-05,SILX,68.74
2024-12-06,SILX,68.8
2024-12-09,SILX,69.13
2024-12-10,SILX,68.4
2024-12-11,SILX,68.04
2024-12-12,SILX,68.53
2024-12-13,SILX,69.08
2024-12-16,SILX,69.4
2024-12-17,SILX,69.76
2024-12-18,SILX,71.13
2024-12-19,SILX,71.12
2024-12-20,SILX,71.38
2024-12-23,SILX,70.94
2024-12-24,SILX,71.83
2024-12-25,SILX,72.17
2024-12-26,SILX,72.89
2024-12-27,SILX,71.95
2024-12-30,SILX,72.36
2024-12-31,SILX,72.3
2023-01-02,NORX,105.55
2023-01-03,NORX,105.26
2023-01-04,NORX,104.23
2023-01-05,NORX,104.81
2023-01-06,NORX,104.54
2023-01-09,NORX,105.22
2023-01-10,NORX,105.73
2023-01-11,NORX,104.85
2023-01-12,NORX,105.35
2023-01-13,NORX,104.38
2023-01-16,NORX,103.74
2023-01-17,NORX,101.96
2023-01-18,NORX,102.41
2023-01-19,NORX,102.08
2023-01-20,NORX,100.66
2023-01-23,NORX,102.77
2023-01-24,NORX,104.72
2023-01-25,NORX,104.87
2023-01-26,NORX,105.44
2023-01-27,NORX,104.38
2023-01-30,NORX,104.94
2023-01-31,NORX,103.04
2023-02-01,NORX,104.6
2023-02-02,NORX,105.3
2023-02-03,NORX,105.28
2023-02-06,NORX,106.94
2023-02-07,NORX,107.61
2023-02-08,NORX,107.67
2023-02-09,NORX,109.02
2023-02-10,NORX,110.07
2023-02-13,NORX,112.26
2023-02-14,NORX,112.12
2023-02-15,NORX,110.94
2023-02-16,NORX,111.31
2023-02-17,NORX,111.01
2023-02-20,NORX,111.54
2023-02-21,NORX,109.18
2023-02-22,NORX,110.05
2023-02-23,NORX,108.64
2023-02-24,NORX,108.51
2023-02-27,NORX,107.41
2023-02-28,NORX,107.73
2023-03-01,NORX,107.71
2023-03-02,NORX,108.88
2023-03-03,NORX,108.83
2023-03-06,NORX,109.37
2023-03-07,NORX,109.17
2023-03-08,NORX,107.85
2023-03-09,NORX,110.19
2023-03-10,NORX,110.15
2023-03-13,NORX,108.7
2023-03-14,NORX,109.38
2023-03-15,NORX,110.79
2023-03-16,NORX,110.72
2023-03-17,NORX,110.52
2023-03-20,NORX,110.53
2023-03-21,NORX,111.43
2023-03-22,NORX,111.34
2023-03-23,NORX,109.73
2023-03-24,NORX,110.64
2023-03-27,NORX,112.94
2023-03-28,NORX,111.0
2023-03-29,NORX,111.41
2023-03-30,NORX,111.88
2023-03-31,NORX,114.27
2023-04-03,NORX,115.31
2023-04-04,NORX,114.92
2023-04-05,NORX,115.68
2023-04-06,NORX,115.84
2023-04-07,NORX,116.96
2023-04-10,NORX,116.38
2023-04-11,NORX,115.71
2023-04-12,NORX,114.21
2023-04-13,NORX,114.85
2023-04-14,NORX,114.38
2023-04-17,NORX,112.08
2023-04-18,NORX,111.6
2023-04-19,NORX,110.94
2023-04-20,NORX,109.14
2023-04-21,NORX,110.2
2023-04-24,NORX,109.73
2023-04-25,NORX,109.26
2023-04-26,NORX,110.06
2023-04-27,NORX,109.0
2023-04-28,NORX,110.04
2023-05-01,NORX,110.39
2023-05-02,NORX,109.98
2023-05-03,NORX,111.42
2023-05-04,NORX,110.75
2023-05-05,NORX,111.48
2023-05-08,NORX,113.67
2023-05-09,NORX,114.92
2023-05-10,NORX,114.67
2023-05-11,NORX,114.09
2023-05-12,NORX,115.28
2023-05-15,NORX,114.63
2023-05-16,NORX,117.09
2023-05-17,NORX,117.79
2023-05-18,NORX,115.86
2023-05-19,NORX,117.5
2023-05-22,NORX,118.14
2023-05-23,NORX,119.37
2023-05-24,NORX,118.49
2023-05-25,NORX,118.35
2023-05-26,NORX,118.83
2023-05-29,NORX,119.0
2023-05-30,NORX,119.6
2023-05-31,NORX,118.33
2023-06-01,NORX,118.88
2023-06-02,NORX,117.08
2023-06-05,NORX,117.79
2023-06-06,NORX,117.45
2023-06-07,NORX,116.63
2023-06-08,NORX,117.04
2023-06-09,NORX,117.07
2023-06-12,NORX,115.7
2023-06-13,NORX,115.18
2023-06-14,NORX,113.4
2023-06-15,NORX,112.41
2023-06-16,NORX,112.69
2023-06-19,NORX,116.17
2023-06-20,NORX,116.35
2023-06-21,NORX,116.98
2023-06-22,NORX,115.97
2023-06-23,NORX,114.64
2023-06-26,NORX,115.58
2023-06-27,NORX,114.96
2023-06-28,NORX,114.23
2023-06-29,NORX,115.91
2023-06-30,NORX,115.48
2023-07-03,NORX,114.88
2023-07-04,NORX,115.24
2023-07-05,NORX,116.0
2023-07-06,NORX,115.06
2023-07-07,NORX,116.03
2023-07-10,NORX,116.41
2023-07-11,NORX,115.78
2023-07-12,NORX,115.43
2023-07-13,NORX,115.76
2023-07-14,NORX,117.35
2023-07-17,NORX,115.96
2023-07-18,NORX,118.09
2023-07-19,NORX,117.88
2023-07-20,NORX,118.54
2023-07-21,NORX,119.58
2023-07-24,NORX,119.44
2023-07-25,NORX,117.66
2023-07-26,NORX,117.46
2023-07-27,NORX,116.42
2023-07-28,NORX,115.89
2023-07-31,NORX,116.43
2023-08-01,NORX,116.6
2023-08-02,NORX,113.95
2023-08-03,NORX,113.36
2023-08-04,NORX,111.99
2023-08-07,NORX,110.4
2023-08-08,NORX,110.56
2023-08-09,NORX,111.64
2023-08-10,NORX,111.57
2023-08-11,NORX,111.71
2023-08-14,NORX,110.67
2023-08-15,NORX,108.72
2023-08-16,NORX,108.74
2023-08-17,NORX,108.07
2023-08-18,NORX,109.54
2023-08-21,NORX,110.26
2023-08-22,NORX,109.6
2023-08-23,NORX,110.57
2023-08-24,NORX,110.01
2023-08-25,NORX,109.12
2023-08-28,NORX,109.1
2023-08-29,NORX,110.04
2023-08-30,NORX,109.96
2023-08-31,NORX,110.61
2023-09-01,NORX,111.98
2023-09-04,NORX,112.23
2023-09-05,NORX,113.44
2023-09-06,NORX,114.73
2023-09-07,NORX,114.54
2023-09-08,NORX,114.46
2023-09-11,NORX,114.02
2023-09-12,NORX,114.05
2023-09-13,NORX,114.25
2023-09-14,NORX,115.3
2023-09-15,NORX,116.42
2023-09-18,NORX,115.58
2023-09-19,NORX,114.38
2023-09-20,NORX,112.08
2023-09-21,NORX,110.15
2023-09-22,NORX,110.72
2023-09-25,NORX,112.25
2023-09-26,NORX,112.49
2023-09-27,NORX,112.58
2023-09-28,NORX,112.21
2023-09-29,NORX,111.02
2023-10-02,NORX,110.08
2023-10-03,NORX,108.16
2023-10-04,NORX,107.12
2023-10-05,NORX,105.87
2023-10-06,NORX,105.33
2023-10-09,NORX,106.06
2023-10-10,NORX,105.53
2023-10-11,NORX,104.58
2023-10-12,NORX,105.46
2023-10-13,NORX,105.2
2023-10-16,NORX,106.15
2023-10-17,NORX,107.22
2023-10-18,NORX,106.47
2023-10-19,NORX,106.31
2023-10-20,NORX,105.85
2023-10-23,NORX,107.35
2023-10-24,NORX,109.26
2023-10-25,NORX,109.52
2023-10-26,NORX,108.07
2023-10-27,NORX,109.44
2023-10-30,NORX,110.16
2023-10-31,NORX,109.74
2023-11-01,NORX,109.29
2023-11-02,NORX,107.69
2023-11-03,NORX,107.81
2023-11-06,NORX,108.36
2023-11-07,NORX,110.16
2023-11-08,NORX,109.09
2023-11-09,NORX,110.08
2023-11-10,NORX,108.31
2023-11-13,NORX,108.21
2023-11-14,NORX,108.87
2023-11-15,NORX,110.47
2023-11-16,NORX,110.43
2023-11-17,NORX,110.02
2023-11-20,NORX,110.68
2023-11-21,NORX,110.11
2023-11-22,NORX,110.71
2023-11-23,NORX,112.48
2023-11-24,NORX,112.58
2023-11-27,NORX,112.41
2023-11-28,NORX,112.03
2023-11-29,NORX,110.12
2023-11-30,NORX,110.47
2023-12-01,NORX,109.95
2023-12-04,NORX,108.49
2023-12-05,NORX,107.85
2023-12-06,NORX,107.28
2023-12-07,NORX,106.83
2023-12-08,NORX,106.91
2023-12-11,NORX,107.54
2023-12-12,NORX,106.28
2023-12-13,NORX,105.86
2023-12-14,NORX,106.14
2023-12-15,NORX,107.01
2023-12-18,NORX,106.95
2023-12-19,NORX,108.2
2023-12-20,NORX,108.63
2023-12-21,NORX,110.39
2023-12-22,NORX,111.3
2023-12-25,NORX,110.64
2023-12-26,NORX,110.81
2023-12-27,NORX,112.81
2023-12-28,NORX,113.48
2023-12-29,NORX,113.63
2024-01-01,NORX,113.8
2024-01-02,NORX,114.28
2024-01-03,NORX,113.54
2024-01-04,NORX,113.07
2024-01-05,NORX,113.44
2024-01-08,NORX,113.38
2024-01-09,NORX,114.37
2024-01-10,NORX,114.87
2024-01-11,NORX,115.21
2024-01-12,NORX,115.71
2024-01-15,NORX,115.96
2024-01-16,NORX,115.78
2024-01-17,NORX,116.21
2024-01-18,NORX,117.29
2024-01-19,NORX,117.65
2024-01-22,NORX,118.87
2024-01-23,NORX,120.08
2024-01-24,NORX,119.03
2024-01-25,NORX,120.84
2024-01-26,NORX,120.58
2024-01-29,NORX,120.45
2024-01-30,NORX,120.51
2024-01-31,NORX,120.97
2024-02-01,NORX,120.72
2024-02-02,NORX,120.84
2024-02-05,NORX,119.92
2024-02-06,NORX,121.37
2024-02-07,NORX,122.61
2024-02-08,NORX,123.33
2024-02-09,NORX,122.79
2024-02-12,NORX,122.65
2024-02-13,NORX,122.9
2024-02-14,NORX,120.94
2024-02-15,NORX,120.74
2024-02-16,NORX,119.72
2024-02-19,NORX,119.79
2024-02-20,NORX,120.64
2024-02-21,NORX,119.7
2024-02-22,NORX,119.77
2024-02-23,NORX,119.03
2024-02-26,NORX,117.56
2024-02-27,NORX,115.18
2024-02-28,NORX,113.98
2024-02-29,NORX,112.27
2024-03-01,NORX,111.41
2024-03-04,NORX,113.5
2024-03-05,NORX,116.19
2024-03-06,NORX,115.73
2024-03-07,NORX,114.39
2024-03-08,NORX,115.73
2024-03-11,NORX,115.59
2024-03-12,NORX,115.67
2024-03-13,NORX,117.6
2024-03-14,NORX,116.49
2024-03-15,NORX,114.78
2024-03-18,NORX,113.49
2024-03-19,NORX,113.77
2024-03-20,NORX,115.0
2024-03-21,NORX,114.48
2024-03-22,NORX,113.31
2024-03-25,NORX,110.96
2024-03-26,NORX,111.06
2024-03-27,NORX,110.39
2024-03-28,NORX,110.81
2024-03-29,NORX,112.59
2024-04-01,NORX,112.98
2024-04-02,NORX,112.13
2024-04-03,NORX,112.22
2024-04-04,NORX,110.84
2024-04-05,NORX,110.41
2024-04-08,NORX,109.57
2024-04-09,NORX,111.08
2024-04-10,NORX,112.41
2024-04-11,NORX,114.09
2024-04-12,NORX,113.54
2024-04-15,NORX,112.03
2024-04-16,NORX,111.93
2024-04-17,NORX,112.89
2024-04-18,NORX,113.21
2024-04-19,NORX,110.97
2024-04-22,NORX,113.33
2024-04-23,NORX,112.83
2024-04-24,NORX,112.87
2024-04-25,NORX,111.77
2024-04-26,NORX,110.63
2024-04-29,NORX,110.31
2024-04-30,NORX,109.95
2024-05-01,NORX,109.55
2024-05-02,NORX,109.55
2024-05-03,NORX,110.36
2024-05-06,NORX,109.98
2024-05-07,NORX,111.04
2024-05-08,NORX,110.89
2024-05-09,NORX,108.39
2024-05-10,NORX,107.98
2024-05-13,NORX,108.05
2024-05-14,NORX,107.17
2024-05-15,NORX,107.46
2024-05-16,NORX,107.07
2024-05-17,NORX,107.42
2024-05-20,NORX,106.96
2024-05-21,NORX,106.96
2024-05-22,NORX,107.96
2024-05-23,NORX,108.53
2024-05-24,NORX,108.18
2024-05-27,NORX,106.65
2024-05-28,NORX,106.2
2024-05-29,NORX,106.11
2024-05-30,NORX,107.47
2024-05-31,NORX,105.88
2024-06-03,NORX,106.77
2024-06-04,NORX,108.27
2024-06-05,NORX,107.53
2024-06-06,NORX,108.79
2024-06-07,NORX,108.74
2024-06-10,NORX,110.49
2024-06-11,NORX,109.72
2024-06-12,NORX,109.72
2024-06-13,NORX,110.19
2024-06-14,NORX,109.6
2024-06-17,NORX,109.88
2024-06-18,NORX,109.27
2024-06-19,NORX,108.69
2024-06-20,NORX,108.07
2024-06-21,NORX,107.46
2024-06-24,NORX,108.33
2024-06-25,NORX,110.39
2024-06-26,NORX,110.33
2024-06-27,NORX,110.01
2024-06-28,NORX,109.6
2024-07-01,NORX,109.88
2024-07-02,NORX,111.17
2024-07-03,NORX,111.15
2024-07-04,NORX,111.74
2024-07-05,NORX,112.91
2024-07-08,NORX,112.7
2024-07-09,NORX,112.97
2024-07-10,NORX,112.27
2024-07-11,NORX,113.64
2024-07-12,NORX,114.16
2024-07-15,NORX,116.12
2024-07-16,NORX,116.42
2024-07-17,NORX,116.15
2024-07-18,NORX,114.78
2024-07-19,NORX,113.94
2024-07-22,NORX,115.03
2024-07-23,NORX,114.77
2024-07-24,NORX,114.01
2024-07-25,NORX,114.92
2024-07-26,NORX,115.07
2024-07-29,NORX,114.8
2024-07-30,NORX,117.04
2024-07-31,NORX,118.76
2024-08-01,NORX,119.17
2024-08-02,NORX,117.59
2024-08-05,NORX,116.87
2024-08-06,NORX,118.36
2024-08-07,NORX,119.86
2024-08-08,NORX,119.48
2024-08-09,NORX,121.38
2024-08-12,NORX,121.74
2024-08-13,NORX,122.15
2024-08-14,NORX,123.19
2024-08-15,NORX,121.71
2024-08-16,NORX,121.06
2024-08-19,NORX,121.21
2024-08-20,NORX,118.95
2024-08-21,NORX,120.33
2024-08-22,NORX,120.29
2024-08-23,NORX,119.91
2024-08-26,NORX,119.43
2024-08-27,NORX,120.89
2024-08-28,NORX,120.62
2024-08-29,NORX,121.33
2024-08-30,NORX,120.7
2024-09-02,NORX,121.17
2024-09-03,NORX,120.88
2024-09-04,NORX,122.77
2024-09-05,NORX,122.13
2024-09-06,NORX,120.54
2024-09-09,NORX,122.04
2024-09-10,NORX,122.2
2024-09-11,NORX,122.02
2024-09-12,NORX,121.14
2024-09-13,NORX,122.99
2024-09-16,NORX,122.46
2024-09-17,NORX,123.93
2024-09-18,NORX,122.52
2024-09-19,NORX,122.2
2024-09-20,NORX,124.02
2024-09-23,NORX,123.59
2024-09-24,NORX,122.02
2024-09-25,NORX,121.61
2024-09-26,NORX,119.7
2024-09-27,NORX,120.34
2024-09-30,NORX,119.9
2024-10-01,NORX,118.68
2024-10-02,NORX,118.44
2024-10-03,NORX,114.89
2024-10-04,NORX,115.11
2024-10-07,NORX,116.14
2024-10-08,NORX,115.62
2024-10-09,NORX,113.98
2024-10-10,NORX,114.49
2024-10-11,NORX,113.96
2024-10-14,NORX,113.93
2024-10-15,NORX,115.09
2024-10-16,NORX,113.24
2024-10-17,NORX,112.69
2024-10-18,NORX,111.56
2024-10-21,NORX,111.59
2024-10-22,NORX,111.56
2024-10-23,NORX,112.14
2024-10-24,NORX,112.14
2024-10-25,NORX,112.13
2024-10-28,NORX,113.86
2024-10-29,NORX,112.78
2024-10-30,NORX,112.19
2024-10-31,NORX,111.63
2024-11-01,NORX,112.36
2024-11-04,NORX,113.04
2024-11-05,NORX,112.72
2024-11-06,NORX,111.41
2024-11-07,NORX,111.31
2024-11-08,NORX,111.16
2024-11-11,NORX,110.43
2024-11-12,NORX,111.8
2024-11-13,NORX,111.59
2024-11-14,NORX,111.28
2024-11-15,NORX,111.41
2024-11-18,NORX,110.79
2024-11-19,NORX,110.12
2024-11-20,NORX,111.13
2024-11-21,NORX,112.64
2024-11-22,NORX,115.47
2024-11-25,NORX,116.07
2024-11-26,NORX,114.78
2024-11-27,NORX,114.19
2024-11-28,NORX,114.04
2024-11-29,NORX,114.2
2024-12-02,NORX,114.1
2024-12-03,NORX,113.42
2024-12-04,NORX,112.83
2024-12-05,NORX,112.06
2024-12-06,NORX,112.18
2024-12-09,NORX,110.63
2024-12-10,NORX,110.26
2024-12-11,NORX,108.36
2024-12-12,NORX,106.47
2024-12-13,NORX,106.84
2024-12-16,NORX,107.19
2024-12-17,NORX,107.27
2024-12-18,NORX,108.66
2024-12-19,NORX,109.24
2024-12-20,NORX,108.88
2024-12-23,NORX,107.2
2024-12-24,NORX,107.28
2024-12-25,NORX,107.59
2024-12-26,NORX,107.27
2024-12-27,NORX,106.02
2024-12-30,NORX,105.94
2024-12-31,NORX,106.78
2023-01-02,BLUX,120.09
2023-01-03,BLUX,121.5
2023-01-04,BLUX,120.94
2023-01-05,BLUX,119.03
2023-01-06,BLUX,119.38
2023-01-09,BLUX,117.4
2023-01-10,BLUX,118.99
2023-01-11,BLUX,118.58
2023-01-12,BLUX,117.71
2023-01-13,BLUX,124.33
2023-01-16,BLUX,129.62
2023-01-17,BLUX,126.67
2023-01-18,BLUX,130.75
2023-01-19,BLUX,130.1
2023-01-20,BLUX,131.34
2023-01-23,BLUX,133.99
2023-01-24,BLUX,133.62
2023-01-25,BLUX,134.74
2023-01-26,BLUX,139.85
2023-01-27,BLUX,139.85
2023-01-30,BLUX,141.61
2023-01-31,BLUX,141.73
2023-02-01,BLUX,142.18
2023-02-02,BLUX,145.38
2023-02-03,BLUX,145.42
2023-02-06,BLUX,145.78
2023-02-07,BLUX,141.14
2023-02-08,BLUX,139.62
2023-02-09,BLUX,139.52
2023-02-10,BLUX,139.49
2023-02-13,BLUX,136.88
2023-02-14,BLUX,138.35
2023-02-15,BLUX,142.83
2023-02-16,BLUX,147.59
2023-02-17,BLUX,149.64
2023-02-20,BLUX,144.24
2023-02-21,BLUX,148.14
2023-02-22,BLUX,149.38
2023-02-23,BLUX,152.69
2023-02-24,BLUX,155.32
2023-02-27,BLUX,158.15
2023-02-28,BLUX,159.0
2023-03-01,BLUX,153.69
2023-03-02,BLUX,155.11
2023-03-03,BLUX,149.27
2023-03-06,BLUX,151.25
2023-03-07,BLUX,155.93
2023-03-08,BLUX,157.8
2023-03-09,BLUX,153.22
2023-03-10,BLUX,153.05
2023-03-13,BLUX,152.13
2023-03-14,BLUX,153.48
2023-03-15,BLUX,155.16
2023-03-16,BLUX,155.2
2023-03-17,BLUX,154.8
2023-03-20,BLUX,155.2
2023-03-21,BLUX,150.59
2023-03-22,BLUX,151.41
2023-03-23,BLUX,149.55
2023-03-24,BLUX,149.73
2023-03-27,BLUX,148.56
2023-03-28,BLUX,142.23
2023-03-29,BLUX,140.41
2023-03-30,BLUX,143.2
2023-03-31,BLUX,145.31
2023-04-03,BLUX,145.44
2023-04-04,BLUX,141.09
2023-04-05,BLUX,138.64
2023-04-06,BLUX,137.52
2023-04-07,BLUX,135.98
2023-04-10,BLUX,134.4
2023-04-11,BLUX,132.81
2023-04-12,BLUX,137.59
2023-04-13,BLUX,135.92
2023-04-14,BLUX,133.06
2023-04-17,BLUX,134.32
2023-04-18,BLUX,136.21
2023-04-19,BLUX,134.22
2023-04-20,BLUX,132.15
2023-04-21,BLUX,129.65
2023-04-24,BLUX,127.81
2023-04-25,BLUX,127.66
2023-04-26,BLUX,126.36
2023-04-27,BLUX,126.64
2023-04-28,BLUX,126.02
2023-05-01,BLUX,121.73
2023-05-02,BLUX,118.43
2023-05-03,BLUX,118.81
2023-05-04,BLUX,120.45
2023-05-05,BLUX,122.13
2023-05-08,BLUX,124.98
2023-05-09,BLUX,122.09
2023-05-10,BLUX,116.57
2023-05-11,BLUX,115.04
2023-05-12,BLUX,111.74
2023-05-15,BLUX,107.59
2023-05-16,BLUX,109.35
2023-05-17,BLUX,106.99
2023-05-18,BLUX,104.26
2023-05-19,BLUX,106.71
2023-05-22,BLUX,106.61
2023-05-23,BLUX,107.97
2023-05-24,BLUX,105.53
2023-05-25,BLUX,103.73
2023-05-26,BLUX,103.06
2023-05-29,BLUX,105.61
2023-05-30,BLUX,105.66
2023-05-31,BLUX,104.45
2023-06-01,BLUX,104.73
2023-06-02,BLUX,104.86
2023-06-05,BLUX,103.35
2023-06-06,BLUX,98.0
2023-06-07,BLUX,95.53
2023-06-08,BLUX,92.39
2023-06-09,BLUX,89.71
2023-06-12,BLUX,88.29
2023-06-13,BLUX,87.73
2023-06-14,BLUX,85.4
2023-06-15,BLUX,86.42
2023-06-16,BLUX,88.32
2023-06-19,BLUX,89.08
2023-06-20,BLUX,89.31
2023-06-21,BLUX,89.09
2023-06-22,BLUX,87.95
2023-06-23,BLUX,88.22
2023-06-26,BLUX,88.2
2023-06-27,BLUX,87.17
2023-06-28,BLUX,84.52
2023-06-29,BLUX,85.2
2023-06-30,BLUX,85.06
2023-07-03,BLUX,83.71
2023-07-04,BLUX,84.79
2023-07-05,BLUX,89.41
2023-07-06,BLUX,90.13
2023-07-07,BLUX,87.9
2023-07-10,BLUX,86.17
2023-07-11,BLUX,85.65
2023-07-12,BLUX,85.67
2023-07-13,BLUX,84.53
2023-07-14,BLUX,83.17
2023-07-17,BLUX,86.7
2023-07-18,BLUX,88.57
2023-07-19,BLUX,86.98
2023-07-20,BLUX,85.99
2023-07-21,BLUX,87.29
2023-07-24,BLUX,90.41
2023-07-25,BLUX,90.28
2023-07-26,BLUX,91.49
2023-07-27,BLUX,91.7
2023-07-28,BLUX,94.44
2023-07-31,BLUX,92.83
2023-08-01,BLUX,93.71
2023-08-02,BLUX,93.46
2023-08-03,BLUX,94.66
2023-08-04,BLUX,91.96
2023-08-07,BLUX,92.71
2023-08-08,BLUX,91.53
2023-08-09,BLUX,92.85
2023-08-10,BLUX,92.55
2023-08-11,BLUX,95.55
2023-08-14,BLUX,96.73
2023-08-15,BLUX,99.91
2023-08-16,BLUX,103.43
2023-08-17,BLUX,99.22
2023-08-18,BLUX,100.97
2023-08-21,BLUX,96.9
2023-08-22,BLUX,95.87
2023-08-23,BLUX,92.31
2023-08-24,BLUX,90.05
2023-08-25,BLUX,88.82
2023-08-28,BLUX,89.3
2023-08-29,BLUX,90.23
2023-08-30,BLUX,88.32
2023-08-31,BLUX,86.05
2023-09-01,BLUX,87.82
2023-09-04,BLUX,85.59
2023-09-05,BLUX,85.46
2023-09-06,BLUX,84.91
2023-09-07,BLUX,87.93
2023-09-08,BLUX,89.3
2023-09-11,BLUX,88.7
2023-09-12,BLUX,86.4
2023-09-13,BLUX,86.02
2023-09-14,BLUX,87.17
2023-09-15,BLUX,84.81
2023-09-18,BLUX,84.23
2023-09-19,BLUX,84.25
2023-09-20,BLUX,83.58
2023-09-21,BLUX,84.87
2023-09-22,BLUX,86.33
2023-09-25,BLUX,86.37
2023-09-26,BLUX,84.88
2023-09-27,BLUX,85.96
2023-09-28,BLUX,83.82
2023-09-29,BLUX,82.64
2023-10-02,BLUX,82.99
2023-10-03,BLUX,83.78
2023-10-04,BLUX,83.98
2023-10-05,BLUX,86.19
2023-10-06,BLUX,88.37
2023-10-09,BLUX,88.11
2023-10-10,BLUX,88.74
2023-10-11,BLUX,88.48
2023-10-12,BLUX,91.7
2023-10-13,BLUX,92.64
2023-10-16,BLUX,92.9
2023-10-17,BLUX,94.21
2023-10-19,BLUX,91.0
2023-10-23,BLUX,89.34
2023-10-24,BLUX,90.18
2023-10-25,BLUX,91.63
2023-10-26,BLUX,90.81
2023-10-27,BLUX,90.74
2023-10-30,BLUX,91.38
2023-10-31,BLUX,92.81
2023-11-01,BLUX,93.63
2023-11-02,BLUX,93.48
2023-11-03,BLUX,93.48
2023-11-06,BLUX,90.8
2023-11-07,BLUX,88.68
2023-11-08,BLUX,87.74
2023-11-09,BLUX,88.14
2023-11-10,BLUX,86.52
2023-11-13,BLUX,84.26
2023-11-14,BLUX,83.15
2023-11-15,BLUX,84.27
2023-11-16,BLUX,82.4
2023-11-17,BLUX,80.23
2023-11-20,BLUX,81.21
2023-11-21,BLUX,82.64
2023-11-22,BLUX,82.77
2023-11-23,BLUX,83.08
2023-11-24,BLUX,84.06
2023-11-27,BLUX,81.62
2023-11-28,BLUX,80.72
2023-11-29,BLUX,79.51
2023-11-30,BLUX,80.92
2023-12-01,BLUX,80.12
2023-12-04,BLUX,80.59
2023-12-05,BLUX,82.34
2023-12-06,BLUX,84.52
2023-12-07,BLUX,85.03
2023-12-08,BLUX,84.94
2023-12-11,BLUX,85.15
2023-12-12,BLUX,84.72
2023-12-13,BLUX,85.54
2023-12-14,BLUX,88.94
2023-12-15,BLUX,86.82
2023-12-18,BLUX,86.91
2023-12-19,BLUX,84.89
2023-12-20,BLUX,85.59
2023-12-21,BLUX,84.3
2023-12-22,BLUX,81.0
2023-12-25,BLUX,81.68
2023-12-26,BLUX,79.12
2023-12-27,BLUX,83.56
2023-12-28,BLUX,80.91
2023-12-29,BLUX,82.54
2024-01-01,BLUX,81.96
2024-01-02,BLUX,83.59
2024-01-03,BLUX,84.97
2024-01-04,BLUX,81.5
2024-01-05,BLUX,80.63
2024-01-08,BLUX,79.52
2024-01-09,BLUX,77.57
2024-01-10,BLUX,79.56
2024-01-11,BLUX,76.58
2024-01-12,BLUX,74.67
2024-01-15,BLUX,77.07
2024-01-16,BLUX,76.95
2024-01-17,BLUX,76.16
2024-01-18,BLUX,77.12
2024-01-19,BLUX,77.98
2024-01-22,BLUX,75.78
2024-01-23,BLUX,75.03
2024-01-24,BLUX,76.22
2024-01-25,BLUX,73.56
2024-01-26,BLUX,72.31
2024-01-29,BLUX,70.95
2024-01-30,BLUX,72.28
2024-01-31,BLUX,72.03
2024-02-01,BLUX,72.34
2024-02-02,BLUX,72.72
2024-02-05,BLUX,71.28
2024-02-06,BLUX,71.14
2024-02-07,BLUX,70.49
2024-02-08,BLUX,68.86
2024-02-09,BLUX,69.29
2024-02-12,BLUX,67.96
2024-02-13,BLUX,69.64
2024-02-14,BLUX,70.54
2024-02-15,BLUX,71.16
2024-02-16,BLUX,69.5
2024-02-19,BLUX,69.01
2024-02-20,BLUX,70.03
2024-02-21,BLUX,68.52
2024-02-22,BLUX,69.58
2024-02-23,BLUX,71.05
2024-02-26,BLUX,68.34
2024-02-27,BLUX,67.83
2024-02-28,BLUX,66.46
2024-02-29,BLUX,64.61
2024-03-01,BLUX,63.94
2024-03-04,BLUX,62.89
2024-03-05,BLUX,64.4
2024-03-06,BLUX,64.94
2024-03-07,BLUX,64.91
2024-03-08,BLUX,66.72
2024-03-11,BLUX,66.93
2024-03-12,BLUX,65.26
2024-03-13,BLUX,62.98
2024-03-14,BLUX,62.2
2024-03-15,BLUX,60.68
2024-03-18,BLUX,60.31
2024-03-19,BLUX,60.65
2024-03-20,BLUX,61.83
2024-03-21,BLUX,62.2
2024-03-22,BLUX,64.45
2024-03-25,BLUX,67.23
2024-03-26,BLUX,66.68
2024-03-27,BLUX,68.73
2024-03-28,BLUX,69.36
2024-03-29,BLUX,68.98
2024-04-01,BLUX,70.72
2024-04-02,BLUX,72.6
2024-04-03,BLUX,72.7
2024-04-04,BLUX,71.3
2024-04-05,BLUX,69.1
2024-04-08,BLUX,70.05
2024-04-09,BLUX,69.66
2024-04-10,BLUX,72.96
2024-04-11,BLUX,71.26
2024-04-12,BLUX,69.46
2024-04-15,BLUX,70.42
2024-04-16,BLUX,71.4
2024-04-17,BLUX,69.27
2024-04-18,BLUX,69.42
2024-04-19,BLUX,67.33
2024-04-22,BLUX,69.71
2024-04-23,BLUX,69.58
2024-04-24,BLUX,68.84
2024-04-25,BLUX,69.09
2024-04-26,BLUX,69.87
2024-04-29,BLUX,71.55
2024-04-30,BLUX,71.94
2024-05-01,BLUX,70.55
2024-05-02,BLUX,69.28
2024-05-03,BLUX,71.99
2024-05-06,BLUX,74.26
2024-05-07,BLUX,75.68
2024-05-08,BLUX,75.78
2024-05-09,BLUX,76.01
2024-05-10,BLUX,76.66
2024-05-13,BLUX,75.6
2024-05-14,BLUX,76.75
2024-05-15,BLUX,75.88
2024-05-16,BLUX,75.04
2024-05-17,BLUX,74.71
2024-05-20,BLUX,72.42
2024-05-21,BLUX,74.23
2024-05-22,BLUX,76.68
2024-05-23,BLUX,76.61
2024-05-24,BLUX,74.19
2024-05-27,BLUX,73.38
2024-05-28,BLUX,70.93
2024-05-29,BLUX,73.6
2024-05-30,BLUX,71.72
2024-05-31,BLUX,70.88
2024-06-03,BLUX,68.52
2024-06-04,BLUX,66.02
2024-06-05,BLUX,66.58
2024-06-06,BLUX,66.19
2024-06-07,BLUX,65.17
2024-06-10,BLUX,67.45
2024-06-11,BLUX,69.52
2024-06-12,BLUX,66.26
2024-06-13,BLUX,66.44
2024-06-14,BLUX,64.92
2024-06-17,BLUX,64.78
2024-06-18,BLUX,65.36
2024-06-19,BLUX,63.8
2024-06-20,BLUX,64.97
2024-06-21,BLUX,64.8
2024-06-24,BLUX,64.86
2024-06-25,BLUX,63.51
2024-06-26,BLUX,62.15
2024-06-27,BLUX,62.14
2024-06-28,BLUX,61.79
2024-07-01,BLUX,62.34
2024-07-02,BLUX,59.33
2024-07-03,BLUX,59.31
2024-07-04,BLUX,61.53
2024-07-05,BLUX,61.44
2024-07-08,BLUX,61.45
2024-07-09,BLUX,60.83
2024-07-10,BLUX,62.09
2024-07-11,BLUX,62.69
2024-07-12,BLUX,62.82
2024-07-15,BLUX,63.1
2024-07-16,BLUX,62.66
2024-07-17,BLUX,63.45
2024-07-18,BLUX,64.2
2024-07-19,BLUX,64.05
2024-07-22,BLUX,62.84
2024-07-23,BLUX,63.08
2024-07-24,BLUX,64.19
2024-07-25,BLUX,65.37
2024-07-26,BLUX,64.89
2024-07-29,BLUX,63.48
2024-07-30,BLUX,64.85
2024-07-31,BLUX,65.37
2024-08-01,BLUX,66.29
2024-08-02,BLUX,64.43
2024-08-05,BLUX,64.91
2024-08-06,BLUX,66.09
2024-08-07,BLUX,67.45
2024-08-08,BLUX,68.89
2024-08-09,BLUX,68.15
2024-08-12,BLUX,65.04
2024-08-13,BLUX,65.41
2024-08-14,BLUX,67.25
2024-08-15,BLUX,69.91
2024-08-16,BLUX,71.48
2024-08-19,BLUX,72.45
2024-08-20,BLUX,71.43
2024-08-21,BLUX,70.2
2024-08-22,BLUX,73.22
2024-08-23,BLUX,71.99
2024-08-26,BLUX,70.95
2024-08-27,BLUX,70.32
2024-08-28,BLUX,71.11
2024-08-29,BLUX,69.78
2024-08-30,BLUX,69.07
2024-09-02,BLUX,68.51
2024-09-03,BLUX,68.66
2024-09-04,BLUX,68.98
2024-09-05,BLUX,67.88
2024-09-06,BLUX,65.7
2024-09-09,BLUX,65.77
2024-09-10,BLUX,64.51
2024-09-11,BLUX,64.12
2024-09-12,BLUX,61.71
2024-09-13,BLUX,61.63
2024-09-16,BLUX,65.52
2024-09-17,BLUX,64.15
2024-09-18,BLUX,63.04
2024-09-19,BLUX,64.31
2024-09-20,BLUX,60.94
2024-09-23,BLUX,61.87
2024-09-24,BLUX,63.23
2024-09-25,BLUX,62.3
2024-09-26,BLUX,62.48
2024-09-27,BLUX,63.22
2024-09-30,BLUX,62.55
2024-10-01,BLUX,64.0
2024-10-02,BLUX,63.81
2024-10-03,BLUX,64.67
2024-10-04,BLUX,66.67
2024-10-07,BLUX,65.91
2024-10-08,BLUX,64.78
2024-10-09,BLUX,65.67
2024-10-10,BLUX,65.55
2024-10-11,BLUX,65.58
2024-10-14,BLUX,61.7
2024-10-15,BLUX,64.02
2024-10-16,BLUX,67.37
2024-10-17,BLUX,67.47
2024-10-18,BLUX,69.7
2024-10-21,BLUX,73.42
2024-10-22,BLUX,75.96
2024-10-23,BLUX,75.45
2024-10-24,BLUX,72.47
2024-10-25,BLUX,70.88
2024-10-28,BLUX,72.07
2024-10-29,BLUX,70.76
2024-10-30,BLUX,70.85
2024-10-31,BLUX,70.12
2024-11-01,BLUX,69.4
2024-11-04,BLUX,68.89
2024-11-05,BLUX,69.28
2024-11-06,BLUX,67.35
2024-11-07,BLUX,68.52
2024-11-08,BLUX,70.54
2024-11-11,BLUX,70.92
2024-11-12,BLUX,70.87
2024-11-13,BLUX,71.0
2024-11-14,BLUX,71.91
2024-11-15,BLUX,72.3
2024-11-18,BLUX,73.59
2024-11-19,BLUX,74.98
2024-11-20,BLUX,73.68
2024-11-21,BLUX,72.65
2024-11-22,BLUX,75.34
2024-11-25,BLUX,76.3
2024-11-26,BLUX,76.13
2024-11-27,BLUX,76.34
2024-11-28,BLUX,78.3
2024-11-29,BLUX,80.31
2024-12-02,BLUX,80.58
2024-12-03,BLUX,79.01
2024-12-04,BLUX,80.59
2024-12-05,BLUX,79.38
2024-12-06,BLUX,80.18
2024-12-09,BLUX,82.22
2024-12-10,BLUX,82.06
2024-12-11,BLUX,82.98
2024-12-12,BLUX,82.6
2024-12-13,BLUX,82.74
2024-12-16,BLUX,79.06
2024-12-17,BLUX,79.93
2024-12-18,BLUX,82.24
2024-12-19,BLUX,80.46
2024-12-20,BLUX,80.61
2024-12-23,BLUX,79.91
2024-12-24,BLUX,80.75
2024-12-25,BLUX,81.5
2024-12-26,BLUX,84.24
2024-12-27,BLUX,82.43
2024-12-30,BLUX,81.24
2024-12-31,BLUX,77.41
2023-01-02,AMBX,203.87
2023-01-03,AMBX,199.4
2023-01-04,AMBX,198.75
2023-01-05,AMBX,198.23
2023-01-06,AMBX,205.76
2023-01-09,AMBX,212.65
2023-01-10,AMBX,213.06
2023-01-11,AMBX,215.56
2023-01-12,AMBX,214.32
2023-01-13,AMBX,217.53
2023-01-16,AMBX,214.31
2023-01-17,AMBX,214.31
2023-01-18,AMBX,212.46
2023-01-19,AMBX,211.06
2023-01-20,AMBX,203.52
2023-01-23,AMBX,209.22
2023-01-24,AMBX,213.61
2023-01-25,AMBX,204.55
2023-01-26,AMBX,212.28
2023-01-27,AMBX,199.48
2023-01-30,AMBX,211.51
2023-01-31,AMBX,219.55
2023-02-01,AMBX,224.34
2023-02-02,AMBX,221.71
2023-02-03,AMBX,217.75
2023-02-06,AMBX,218.69
2023-02-07,AMBX,213.89
2023-02-08,AMBX,211.14
2023-02-09,AMBX,212.3
2023-02-10,AMBX,215.48
2023-02-13,AMBX,221.55
2023-02-14,AMBX,223.89
2023-02-15,AMBX,235.84
2023-02-16,AMBX,234.31
2023-02-17,AMBX,225.7
2023-02-20,AMBX,227.32
2023-02-21,AMBX,232.67
2023-02-22,AMBX,229.41
2023-02-23,AMBX,228.71
2023-02-24,AMBX,228.74
2023-02-27,AMBX,227.59
2023-02-28,AMBX,225.25
2023-03-01,AMBX,228.09
2023-03-02,AMBX,238.17
2023-03-03,AMBX,253.85
2023-03-06,AMBX,254.32
2023-03-07,AMBX,244.5
2023-03-08,AMBX,243.98
2023-03-09,AMBX,242.02
2023-03-10,AMBX,243.07
2023-03-13,AMBX,239.83
2023-03-14,AMBX,233.71
2023-03-15,AMBX,240.43
2023-03-16,AMBX,239.82
2023-03-17,AMBX,230.22
2023-03-20,AMBX,224.27
2023-03-21,AMBX,230.08
2023-03-22,AMBX,229.8
2023-03-23,AMBX,231.7
2023-03-24,AMBX,235.11
2023-03-27,AMBX,228.32
2023-03-28,AMBX,218.25
2023-03-29,AMBX,209.45
2023-03-30,AMBX,216.09
2023-03-31,AMBX,207.63
2023-04-03,AMBX,210.57
2023-04-04,AMBX,206.94
2023-04-05,AMBX,204.87
2023-04-06,AMBX,200.44
2023-04-07,AMBX,206.11
2023-04-10,AMBX,202.36
2023-04-11,AMBX,203.71
2023-04-12,AMBX,201.16
2023-04-13,AMBX,198.18
2023-04-14,AMBX,191.37
2023-04-17,AMBX,191.56
2023-04-18,AMBX,188.09
2023-04-19,AMBX,180.95
2023-04-20,AMBX,181.86
2023-04-21,AMBX,188.21
2023-04-24,AMBX,180.05
2023-04-25,AMBX,183.08
2023-04-26,AMBX,194.96
2023-04-27,AMBX,197.58
2023-04-28,AMBX,194.3
2023-05-01,AMBX,193.64
2023-05-02,AMBX,190.87
2023-05-03,AMBX,189.36
2023-05-04,AMBX,186.07
2023-05-05,AMBX,183.69
2023-05-08,AMBX,191.09
2023-05-09,AMBX,186.76
2023-05-10,AMBX,189.9
2023-05-11,AMBX,202.06
2023-05-12,AMBX,212.58
2023-05-15,AMBX,212.66
2023-05-16,AMBX,209.87
2023-05-17,AMBX,200.1
2023-05-18,AMBX,199.88
2023-05-19,AMBX,197.08
2023-05-22,AMBX,190.18
2023-05-23,AMBX,188.77
2023-05-24,AMBX,187.53
2023-05-25,AMBX,192.11
2023-05-26,AMBX,186.0
2023-05-29,AMBX,170.62
2023-05-30,AMBX,169.52
2023-05-31,AMBX,170.0
2023-06-01,AMBX,173.24
2023-06-02,AMBX,177.05
2023-06-05,AMBX,174.89
2023-06-06,AMBX,175.23
2023-06-07,AMBX,173.3
2023-06-08,AMBX,166.15
2023-06-09,AMBX,167.85
2023-06-12,AMBX,168.45
2023-06-13,AMBX,175.83
2023-06-14,AMBX,178.06
2023-06-15,AMBX,175.94
2023-06-16,AMBX,179.85
2023-06-19,AMBX,183.63
2023-06-20,AMBX,180.03
2023-06-21,AMBX,181.13
2023-06-22,AMBX,184.29
2023-06-23,AMBX,184.01
2023-06-26,AMBX,187.22
2023-06-27,AMBX,182.1
2023-06-28,AMBX,187.31
2023-06-29,AMBX,187.92
2023-06-30,AMBX,187.1
2023-07-03,AMBX,187.41
2023-07-04,AMBX,180.61
2023-07-05,AMBX,180.67
2023-07-06,AMBX,179.56
2023-07-07,AMBX,175.7
2023-07-10,AMBX,182.14
2023-07-11,AMBX,186.19
2023-07-12,AMBX,180.16
2023-07-13,AMBX,181.7
2023-07-14,AMBX,184.16
2023-07-17,AMBX,186.85
2023-07-18,AMBX,188.71
2023-07-19,AMBX,184.28
2023-07-20,AMBX,185.33
2023-07-21,AMBX,183.26
2023-07-24,AMBX,189.87
2023-07-25,AMBX,192.91
2023-07-26,AMBX,190.91
2023-07-27,AMBX,201.65
2023-07-28,AMBX,202.28
2023-07-31,AMBX,200.38
2023-08-01,AMBX,200.49
2023-08-02,AMBX,194.49
2023-08-03,AMBX,198.46
2023-08-04,AMBX,197.15
2023-08-07,AMBX,197.77
2023-08-08,AMBX,199.49
2023-08-09,AMBX,205.51
2023-08-10,AMBX,204.74
2023-08-11,AMBX,198.57
2023-08-14,AMBX,198.29
2023-08-15,AMBX,207.91
2023-08-16,AMBX,212.14
2023-08-17,AMBX,210.08
2023-08-18,AMBX,217.43
2023-08-21,AMBX,209.1
2023-08-22,AMBX,201.81
2023-08-23,AMBX,201.18
2023-08-24,AMBX,192.29
2023-08-25,AMBX,189.28
2023-08-28,AMBX,178.48
2023-08-29,AMBX,186.89
2023-08-30,AMBX,179.85
2023-08-31,AMBX,183.13
2023-09-01,AMBX,188.46
2023-09-04,AMBX,178.24
2023-09-05,AMBX,171.95
2023-09-06,AMBX,169.93
2023-09-07,AMBX,169.12
2023-09-08,AMBX,168.61
2023-09-11,AMBX,174.46
2023-09-12,AMBX,175.75
2023-09-13,AMBX,174.81
2023-09-14,AMBX,170.85
2023-09-15,AMBX,177.57
2023-09-18,AMBX,180.03
2023-09-19,AMBX,174.23
2023-09-20,AMBX,166.62
2023-09-21,AMBX,163.64
2023-09-22,AMBX,160.81
2023-09-25,AMBX,161.88
2023-09-26,AMBX,159.66
2023-09-27,AMBX,157.09
2023-09-28,AMBX,158.92
2023-09-29,AMBX,153.55
2023-10-02,AMBX,155.59
2023-10-03,AMBX,158.14
2023-10-04,AMBX,150.91
2023-10-05,AMBX,151.49
2023-10-06,AMBX,153.69
2023-10-09,AMBX,151.14
2023-10-10,AMBX,148.55
2023-10-11,AMBX,148.17
2023-10-12,AMBX,148.86
2023-10-13,AMBX,150.81
2023-10-16,AMBX,150.12
2023-10-17,AMBX,155.5
2023-10-18,AMBX,148.24
2023-10-19,AMBX,145.82
2023-10-20,AMBX,152.95
2023-10-23,AMBX,153.74
2023-10-24,AMBX,163.89
2023-10-25,AMBX,157.49
2023-10-26,AMBX,156.28
2023-10-27,AMBX,149.35
2023-10-30,AMBX,151.79
2023-10-31,AMBX,147.78
2023-11-01,AMBX,145.4
2023-11-02,AMBX,144.3
2023-11-03,AMBX,139.2
2023-11-06,AMBX,144.69
2023-11-07,AMBX,149.12
2023-11-08,AMBX,150.66
2023-11-09,AMBX,148.75
2023-11-10,AMBX,155.43
2023-11-13,AMBX,152.23
2023-11-14,AMBX,155.1
2023-11-15,AMBX,157.18
2023-11-16,AMBX,153.11
2023-11-17,AMBX,153.93
2023-11-20,AMBX,153.35
2023-11-21,AMBX,149.87
2023-11-22,AMBX,154.16
2023-11-23,AMBX,155.7
2023-11-24,AMBX,158.98
2023-11-27,AMBX,154.49
2023-11-28,AMBX,150.61
2023-11-29,AMBX,150.56
2023-11-30,AMBX,153.46
2023-12-01,AMBX,147.58
2023-12-04,AMBX,147.06
2023-12-05,AMBX,139.33
2023-12-06,AMBX,137.42
2023-12-07,AMBX,137.29
2023-12-08,AMBX,136.64
2023-12-11,AMBX,139.09
2023-12-12,AMBX,141.88
2023-12-13,AMBX,137.98
2023-12-14,AMBX,132.94
2023-12-15,AMBX,129.34
2023-12-18,AMBX,127.39
2023-12-19,AMBX,130.73
2023-12-20,AMBX,129.56
2023-12-21,AMBX,124.85
2023-12-22,AMBX,123.17
2023-12-25,AMBX,128.23
2023-12-26,AMBX,125.1
2023-12-27,AMBX,125.22
2023-12-28,AMBX,126.36
2023-12-29,AMBX,125.26
2024-01-01,AMBX,128.33
2024-01-02,AMBX,124.07
2024-01-03,AMBX,120.48
2024-01-04,AMBX,118.08
2024-01-05,AMBX,117.49
2024-01-08,AMBX,120.09
2024-01-09,AMBX,117.57
2024-01-10,AMBX,116.81
2024-01-11,AMBX,122.12
2024-01-12,AMBX,117.88
2024-01-15,AMBX,116.1
2024-01-16,AMBX,116.97
2024-01-17,AMBX,115.11
2024-01-18,AMBX,112.26
2024-01-19,AMBX,113.37
2024-01-22,AMBX,119.44
2024-01-23,AMBX,117.28
2024-01-24,AMBX,118.25
2024-01-25,AMBX,116.6
2024-01-26,AMBX,121.48
2024-01-29,AMBX,116.84
2024-01-30,AMBX,117.09
2024-01-31,AMBX,119.32
2024-02-01,AMBX,120.26
2024-02-02,AMBX,118.55
2024-02-05,AMBX,116.81
2024-02-06,AMBX,117.22
2024-02-07,AMBX,116.3
2024-02-08,AMBX,111.41
2024-02-09,AMBX,109.7
2024-02-12,AMBX,106.99
2024-02-13,AMBX,111.36
2024-02-14,AMBX,114.21
2024-02-15,AMBX,113.42
2024-02-16,AMBX,114.02
2024-02-19,AMBX,116.73
2024-02-20,AMBX,114.89
2024-02-21,AMBX,109.4
2024-02-22,AMBX,104.91
2024-02-23,AMBX,103.18
2024-02-26,AMBX,107.47
2024-02-27,AMBX,107.14
2024-02-28,AMBX,107.19
2024-02-29,AMBX,106.31
2024-03-01,AMBX,104.65
2024-03-04,AMBX,106.36
2024-03-05,AMBX,108.41
2024-03-06,AMBX,111.63
2024-03-07,AMBX,112.23
2024-03-08,AMBX,115.79
2024-03-11,AMBX,110.11
2024-03-12,AMBX,105.29
2024-03-13,AMBX,102.44
2024-03-14,AMBX,103.95
2024-03-15,AMBX,107.23
2024-03-18,AMBX,106.87
2024-03-19,AMBX,109.07
2024-03-20,AMBX,110.45
2024-03-21,AMBX,109.44
2024-03-22,AMBX,108.73
2024-03-25,AMBX,111.43
2024-03-26,AMBX,112.2
2024-03-27,AMBX,113.77
2024-03-28,AMBX,117.79
2024-03-29,AMBX,115.78
2024-04-01,AMBX,114.83
2024-04-02,AMBX,119.14
2024-04-03,AMBX,119.21
2024-04-04,AMBX,117.46
2024-04-05,AMBX,118.04
2024-04-08,AMBX,114.19
2024-04-09,AMBX,112.73
2024-04-10,AMBX,115.92
2024-04-11,AMBX,114.59
2024-04-12,AMBX,111.76
2024-04-15,AMBX,112.6
2024-04-16,AMBX,113.44
2024-04-17,AMBX,112.15
2024-04-18,AMBX,110.89
2024-04-19,AMBX,110.79
2024-04-22,AMBX,108.86
2024-04-23,AMBX,110.14
2024-04-24,AMBX,108.23
2024-04-25,AMBX,109.36
2024-04-26,AMBX,104.95
2024-04-29,AMBX,103.31
2024-04-30,AMBX,101.04
2024-05-01,AMBX,99.44
2024-05-02,AMBX,97.67
2024-05-03,AMBX,95.23
2024-05-06,AMBX,90.79
2024-05-07,AMBX,92.35
2024-05-08,AMBX,91.27
2024-05-09,AMBX,93.88
2024-05-10,AMBX,96.1
2024-05-13,AMBX,95.35
2024-05-14,AMBX,91.94
2024-05-15,AMBX,90.41
2024-05-16,AMBX,89.22
2024-05-17,AMBX,91.33
2024-05-20,AMBX,91.08
2024-05-21,AMBX,90.85
2024-05-22,AMBX,91.91
2024-05-23,AMBX,88.13
2024-05-24,AMBX,88.72
2024-05-27,AMBX,87.05
2024-05-28,AMBX,80.66
2024-05-29,AMBX,83.99
2024-05-30,AMBX,88.48
2024-05-31,AMBX,93.02
2024-06-03,AMBX,93.27
2024-06-04,AMBX,91.97
2024-06-05,AMBX,95.27
2024-06-06,AMBX,94.72
2024-06-07,AMBX,98.08
2024-06-10,AMBX,102.15
2024-06-11,AMBX,98.86
2024-06-12,AMBX,99.13
2024-06-13,AMBX,98.71
2024-06-14,AMBX,97.9
2024-06-17,AMBX,96.28
2024-06-18,AMBX,101.07
2024-06-19,AMBX,100.23
2024-06-20,AMBX,100.22
2024-06-21,AMBX,96.88
2024-06-24,AMBX,94.99
2024-06-25,AMBX,95.55
2024-06-26,AMBX,92.03
2024-06-27,AMBX,92.59
2024-06-28,AMBX,90.4
2024-07-01,AMBX,90.26
2024-07-02,AMBX,90.19
2024-07-03,AMBX,90.9
2024-07-04,AMBX,89.91
2024-07-05,AMBX,88.87
2024-07-08,AMBX,87.44
2024-07-09,AMBX,87.94
2024-07-10,AMBX,90.18
2024-07-11,AMBX,89.44
2024-07-12,AMBX,90.24
2024-07-15,AMBX,93.26
2024-07-16,AMBX,90.42
2024-07-17,AMBX,94.16
2024-07-18,AMBX,99.59
2024-07-19,AMBX,98.48
2024-07-22,AMBX,98.78
2024-07-23,AMBX,97.16
2024-07-24,AMBX,100.24
2024-07-25,AMBX,96.73
2024-07-26,AMBX,101.53
2024-07-29,AMBX,100.69
2024-07-30,AMBX,101.52
2024-07-31,AMBX,100.73
2024-08-01,AMBX,100.49
2024-08-02,AMBX,101.11
2024-08-05,AMBX,102.61
2024-08-06,AMBX,104.6
2024-08-07,AMBX,102.38
2024-08-08,AMBX,103.8
2024-08-09,AMBX,108.74
2024-08-12,AMBX,110.86
2024-08-13,AMBX,111.52
2024-08-14,AMBX,112.33
2024-08-15,AMBX,112.33
2024-08-16,AMBX,111.47
2024-08-19,AMBX,110.71
2024-08-20,AMBX,109.75
2024-08-21,AMBX,110.84
2024-08-22,AMBX,105.65
2024-08-23,AMBX,106.94
2024-08-26,AMBX,102.89
2024-08-27,AMBX,100.74
2024-08-28,AMBX,100.05
2024-08-29,AMBX,101.21
2024-08-30,AMBX,99.19
2024-09-02,AMBX,97.41
2024-09-03,AMBX,98.55
2024-09-04,AMBX,103.81
2024-09-05,AMBX,101.79
2024-09-06,AMBX,106.58
2024-09-09,AMBX,110.0
2024-09-10,AMBX,107.31
2024-09-11,AMBX,110.54
2024-09-12,AMBX,112.28
2024-09-13,AMBX,114.11
2024-09-16,AMBX,116.36
2024-09-17,AMBX,117.01
2024-09-18,AMBX,115.13
2024-09-19,AMBX,107.95
2024-09-20,AMBX,110.27
2024-09-23,AMBX,111.52
2024-09-24,AMBX,112.24
2024-09-25,AMBX,113.51
2024-09-26,AMBX,116.24
2024-09-27,AMBX,117.12
2024-09-30,AMBX,118.89
2024-10-01,AMBX,116.66
2024-10-02,AMBX,119.43
2024-10-03,AMBX,116.83
2024-10-04,AMBX,117.58
2024-10-07,AMBX,118.21
2024-10-08,AMBX,118.97
2024-10-09,AMBX,117.94
2024-10-10,AMBX,118.11
2024-10-11,AMBX,124.36
2024-10-14,AMBX,124.68
2024-10-15,AMBX,127.29
2024-10-16,AMBX,123.18
2024-10-17,AMBX,122.97
2024-10-18,AMBX,123.06
2024-10-21,AMBX,124.81
2024-10-22,AMBX,125.66
2024-10-23,AMBX,120.89
2024-10-24,AMBX,125.02
2024-10-25,AMBX,127.98
2024-10-28,AMBX,127.43
2024-10-29,AMBX,128.06
2024-10-30,AMBX,133.02
2024-10-31,AMBX,130.17
2024-11-01,AMBX,133.1
2024-11-04,AMBX,139.77
2024-11-05,AMBX,138.35
2024-11-06,AMBX,141.89
2024-11-07,AMBX,143.22
2024-11-08,AMBX,146.67
2024-11-11,AMBX,149.52
2024-11-12,AMBX,147.16
2024-11-13,AMBX,148.92
2024-11-14,AMBX,144.95
2024-11-15,AMBX,140.93
2024-11-18,AMBX,141.51
2024-11-19,AMBX,142.24
2024-11-20,AMBX,144.88
2024-11-21,AMBX,143.06
2024-11-22,AMBX,143.35
2024-11-25,AMBX,141.72
2024-11-26,AMBX,139.06
2024-11-27,AMBX,141.17
2024-11-28,AMBX,141.93
2024-11-29,AMBX,144.45
2024-12-02,AMBX,142.34
2024-12-03,AMBX,144.59
2024-12-04,AMBX,151.35
2024-12-05,AMBX,151.47
2024-12-06,AMBX,151.86
2024-12-09,AMBX,148.87
2024-12-10,AMBX,147.51
2024-12-11,AMBX,145.88
2024-12-12,AMBX,148.73
2024-12-13,AMBX,148.1
2024-12-16,AMBX,144.95
2024-12-17,AMBX,149.73
2024-12-18,AMBX,146.8
2024-12-19,AMBX,140.71
2024-12-20,AMBX,137.51
2024-12-23,AMBX,134.27
2024-12-24,AMBX,136.55
2024-12-25,AMBX,132.91
2024-12-26,AMBX,130.27
2024-12-27,AMBX,132.73
2024-12-30,AMBX,127.22
2024-12-31,AMBX,127.43
